label,species,id,gc3,cai,gc
Smu_UA159,S. mutans,SMU_RS00005,0.2251655629139073,0.5380378865092362,0.33480500367917587
Smu_UA159,S. mutans,SMU_RS00010,0.19788918205804748,0.6016157758506505,0.3280562884784521
Smu_UA159,S. mutans,SMU_RS00020,0.19086021505376344,0.6209406550999277,0.36917562724014336
Smu_UA159,S. mutans,SMU_RS00025,0.2,0.6071587119623221,0.30701754385964913
Smu_UA159,S. mutans,SMU_RS00030,0.17753001715265868,0.5791065750797876,0.3184676958261864
Smu_UA159,S. mutans,SMU_RS00040,0.1693548387096774,0.645180355868564,0.27419354838709675
Smu_UA159,S. mutans,SMU_RS00050,0.2111650485436893,0.5154465963295131,0.3163430420711974
Smu_UA159,S. mutans,SMU_RS00055,0.2240566037735849,0.489234165432108,0.30424528301886794
Smu_UA159,S. mutans,SMU_RS00060,0.2430939226519337,0.585558835322792,0.3370165745856354
Smu_UA159,S. mutans,SMU_RS00065,0.2070015220700152,0.6191574626053481,0.3815322171486555
Smu_UA159,S. mutans,SMU_RS00070,0.2033898305084746,0.5547107286673035,0.3312146892655367
Smu_UA159,S. mutans,SMU_RS00180,0.2087912087912088,0.5242389094893546,0.315018315018315
Smu_UA159,S. mutans,SMU_RS00185,0.1952662721893491,0.5427055177652843,0.25443786982248523
Smu_UA159,S. mutans,SMU_RS00190,0.1597222222222222,0.6682754773272228,0.41435185185185186
Smu_UA159,S. mutans,SMU_RS00195,0.20123839009287925,0.5992279441583401,0.3632610939112487
Smu_UA159,S. mutans,SMU_RS00200,0.24744897959183673,0.5623609571384839,0.36904761904761907
Smu_UA159,S. mutans,SMU_RS00205,0.2222222222222222,0.6028862097165315,0.3201058201058201
Smu_UA159,S. mutans,SMU_RS00210,0.21621621621621623,0.5698599967173796,0.3843843843843844
Smu_UA159,S. mutans,SMU_RS00220,0.26804123711340205,0.4849268497994853,0.3797250859106529
Smu_UA159,S. mutans,SMU_RS00225,0.2838983050847458,0.5829201833413468,0.346045197740113
Smu_UA159,S. mutans,SMU_RS00230,0.35829307568438,0.5497055156067657,0.4363929146537842
Smu_UA159,S. mutans,SMU_RS00235,0.23671497584541062,0.44657457728445743,0.3059581320450886
Smu_UA159,S. mutans,SMU_RS00240,0.3958333333333333,0.5051166200505915,0.4527777777777778
Smu_UA159,S. mutans,SMU_RS00245,0.2222222222222222,0.4612664804383739,0.3477366255144033
Smu_UA159,S. mutans,SMU_RS00250,0.44868035190615835,0.4915206357160091,0.47409579667644186
Smu_UA159,S. mutans,SMU_RS00255,0.40540540540540543,0.48736718303245524,0.44504504504504505
Smu_UA159,S. mutans,SMU_RS00260,0.288135593220339,0.4787829735884908,0.3742937853107345
Smu_UA159,S. mutans,SMU_RS00265,0.42054263565891475,0.5163098732946574,0.46705426356589147
Smu_UA159,S. mutans,SMU_RS00270,0.39226519337016574,0.43792307328257685,0.3775322283609576
Smu_UA159,S. mutans,SMU_RS00275,0.3764705882352941,0.44514919302798167,0.3509803921568627
Smu_UA159,S. mutans,SMU_RS00285,0.31399317406143346,0.48481250580883756,0.3321956769055745
Smu_UA159,S. mutans,SMU_RS00290,0.22391304347826088,0.46526310252349323,0.29057971014492756
Smu_UA159,S. mutans,SMU_RS00300,0.16981132075471697,0.5220829623761722,0.2720125786163522
Smu_UA159,S. mutans,SMU_RS00305,0.17733990147783252,0.42956785091140015,0.27586206896551724
Smu_UA159,S. mutans,SMU_RS00310,0.5547619047619048,0.38167533275528903,0.5111111111111111
Smu_UA159,S. mutans,SMU_RS00315,0.30710659898477155,0.411929915462517,0.3993231810490694
Smu_UA159,S. mutans,SMU_RS00320,0.5276073619631901,0.41585513143681535,0.5214723926380368
Smu_UA159,S. mutans,SMU_RS00325,0.5851648351648352,0.3716948666076401,0.5137362637362637
Smu_UA159,S. mutans,SMU_RS00330,0.22522522522522523,0.4083599808452828,0.3123123123123123
Smu_UA159,S. mutans,SMU_RS00340,0.5151515151515151,0.426756144472956,0.46320346320346323
Smu_UA159,S. mutans,SMU_RS00360,0.22916666666666666,0.4069160152706285,0.2824074074074074
Smu_UA159,S. mutans,SMU_RS00365,0.5519630484988453,0.42331891607376865,0.49037721324095457
Smu_UA159,S. mutans,SMU_RS00370,0.4366812227074236,0.4148121578351735,0.4148471615720524
Smu_UA159,S. mutans,SMU_RS00375,0.29508196721311475,0.46349984120798465,0.33224043715846996
Smu_UA159,S. mutans,SMU_RS00380,0.2931596091205212,0.5482032206059482,0.3963083604777416
Smu_UA159,S. mutans,SMU_RS00385,0.32228915662650603,0.48951066284385497,0.4186746987951807
Smu_UA159,S. mutans,SMU_RS00390,0.33098591549295775,0.4707036766629222,0.38967136150234744
Smu_UA159,S. mutans,SMU_RS00395,0.3046875,0.4673763204815799,0.3619791666666667
Smu_UA159,S. mutans,SMU_RS00400,0.3082077051926298,0.5010167071855406,0.3774427694025684
Smu_UA159,S. mutans,SMU_RS00405,0.26262626262626265,0.5513744731673976,0.38922558922558925
Smu_UA159,S. mutans,SMU_RS00410,0.2857142857142857,0.4365986112346103,0.38556067588325654
Smu_UA159,S. mutans,SMU_RS00420,0.3273542600896861,0.526686512182866,0.43647234678624813
Smu_UA159,S. mutans,SMU_RS00425,0.28270042194092826,0.466221585893953,0.4050632911392405
Smu_UA159,S. mutans,SMU_RS00430,0.3,0.502254314363223,0.38133333333333336
Smu_UA159,S. mutans,SMU_RS00435,0.28061224489795916,0.48104629297403884,0.3673469387755102
Smu_UA159,S. mutans,SMU_RS00440,0.2984550561797753,0.557376694523836,0.39396067415730335
Smu_UA159,S. mutans,SMU_RS00445,0.3096153846153846,0.5102909455589143,0.36923076923076925
Smu_UA159,S. mutans,SMU_RS00450,0.2811594202898551,0.46226386002841396,0.3681159420289855
Smu_UA159,S. mutans,SMU_RS00455,0.3,0.5277776080157094,0.4074074074074074
Smu_UA159,S. mutans,SMU_RS00460,0.24143556280587275,0.684518501952362,0.4061990212071778
Smu_UA159,S. mutans,SMU_RS00465,0.25396825396825395,0.5934132225559705,0.41887125220458554
Smu_UA159,S. mutans,SMU_RS00470,0.328,0.4423287168855597,0.4093333333333333
Smu_UA159,S. mutans,SMU_RS00475,0.2734375,0.49306275832234797,0.3841145833333333
Smu_UA159,S. mutans,SMU_RS00480,0.2838709677419355,0.5102625156405772,0.3720430107526882
Smu_UA159,S. mutans,SMU_RS00485,0.30851063829787234,0.44035663267720293,0.42730496453900707
Smu_UA159,S. mutans,SMU_RS00490,0.28321678321678323,0.46599860221300116,0.3682983682983683
Smu_UA159,S. mutans,SMU_RS00495,0.35185185185185186,0.5859982169789499,0.37037037037037035
Smu_UA159,S. mutans,SMU_RS00500,0.22897196261682243,0.6838338852454519,0.382398753894081
Smu_UA159,S. mutans,SMU_RS00505,0.22564102564102564,0.6139424294274982,0.36752136752136755
Smu_UA159,S. mutans,SMU_RS00510,0.23649906890130354,0.615416754593646,0.39106145251396646
Smu_UA159,S. mutans,SMU_RS00520,0.21428571428571427,0.7943086495833465,0.4036281179138322
Smu_UA159,S. mutans,SMU_RS00525,0.2804878048780488,0.45923094275777354,0.32113821138211385
Smu_UA159,S. mutans,SMU_RS00530,0.22556390977443608,0.5230150863011443,0.33959899749373434
Smu_UA159,S. mutans,SMU_RS00535,0.27472527472527475,0.5258874249581096,0.34554334554334554
Smu_UA159,S. mutans,SMU_RS00540,0.2536231884057971,0.41564445279665785,0.3357487922705314
Smu_UA159,S. mutans,SMU_RS00545,0.24316939890710382,0.4452291448542948,0.3465391621129326
Smu_UA159,S. mutans,SMU_RS00550,0.26126126126126126,0.4660227495850654,0.34234234234234234
Smu_UA159,S. mutans,SMU_RS00580,0.23693379790940766,0.482993254700215,0.2961672473867596
Smu_UA159,S. mutans,SMU_RS00585,0.3,0.4638154078764902,0.348
Smu_UA159,S. mutans,SMU_RS00590,0.27009646302250806,0.46960421905017735,0.3654876741693462
Smu_UA159,S. mutans,SMU_RS00595,0.2633832976445396,0.5435768055008277,0.4132762312633833
Smu_UA159,S. mutans,SMU_RS00600,0.2847682119205298,0.43702056287286667,0.33774834437086093
Smu_UA159,S. mutans,SMU_RS00605,0.2909090909090909,0.5530798370182732,0.4080808080808081
Smu_UA159,S. mutans,SMU_RS00610,0.2942477876106195,0.4361495924437812,0.3392330383480826
Smu_UA159,S. mutans,SMU_RS00615,0.34519572953736655,0.4539997359912706,0.41874258600237246
Smu_UA159,S. mutans,SMU_RS00620,0.3646112600536193,0.48066837783926486,0.45576407506702415
Smu_UA159,S. mutans,SMU_RS00630,0.327313769751693,0.45911191952742353,0.3799849510910459
Smu_UA159,S. mutans,SMU_RS00635,0.33628922237380626,0.4972786107045723,0.40268303774442926
Smu_UA159,S. mutans,SMU_RS00640,0.32867132867132864,0.47476872832177136,0.3986013986013986
Smu_UA159,S. mutans,SMU_RS00645,0.25405405405405407,0.5225228080507178,0.4
Smu_UA159,S. mutans,SMU_RS00650,0.26506024096385544,0.6078347827320445,0.39457831325301207
Smu_UA159,S. mutans,SMU_RS00655,0.30120481927710846,0.5373467171775954,0.41967871485943775
Smu_UA159,S. mutans,SMU_RS00660,0.3267543859649123,0.5333087644604573,0.4152046783625731
Smu_UA159,S. mutans,SMU_RS00665,0.30412371134020616,0.5740002597405136,0.4261168384879725
Smu_UA159,S. mutans,SMU_RS00670,0.32727272727272727,0.5008063725146853,0.38585858585858585
Smu_UA159,S. mutans,SMU_RS00675,0.3113456464379947,0.5188473670885811,0.4133685136323659
Smu_UA159,S. mutans,SMU_RS00680,0.36989247311827955,0.43675951988627243,0.3835125448028674
Smu_UA159,S. mutans,SMU_RS00685,0.3317307692307692,0.4786932109966385,0.33814102564102566
Smu_UA159,S. mutans,SMU_RS00690,0.3053691275167785,0.46465781603888745,0.34116331096196867
Smu_UA159,S. mutans,SMU_RS00695,0.2966101694915254,0.4998489746381424,0.3220338983050847
Smu_UA159,S. mutans,SMU_RS00700,0.4066543438077634,0.5537179583356212,0.44978434996919286
Smu_UA159,S. mutans,SMU_RS00705,0.4603174603174603,0.4113170120317217,0.43492063492063493
Smu_UA159,S. mutans,SMU_RS00710,0.42278481012658226,0.46996896711023156,0.46329113924050636
Smu_UA159,S. mutans,SMU_RS00715,0.4185022026431718,0.3864819068454481,0.4588839941262849
Smu_UA159,S. mutans,SMU_RS00720,0.39166666666666666,0.3954428506009405,0.40555555555555556
Smu_UA159,S. mutans,SMU_RS00725,0.35121951219512193,0.5147053806196534,0.4016260162601626
Smu_UA159,S. mutans,SMU_RS00730,0.30092592592592593,0.4785153417783428,0.3595679012345679
Smu_UA159,S. mutans,SMU_RS00735,0.3493670886075949,0.383413061212879,0.3856540084388186
Smu_UA159,S. mutans,SMU_RS00740,0.2932584269662921,0.6190141439764903,0.4205992509363296
Smu_UA159,S. mutans,SMU_RS00760,0.34285714285714286,0.3759061239308982,0.3404761904761905
Smu_UA159,S. mutans,SMU_RS00765,0.3592233009708738,0.33744105577864975,0.3883495145631068
Smu_UA159,S. mutans,SMU_RS00775,0.31326949384404923,0.5568588519120886,0.43000455996352027
Smu_UA159,S. mutans,SMU_RS00780,0.2631578947368421,0.5490525811332196,0.33873144399460187
Smu_UA159,S. mutans,SMU_RS00785,0.3106796116504854,0.5435720422168626,0.45145631067961167
Smu_UA159,S. mutans,SMU_RS00790,0.27901785714285715,0.6103439022732394,0.38318452380952384
Smu_UA159,S. mutans,SMU_RS00795,0.42142857142857143,0.45247131677896785,0.4119047619047619
Smu_UA159,S. mutans,SMU_RS00800,0.4105960264900662,0.4435449053247825,0.4282560706401766
Smu_UA159,S. mutans,SMU_RS00805,0.3813559322033898,0.43296284318968586,0.3968926553672316
Smu_UA159,S. mutans,SMU_RS00810,0.29003021148036257,0.46957205050999495,0.3595166163141994
Smu_UA159,S. mutans,SMU_RS00815,0.3891891891891892,0.41553727613239416,0.3963963963963964
Smu_UA159,S. mutans,SMU_RS00820,0.3092369477911647,0.4969326379790834,0.39357429718875503
Smu_UA159,S. mutans,SMU_RS00825,0.2961672473867596,0.4646428113236812,0.41114982578397213
Smu_UA159,S. mutans,SMU_RS00830,0.3430232558139535,0.48060510107700766,0.3624031007751938
Smu_UA159,S. mutans,SMU_RS00835,0.2684563758389262,0.5374184552268565,0.3512304250559284
Smu_UA159,S. mutans,SMU_RS00845,0.2483221476510067,0.6975062754666385,0.39149888143176736
Smu_UA159,S. mutans,SMU_RS00850,0.2366412213740458,0.704765581896126,0.45038167938931295
Smu_UA159,S. mutans,SMU_RS00860,0.3063063063063063,0.45017356721185,0.35435435435435436
Smu_UA159,S. mutans,SMU_RS00865,0.26136363636363635,0.44794960735628336,0.3383838383838384
Smu_UA159,S. mutans,SMU_RS00875,0.28992628992628994,0.4505253968548712,0.33906633906633904
Smu_UA159,S. mutans,SMU_RS00880,0.303886925795053,0.5362181806566281,0.3404004711425206
Smu_UA159,S. mutans,SMU_RS00885,0.3383084577114428,0.5123547410194245,0.4361525704809287
Smu_UA159,S. mutans,SMU_RS00890,0.32587064676616917,0.4883243080566655,0.42412935323383083
Smu_UA159,S. mutans,SMU_RS00895,0.2822822822822823,0.49609598860538057,0.3983983983983984
Smu_UA159,S. mutans,SMU_RS00900,0.2821576763485477,0.5131878623178776,0.3499308437067773
Smu_UA159,S. mutans,SMU_RS00905,0.32857142857142857,0.4858818170748235,0.3630952380952381
Smu_UA159,S. mutans,SMU_RS00910,0.26058631921824105,0.5491895307528392,0.34201954397394135
Smu_UA159,S. mutans,SMU_RS00915,0.3119266055045872,0.4744739127382353,0.37003058103975534
Smu_UA159,S. mutans,SMU_RS00920,0.3159509202453988,0.5387796484701485,0.4212678936605317
Smu_UA159,S. mutans,SMU_RS00925,0.3024054982817869,0.534081362362183,0.4032073310423826
Smu_UA159,S. mutans,SMU_RS01010,0.17402597402597403,0.49105476082462546,0.28484848484848485
Smu_UA159,S. mutans,SMU_RS01030,0.2568306010928962,0.5377463725343424,0.40528233151183973
Smu_UA159,S. mutans,SMU_RS01035,0.2657601977750309,0.5364295132191519,0.36093943139678614
Smu_UA159,S. mutans,SMU_RS01040,0.2240566037735849,0.547734340991879,0.32272012578616355
Smu_UA159,S. mutans,SMU_RS01045,0.2440944881889764,0.5107885229628674,0.29396325459317585
Smu_UA159,S. mutans,SMU_RS01055,0.20489296636085627,0.5475781652406407,0.30173292558613657
Smu_UA159,S. mutans,SMU_RS01060,0.2721518987341772,0.4241914953673597,0.36075949367088606
Smu_UA159,S. mutans,SMU_RS01070,0.3358208955223881,0.4358996105345908,0.35074626865671643
Smu_UA159,S. mutans,SMU_RS01075,0.27007299270072993,0.4578430951956899,0.34306569343065696
Smu_UA159,S. mutans,SMU_RS01080,0.24347826086956523,0.5664632496363844,0.3507246376811594
Smu_UA159,S. mutans,SMU_RS01085,0.176056338028169,0.6599158247986816,0.3474178403755869
Smu_UA159,S. mutans,SMU_RS01090,0.22115384615384615,0.5220876650699146,0.358974358974359
Smu_UA159,S. mutans,SMU_RS01095,0.22297297297297297,0.4271590266030132,0.30405405405405406
Smu_UA159,S. mutans,SMU_RS01105,0.17475728155339806,0.6127368636663584,0.30097087378640774
Smu_UA159,S. mutans,SMU_RS01115,0.24778761061946902,0.5133047239603795,0.30678466076696165
Smu_UA159,S. mutans,SMU_RS01120,0.19318181818181818,0.5002693081124713,0.3106060606060606
Smu_UA159,S. mutans,SMU_RS01125,0.211864406779661,0.48485774966466444,0.3418079096045198
Smu_UA159,S. mutans,SMU_RS01130,0.2847222222222222,0.5311207019429802,0.2824074074074074
Smu_UA159,S. mutans,SMU_RS01140,0.19205298013245034,0.6095354873040145,0.2781456953642384
Smu_UA159,S. mutans,SMU_RS01170,0.28191489361702127,0.4615968557420593,0.32269503546099293
Smu_UA159,S. mutans,SMU_RS01175,0.28688524590163933,0.5802368767229715,0.35792349726775957
Smu_UA159,S. mutans,SMU_RS01180,0.24820143884892087,0.5745707552105891,0.3902877697841727
Smu_UA159,S. mutans,SMU_RS01185,0.24295774647887325,0.5671951997125676,0.38204225352112675
Smu_UA159,S. mutans,SMU_RS01190,0.3105590062111801,0.4697693033309907,0.40165631469979296
Smu_UA159,S. mutans,SMU_RS01195,0.22580645161290322,0.704073302340311,0.3939393939393939
Smu_UA159,S. mutans,SMU_RS01200,0.2182254196642686,0.6142864733726825,0.381294964028777
Smu_UA159,S. mutans,SMU_RS01205,0.26013513513513514,0.5624085750158612,0.37274774774774777
Smu_UA159,S. mutans,SMU_RS01210,0.2897196261682243,0.5352228817062139,0.3364485981308411
Smu_UA159,S. mutans,SMU_RS01215,0.3161764705882353,0.47761250606192207,0.3758169934640523
Smu_UA159,S. mutans,SMU_RS01220,0.2791666666666667,0.5164791685264524,0.3819444444444444
Smu_UA159,S. mutans,SMU_RS01225,0.3299492385786802,0.4533449400029372,0.3096446700507614
Smu_UA159,S. mutans,SMU_RS01230,0.3643724696356275,0.4975692290163274,0.4008097165991903
Smu_UA159,S. mutans,SMU_RS01235,0.34555984555984554,0.5185842280247271,0.39510939510939513
Smu_UA159,S. mutans,SMU_RS01240,0.3391167192429022,0.4729903559765153,0.38853838065194535
Smu_UA159,S. mutans,SMU_RS01245,0.34397163120567376,0.4716039881294074,0.3829787234042553
Smu_UA159,S. mutans,SMU_RS01250,0.33195020746887965,0.4873541158237206,0.3651452282157676
Smu_UA159,S. mutans,SMU_RS01255,0.2868217054263566,0.5012786670941725,0.3643410852713178
Smu_UA159,S. mutans,SMU_RS01260,0.3151750972762646,0.5482102592581839,0.4033722438391699
Smu_UA159,S. mutans,SMU_RS01265,0.31116389548693585,0.5205014718833152,0.41330166270783847
Smu_UA159,S. mutans,SMU_RS01270,0.2707317073170732,0.5588768540147999,0.3943089430894309
Smu_UA159,S. mutans,SMU_RS01275,0.2689655172413793,0.5065939668355716,0.3839080459770115
Smu_UA159,S. mutans,SMU_RS01280,0.2775423728813559,0.5788741916680124,0.3891242937853107
Smu_UA159,S. mutans,SMU_RS01285,0.32170542635658916,0.4293911924007397,0.35917312661498707
Smu_UA159,S. mutans,SMU_RS01290,0.3164251207729469,0.5089245976768593,0.37681159420289856
Smu_UA159,S. mutans,SMU_RS01295,0.30727272727272725,0.5692991627718803,0.3896969696969697
Smu_UA159,S. mutans,SMU_RS01300,0.32131147540983607,0.49366396973204046,0.3879781420765027
Smu_UA159,S. mutans,SMU_RS01305,0.27325581395348836,0.4851196613208903,0.374031007751938
Smu_UA159,S. mutans,SMU_RS01310,0.33903133903133903,0.5199973651101816,0.41500474833808165
Smu_UA159,S. mutans,SMU_RS01315,0.28802588996763756,0.5170995443146976,0.3807982740021575
Smu_UA159,S. mutans,SMU_RS01320,0.25870646766169153,0.577880803629302,0.3913764510779436
Smu_UA159,S. mutans,SMU_RS01325,0.322884012539185,0.504990750148441,0.31452455590386624
Smu_UA159,S. mutans,SMU_RS01330,0.2911764705882353,0.5050340264834587,0.3784313725490196
Smu_UA159,S. mutans,SMU_RS01335,0.2803532008830022,0.5075785856068287,0.35908756438557765
Smu_UA159,S. mutans,SMU_RS01340,0.2945945945945946,0.5435376469648525,0.4072072072072072
Smu_UA159,S. mutans,SMU_RS01345,0.24290220820189273,0.479348399721217,0.3890641430073607
Smu_UA159,S. mutans,SMU_RS01350,0.3619791666666667,0.4732910180022325,0.3940972222222222
Smu_UA159,S. mutans,SMU_RS01355,0.27209302325581397,0.5568981851045154,0.40930232558139534
Smu_UA159,S. mutans,SMU_RS01360,0.3333333333333333,0.5683707849367913,0.40809327846364885
Smu_UA159,S. mutans,SMU_RS01370,0.2716049382716049,0.5278367624025665,0.4074074074074074
Smu_UA159,S. mutans,SMU_RS01375,0.32432432432432434,0.5601877141009314,0.43843843843843844
Smu_UA159,S. mutans,SMU_RS01380,0.34375,0.5542668879066591,0.41087962962962965
Smu_UA159,S. mutans,SMU_RS01385,0.3291139240506329,0.5657508968798028,0.43741209563994377
Smu_UA159,S. mutans,SMU_RS01420,0.3088235294117647,0.33052845526551616,0.3235294117647059
Smu_UA159,S. mutans,SMU_RS01425,0.3731931668856767,0.4442240458059014,0.3854577310556286
Smu_UA159,S. mutans,SMU_RS01430,0.30564784053156147,0.5246963226204224,0.327796234772979
Smu_UA159,S. mutans,SMU_RS01435,0.2751798561151079,0.48875048204168126,0.3405275779376499
Smu_UA159,S. mutans,SMU_RS01440,0.33791208791208793,0.641987408326612,0.3965201465201465
Smu_UA159,S. mutans,SMU_RS01445,0.2534142640364188,0.6326835202892364,0.4253920080930703
Smu_UA159,S. mutans,SMU_RS01450,0.3560371517027864,0.4143115204199524,0.38596491228070173
Smu_UA159,S. mutans,SMU_RS01455,0.3333333333333333,0.42957676326851724,0.38011695906432746
Smu_UA159,S. mutans,SMU_RS01460,0.4304635761589404,0.40568391307068086,0.3818984547461369
Smu_UA159,S. mutans,SMU_RS01465,0.3984375,0.44018040784211265,0.3776041666666667
Smu_UA159,S. mutans,SMU_RS01470,0.40615384615384614,0.4249949437440865,0.4153846153846154
Smu_UA159,S. mutans,SMU_RS01475,0.35267349260523323,0.48547800886997416,0.40273037542662116
Smu_UA159,S. mutans,SMU_RS01480,0.2727272727272727,0.4559293619553609,0.3822843822843823
Smu_UA159,S. mutans,SMU_RS01490,0.33858267716535434,0.4660968128532168,0.4216972878390201
Smu_UA159,S. mutans,SMU_RS01495,0.34574468085106386,0.42928439005134433,0.38652482269503546
Smu_UA159,S. mutans,SMU_RS01500,0.3224852071005917,0.449259692384231,0.3520710059171598
Smu_UA159,S. mutans,SMU_RS01505,0.3436293436293436,0.5027350109972768,0.4272844272844273
Smu_UA159,S. mutans,SMU_RS01510,0.3375796178343949,0.4409508189850529,0.4182590233545648
Smu_UA159,S. mutans,SMU_RS01515,0.3723404255319149,0.4256090058591426,0.3776595744680851
Smu_UA159,S. mutans,SMU_RS01525,0.25555555555555554,0.634915300934074,0.39555555555555555
Smu_UA159,S. mutans,SMU_RS01530,0.29213483146067415,0.5109089929389292,0.4282147315855181
Smu_UA159,S. mutans,SMU_RS01535,0.2717041800643087,0.48113853269546963,0.3408360128617363
Smu_UA159,S. mutans,SMU_RS01540,0.27607361963190186,0.4388257477673213,0.3496932515337423
Smu_UA159,S. mutans,SMU_RS01545,0.35911602209944754,0.46771991969692844,0.3996316758747698
Smu_UA159,S. mutans,SMU_RS01550,0.24629080118694363,0.5996707903416668,0.4035608308605341
Smu_UA159,S. mutans,SMU_RS01555,0.22131147540983606,0.596551022678374,0.366120218579235
Smu_UA159,S. mutans,SMU_RS01565,0.3605150214592275,0.5298441299880199,0.4592274678111588
Smu_UA159,S. mutans,SMU_RS01570,0.30238726790450926,0.5253152378375047,0.40495137046861185
Smu_UA159,S. mutans,SMU_RS01575,0.2681564245810056,0.5453730921787708,0.35567970204841715
Smu_UA159,S. mutans,SMU_RS01580,0.29910714285714285,0.4852088169489398,0.37202380952380953
Smu_UA159,S. mutans,SMU_RS01585,0.23452768729641693,0.6181504983329044,0.3789359391965255
Smu_UA159,S. mutans,SMU_RS01590,0.3264705882352941,0.5028163315323091,0.4196078431372549
Smu_UA159,S. mutans,SMU_RS01595,0.25675675675675674,0.5681884642088532,0.40540540540540543
Smu_UA159,S. mutans,SMU_RS01600,0.3057324840764331,0.44864762662858454,0.3842887473460722
Smu_UA159,S. mutans,SMU_RS01605,0.32548179871520344,0.44862952816665586,0.41755888650963596
Smu_UA159,S. mutans,SMU_RS01610,0.24848484848484848,0.5010854720009489,0.397979797979798
Smu_UA159,S. mutans,SMU_RS01615,0.29831932773109243,0.5101273814896116,0.40896358543417366
Smu_UA159,S. mutans,SMU_RS01620,0.30864197530864196,0.6121026249784692,0.39711934156378603
Smu_UA159,S. mutans,SMU_RS01625,0.36,0.47493595950171313,0.3942857142857143
Smu_UA159,S. mutans,SMU_RS01630,0.26229508196721313,0.4995574577355813,0.34790528233151186
Smu_UA159,S. mutans,SMU_RS01635,0.22572815533980584,0.5774429477436925,0.35841423948220064
Smu_UA159,S. mutans,SMU_RS01640,0.23173803526448364,0.6078202933208623,0.38623005877413935
Smu_UA159,S. mutans,SMU_RS01645,0.30585683297180044,0.55032759361434,0.3926247288503254
Smu_UA159,S. mutans,SMU_RS01650,0.2,0.4938565039579056,0.34444444444444444
Smu_UA159,S. mutans,SMU_RS01655,0.3602941176470588,0.44070066338778385,0.38357843137254904
Smu_UA159,S. mutans,SMU_RS01660,0.23839009287925697,0.5410087160375828,0.35810113519091846
Smu_UA159,S. mutans,SMU_RS01665,0.2885572139303483,0.4874051058177659,0.31840796019900497
Smu_UA159,S. mutans,SMU_RS01675,0.46332046332046334,0.4455546613225492,0.4568854568854569
Smu_UA159,S. mutans,SMU_RS01680,0.387434554973822,0.46889660392880644,0.42408376963350786
Smu_UA159,S. mutans,SMU_RS01685,0.3735632183908046,0.3392615384892413,0.3831417624521073
Smu_UA159,S. mutans,SMU_RS01695,0.44761904761904764,0.3808510880424279,0.3904761904761905
Smu_UA159,S. mutans,SMU_RS01700,0.375609756097561,0.4410242212899567,0.4292682926829268
Smu_UA159,S. mutans,SMU_RS01705,0.3087248322147651,0.4717683218645733,0.38478747203579416
Smu_UA159,S. mutans,SMU_RS01710,0.5034246575342466,0.42107779904128195,0.4589041095890411
Smu_UA159,S. mutans,SMU_RS01715,0.45925925925925926,0.40981347748954355,0.41975308641975306
Smu_UA159,S. mutans,SMU_RS01730,0.24398625429553264,0.4307483683386387,0.35624284077892326
Smu_UA159,S. mutans,SMU_RS01735,0.2590909090909091,0.5900687424830604,0.38484848484848483
Smu_UA159,S. mutans,SMU_RS01740,0.2938388625592417,0.4956906818012292,0.3617693522906793
Smu_UA159,S. mutans,SMU_RS01745,0.28,0.4955003338520985,0.3537254901960784
Smu_UA159,S. mutans,SMU_RS01750,0.2755417956656347,0.5643985139754437,0.3735810113519092
Smu_UA159,S. mutans,SMU_RS01755,0.2757352941176471,0.5130702902480534,0.37254901960784315
Smu_UA159,S. mutans,SMU_RS01760,0.2028985507246377,0.6953164423183948,0.4082125603864734
Smu_UA159,S. mutans,SMU_RS01765,0.21656050955414013,0.7454997565376313,0.42250530785562634
Smu_UA159,S. mutans,SMU_RS01770,0.23631123919308358,0.71581868342203,0.4058597502401537
Smu_UA159,S. mutans,SMU_RS01775,0.20118343195266272,0.7926586032456514,0.39546351084812625
Smu_UA159,S. mutans,SMU_RS01780,0.21804511278195488,0.7306190246276082,0.3993316624895572
Smu_UA159,S. mutans,SMU_RS01785,0.2254335260115607,0.5096487817079582,0.325626204238921
Smu_UA159,S. mutans,SMU_RS01790,0.28225806451612906,0.45339671492004885,0.40053763440860213
Smu_UA159,S. mutans,SMU_RS01795,0.23162583518930957,0.6682960272512884,0.38084632516703787
Smu_UA159,S. mutans,SMU_RS01800,0.2795484727755644,0.5697939093921045,0.40460380699424525
Smu_UA159,S. mutans,SMU_RS01805,0.29018789144050106,0.5474586545429656,0.42727905358385526
Smu_UA159,S. mutans,SMU_RS01810,0.25943396226415094,0.594575669604531,0.42924528301886794
Smu_UA159,S. mutans,SMU_RS01815,0.30124777183600715,0.5260001949239186,0.40344622697563876
Smu_UA159,S. mutans,SMU_RS01825,0.2872340425531915,0.44297198751672984,0.375886524822695
Smu_UA159,S. mutans,SMU_RS01830,0.3403361344537815,0.4734789416568011,0.3711484593837535
Smu_UA159,S. mutans,SMU_RS01835,0.26804123711340205,0.5330785284956923,0.2929553264604811
Smu_UA159,S. mutans,SMU_RS01840,0.25806451612903225,0.4961874099557765,0.3118279569892473
Smu_UA159,S. mutans,SMU_RS01845,0.3037974683544304,0.46801170858028174,0.33755274261603374
Smu_UA159,S. mutans,SMU_RS01850,0.3069306930693069,0.47372187698240736,0.3025302530253025
Smu_UA159,S. mutans,SMU_RS01855,0.27602905569007263,0.47706794271250125,0.33252623083131555
Smu_UA159,S. mutans,SMU_RS01865,0.42857142857142855,0.38849554756169946,0.4053156146179402
Smu_UA159,S. mutans,SMU_RS01870,0.3653250773993808,0.4136383646994241,0.4004127966976264
Smu_UA159,S. mutans,SMU_RS01875,0.3008595988538682,0.4865510839718664,0.40114613180515757
Smu_UA159,S. mutans,SMU_RS01880,0.28104575163398693,0.3985898084216863,0.37037037037037035
Smu_UA159,S. mutans,SMU_RS01885,0.3318777292576419,0.43642993419032644,0.4163027656477438
Smu_UA159,S. mutans,SMU_RS01890,0.27586206896551724,0.43400020520345867,0.35402298850574715
Smu_UA159,S. mutans,SMU_RS01895,0.26706231454005935,0.5236314465292279,0.42037586547972305
Smu_UA159,S. mutans,SMU_RS01900,0.2875536480686695,0.49068037760801675,0.3676680972818312
Smu_UA159,S. mutans,SMU_RS01905,0.3333333333333333,0.40642118097737573,0.36419753086419754
Smu_UA159,S. mutans,SMU_RS01910,0.352112676056338,0.4523469937525073,0.36619718309859156
Smu_UA159,S. mutans,SMU_RS01915,0.32225063938618925,0.4920855958199034,0.40153452685422
Smu_UA159,S. mutans,SMU_RS01920,0.25,0.5820008500743751,0.3546511627906977
Smu_UA159,S. mutans,SMU_RS01925,0.28,0.5980219381931733,0.36
Smu_UA159,S. mutans,SMU_RS01930,0.31752305665349145,0.5023370273834945,0.3759332454984629
Smu_UA159,S. mutans,SMU_RS01935,0.28620689655172415,0.5626024106872968,0.4057471264367816
Smu_UA159,S. mutans,SMU_RS01940,0.25296442687747034,0.5303348686479457,0.34782608695652173
Smu_UA159,S. mutans,SMU_RS01945,0.29652996845425866,0.5032077747321224,0.3659305993690852
Smu_UA159,S. mutans,SMU_RS01950,0.3129251700680272,0.506241698486465,0.3832199546485261
Smu_UA159,S. mutans,SMU_RS01955,0.29381443298969073,0.7091040289983102,0.39776632302405496
Smu_UA159,S. mutans,SMU_RS01960,0.2830188679245283,0.48217932220334003,0.38454627133872415
Smu_UA159,S. mutans,SMU_RS01965,0.24074074074074073,0.4235771333102052,0.35802469135802467
Smu_UA159,S. mutans,SMU_RS01970,0.3088235294117647,0.44348423833850986,0.30637254901960786
Smu_UA159,S. mutans,SMU_RS01975,0.33948339483394835,0.4783318847645233,0.3813038130381304
Smu_UA159,S. mutans,SMU_RS01980,0.315,0.5017947353931781,0.31333333333333335
Smu_UA159,S. mutans,SMU_RS01985,0.2976939203354298,0.5683187401644823,0.3941299790356394
Smu_UA159,S. mutans,SMU_RS01990,0.32432432432432434,0.4244729454753385,0.41216216216216217
Smu_UA159,S. mutans,SMU_RS01995,0.3071253071253071,0.47130853939689915,0.3832923832923833
Smu_UA159,S. mutans,SMU_RS02005,0.35714285714285715,0.5070588051886349,0.430952380952381
Smu_UA159,S. mutans,SMU_RS02010,0.33884297520661155,0.48477894620335693,0.38705234159779617
Smu_UA159,S. mutans,SMU_RS02015,0.30144927536231886,0.45658400562979856,0.3352657004830918
Smu_UA159,S. mutans,SMU_RS02020,0.3218390804597701,0.4682657100290699,0.3665389527458493
Smu_UA159,S. mutans,SMU_RS02025,0.2971698113207547,0.5098463768978393,0.3663522012578616
Smu_UA159,S. mutans,SMU_RS02035,0.2682926829268293,0.5227748434458787,0.3719512195121951
Smu_UA159,S. mutans,SMU_RS02040,0.2914572864321608,0.5763458224057916,0.4120603015075377
Smu_UA159,S. mutans,SMU_RS02050,0.25742574257425743,0.4545567342165587,0.33993399339933994
Smu_UA159,S. mutans,SMU_RS02060,0.28205128205128205,0.5518584352119821,0.3475783475783476
Smu_UA159,S. mutans,SMU_RS02070,0.39864864864864863,0.43895049099751193,0.40315315315315314
Smu_UA159,S. mutans,SMU_RS02075,0.3082099596231494,0.4909672545353707,0.4069089277703006
Smu_UA159,S. mutans,SMU_RS02085,0.2591240875912409,0.5196952383262663,0.3795620437956204
Smu_UA159,S. mutans,SMU_RS02090,0.4024390243902439,0.46346205140428726,0.3699186991869919
Smu_UA159,S. mutans,SMU_RS02095,0.2560553633217993,0.5253093002680175,0.36678200692041524
Smu_UA159,S. mutans,SMU_RS02100,0.32867132867132864,0.5155508382625559,0.36596736596736595
Smu_UA159,S. mutans,SMU_RS02105,0.4117647058823529,0.42871563483730374,0.3660130718954248
Smu_UA159,S. mutans,SMU_RS02110,0.3609022556390977,0.5273823715257355,0.3483709273182957
Smu_UA159,S. mutans,SMU_RS02115,0.2708333333333333,0.5163695284804436,0.4079861111111111
Smu_UA159,S. mutans,SMU_RS02120,0.31555555555555553,0.4647773816486133,0.3592592592592593
Smu_UA159,S. mutans,SMU_RS02125,0.33542538354253837,0.5425115468531395,0.402835890283589
Smu_UA159,S. mutans,SMU_RS02130,0.28921568627450983,0.5379895238491318,0.3382352941176471
Smu_UA159,S. mutans,SMU_RS02135,0.41007194244604317,0.42548582943244356,0.41007194244604317
Smu_UA159,S. mutans,SMU_RS02140,0.43790849673202614,0.32471236166019446,0.45098039215686275
Smu_UA159,S. mutans,SMU_RS02145,0.48175182481751827,0.37507842999604163,0.45498783454987834
Smu_UA159,S. mutans,SMU_RS02150,0.2908496732026144,0.5357180540126354,0.4128540305010893
Smu_UA159,S. mutans,SMU_RS02155,0.26029411764705884,0.570434508997326,0.3779411764705882
Smu_UA159,S. mutans,SMU_RS02165,0.3543307086614173,0.5090226813966023,0.35958005249343833
Smu_UA159,S. mutans,SMU_RS02170,0.2883895131086142,0.48466264533322295,0.3645443196004994
Smu_UA159,S. mutans,SMU_RS02175,0.290167865707434,0.48677682613055034,0.41007194244604317
Smu_UA159,S. mutans,SMU_RS02180,0.305993690851735,0.47629034693603944,0.38590956887486855
Smu_UA159,S. mutans,SMU_RS02185,0.3148148148148148,0.4902963728314455,0.3611111111111111
Smu_UA159,S. mutans,SMU_RS02190,0.2786666666666667,0.5335625048986872,0.37866666666666665
Smu_UA159,S. mutans,SMU_RS02195,0.3176470588235294,0.521163231504672,0.37254901960784315
Smu_UA159,S. mutans,SMU_RS02205,0.25892857142857145,0.5340225392171981,0.36607142857142855
Smu_UA159,S. mutans,SMU_RS02210,0.27007299270072993,0.530844666632539,0.3357664233576642
Smu_UA159,S. mutans,SMU_RS02215,0.30597014925373134,0.5048791511860157,0.3843283582089552
Smu_UA159,S. mutans,SMU_RS02220,0.2661290322580645,0.5643435471798529,0.3897849462365591
Smu_UA159,S. mutans,SMU_RS02230,0.28524590163934427,0.5862724469055726,0.4087431693989071
Smu_UA159,S. mutans,SMU_RS02235,0.28952772073921973,0.5480576833800508,0.3894592744695414
Smu_UA159,S. mutans,SMU_RS02240,0.26545454545454544,0.5478067858776098,0.3987878787878788
Smu_UA159,S. mutans,SMU_RS02245,0.30786516853932583,0.5800140272339263,0.3962546816479401
Smu_UA159,S. mutans,SMU_RS02255,0.2878787878787879,0.4673277390197537,0.35185185185185186
Smu_UA159,S. mutans,SMU_RS02260,0.3045977011494253,0.5454125859451914,0.31992337164750956
Smu_UA159,S. mutans,SMU_RS02265,0.22123893805309736,0.6477143094293897,0.34513274336283184
Smu_UA159,S. mutans,SMU_RS02275,0.2675324675324675,0.538223401236758,0.38095238095238093
Smu_UA159,S. mutans,SMU_RS02280,0.23217550274223034,0.5902737107331933,0.36319317489335773
Smu_UA159,S. mutans,SMU_RS02285,0.2857142857142857,0.5491975447738202,0.39337474120082816
Smu_UA159,S. mutans,SMU_RS02290,0.24813432835820895,0.5436909171538952,0.39676616915422885
Smu_UA159,S. mutans,SMU_RS02295,0.26066350710900477,0.5085768828597449,0.3902053712480253
Smu_UA159,S. mutans,SMU_RS02300,0.2169811320754717,0.6210094526652427,0.39622641509433965
Smu_UA159,S. mutans,SMU_RS02305,0.2742138364779874,0.4737377619108829,0.3672955974842767
Smu_UA159,S. mutans,SMU_RS02310,0.2692307692307692,0.57512079213075,0.38675213675213677
Smu_UA159,S. mutans,SMU_RS02315,0.2675736961451247,0.4461450750794734,0.3492063492063492
Smu_UA159,S. mutans,SMU_RS02320,0.24596774193548387,0.55630921890333,0.37231182795698925
Smu_UA159,S. mutans,SMU_RS02325,0.2901134521880065,0.4932502885233943,0.39708265802269044
Smu_UA159,S. mutans,SMU_RS02330,0.2801724137931034,0.5014494687728144,0.34339080459770116
Smu_UA159,S. mutans,SMU_RS02335,0.3164179104477612,0.4952811811614937,0.3502487562189055
Smu_UA159,S. mutans,SMU_RS02340,0.27102803738317754,0.5532179600180864,0.35669781931464173
Smu_UA159,S. mutans,SMU_RS02345,0.23728813559322035,0.5882570187683268,0.3665254237288136
Smu_UA159,S. mutans,SMU_RS02350,0.21705426356589147,0.6085757377726511,0.32558139534883723
Smu_UA159,S. mutans,SMU_RS02355,0.28185328185328185,0.5574271670783941,0.35263835263835264
Smu_UA159,S. mutans,SMU_RS02360,0.2570281124497992,0.49553316695237976,0.3413654618473896
Smu_UA159,S. mutans,SMU_RS02365,0.30036630036630035,0.5764586252265073,0.40496540496540495
Smu_UA159,S. mutans,SMU_RS02370,0.24663677130044842,0.5877197359817967,0.4080717488789238
Smu_UA159,S. mutans,SMU_RS02375,0.21428571428571427,0.5435966046316214,0.38095238095238093
Smu_UA159,S. mutans,SMU_RS02380,0.27184466019417475,0.6146232906043579,0.42179072276159657
Smu_UA159,S. mutans,SMU_RS02385,0.3238095238095238,0.4796138020516556,0.3888888888888889
Smu_UA159,S. mutans,SMU_RS02390,0.33410138248847926,0.43392372765738074,0.38402457757296465
Smu_UA159,S. mutans,SMU_RS02395,0.2747747747747748,0.49829245313906895,0.32882882882882886
Smu_UA159,S. mutans,SMU_RS02400,0.26229508196721313,0.629410374042502,0.36065573770491804
Smu_UA159,S. mutans,SMU_RS02405,0.23835616438356164,0.5533995820897823,0.3315068493150685
Smu_UA159,S. mutans,SMU_RS02410,0.21340388007054673,0.5637660961897697,0.3315696649029982
Smu_UA159,S. mutans,SMU_RS02415,0.25943396226415094,0.4534026894501558,0.38836477987421386
Smu_UA159,S. mutans,SMU_RS02420,0.17832167832167833,0.5196170861487877,0.2948717948717949
Smu_UA159,S. mutans,SMU_RS02425,0.24074074074074073,0.527743243663899,0.3358024691358025
Smu_UA159,S. mutans,SMU_RS02430,0.26198083067092653,0.517652147748197,0.31309904153354634
Smu_UA159,S. mutans,SMU_RS02440,0.3333333333333333,0.45669450531183764,0.36813922356091033
Smu_UA159,S. mutans,SMU_RS02445,0.32727272727272727,0.46210910438794506,0.37212121212121213
Smu_UA159,S. mutans,SMU_RS02450,0.29014084507042254,0.5020372937766822,0.38215962441314555
Smu_UA159,S. mutans,SMU_RS02455,0.2358490566037736,0.47288479226559127,0.3632075471698113
Smu_UA159,S. mutans,SMU_RS02475,0.3439153439153439,0.4937758409716735,0.3403880070546737
Smu_UA159,S. mutans,SMU_RS02480,0.2989864864864865,0.5563021629697331,0.38513513513513514
Smu_UA159,S. mutans,SMU_RS02485,0.31666666666666665,0.4763236728341211,0.3962962962962963
Smu_UA159,S. mutans,SMU_RS02490,0.23952095808383234,0.45326659638498773,0.37325349301397204
Smu_UA159,S. mutans,SMU_RS02495,0.30835734870317005,0.5001848902764865,0.37079731027857826
Smu_UA159,S. mutans,SMU_RS02500,0.30180180180180183,0.4919432116866341,0.38738738738738737
Smu_UA159,S. mutans,SMU_RS02505,0.28415300546448086,0.5111726261840417,0.3296903460837887
Smu_UA159,S. mutans,SMU_RS02510,0.34806629834254144,0.5294225919661782,0.40515653775322286
Smu_UA159,S. mutans,SMU_RS02515,0.2905027932960894,0.45998583503079793,0.3333333333333333
Smu_UA159,S. mutans,SMU_RS02520,0.3333333333333333,0.4708471141859929,0.38492063492063494
Smu_UA159,S. mutans,SMU_RS02525,0.30120481927710846,0.5260822869622443,0.3648881239242685
Smu_UA159,S. mutans,SMU_RS02530,0.25089605734767023,0.544571799191329,0.2927120669056153
Smu_UA159,S. mutans,SMU_RS02535,0.30144927536231886,0.5788765365245035,0.39420289855072466
Smu_UA159,S. mutans,SMU_RS02545,0.34552845528455284,0.4881339395890958,0.38482384823848237
Smu_UA159,S. mutans,SMU_RS02550,0.3076923076923077,0.38242361300862904,0.3814102564102564
Smu_UA159,S. mutans,SMU_RS02555,0.32819383259911894,0.5262005851429956,0.3891336270190896
Smu_UA159,S. mutans,SMU_RS02560,0.2978723404255319,0.4917274280163705,0.3900709219858156
Smu_UA159,S. mutans,SMU_RS02565,0.26785714285714285,0.5669856174607025,0.39186507936507936
Smu_UA159,S. mutans,SMU_RS02570,0.328125,0.47402762447950575,0.3854166666666667
Smu_UA159,S. mutans,SMU_RS02575,0.211340206185567,0.5139385826043763,0.36254295532646047
Smu_UA159,S. mutans,SMU_RS02580,0.2896039603960396,0.5257291001652801,0.4306930693069307
Smu_UA159,S. mutans,SMU_RS02585,0.2260536398467433,0.5604473188000654,0.36398467432950193
Smu_UA159,S. mutans,SMU_RS02590,0.319634703196347,0.4843915761127611,0.3424657534246575
Smu_UA159,S. mutans,SMU_RS02595,0.2897727272727273,0.5864995818047004,0.38825757575757575
Smu_UA159,S. mutans,SMU_RS02605,0.2191358024691358,0.596063831797651,0.39711934156378603
Smu_UA159,S. mutans,SMU_RS02610,0.2923076923076923,0.5824414209823731,0.3769230769230769
Smu_UA159,S. mutans,SMU_RS02615,0.2910569105691057,0.5923493171292435,0.41084010840108404
Smu_UA159,S. mutans,SMU_RS02625,0.27654867256637167,0.5535528707943783,0.3886430678466077
Smu_UA159,S. mutans,SMU_RS02630,0.24585635359116023,0.5735489317426954,0.34714548802946593
Smu_UA159,S. mutans,SMU_RS02635,0.22933333333333333,0.5441788950779312,0.33244444444444443
Smu_UA159,S. mutans,SMU_RS02640,0.2511013215859031,0.5627703989873946,0.39794419970631423
Smu_UA159,S. mutans,SMU_RS02645,0.2160919540229885,0.6270154069768237,0.42605363984674327
Smu_UA159,S. mutans,SMU_RS02650,0.27232142857142855,0.5160437240838901,0.36160714285714285
Smu_UA159,S. mutans,SMU_RS02655,0.2708333333333333,0.5426785646559823,0.4045138888888889
Smu_UA159,S. mutans,SMU_RS02665,0.24242424242424243,0.4791248481548635,0.31313131313131315
Smu_UA159,S. mutans,SMU_RS02670,0.20955882352941177,0.6569158249961535,0.3602941176470588
Smu_UA159,S. mutans,SMU_RS02675,0.24597207303974222,0.6213770669369046,0.38596491228070173
Smu_UA159,S. mutans,SMU_RS02680,0.21782178217821782,0.5590466455641302,0.30363036303630364
Smu_UA159,S. mutans,SMU_RS02685,0.29605263157894735,0.5131143757880321,0.3793859649122807
Smu_UA159,S. mutans,SMU_RS02690,0.2625994694960212,0.5784038699952264,0.394341290893015
Smu_UA159,S. mutans,SMU_RS02695,0.2966360856269113,0.45704822586041577,0.36493374108053006
Smu_UA159,S. mutans,SMU_RS02705,0.3244444444444444,0.4715843648243472,0.36
Smu_UA159,S. mutans,SMU_RS02710,0.31877729257641924,0.5463823889900572,0.37409024745269287
Smu_UA159,S. mutans,SMU_RS02715,0.2938775510204082,0.5446496901685833,0.3891156462585034
Smu_UA159,S. mutans,SMU_RS02720,0.31446540880503143,0.4256169623647259,0.3731656184486373
Smu_UA159,S. mutans,SMU_RS02725,0.3305439330543933,0.4908662720630547,0.39655973965597396
Smu_UA159,S. mutans,SMU_RS02735,0.3543859649122807,0.4848544307384423,0.41871345029239765
Smu_UA159,S. mutans,SMU_RS02740,0.3920863309352518,0.41965620474005405,0.44964028776978415
Smu_UA159,S. mutans,SMU_RS02745,0.36885245901639346,0.495220355145911,0.40846994535519127
Smu_UA159,S. mutans,SMU_RS02750,0.36538461538461536,0.46129616036446175,0.36324786324786323
Smu_UA159,S. mutans,SMU_RS02755,0.37551020408163266,0.4648097191010629,0.38231292517006804
Smu_UA159,S. mutans,SMU_RS02760,0.33218588640275387,0.45779906145206334,0.38611589213998854
Smu_UA159,S. mutans,SMU_RS02765,0.31919642857142855,0.4376172719869252,0.40029761904761907
Smu_UA159,S. mutans,SMU_RS02775,0.3275862068965517,0.42658560838151005,0.4114942528735632
Smu_UA159,S. mutans,SMU_RS02780,0.3079710144927536,0.49345537052413535,0.38768115942028986
Smu_UA159,S. mutans,SMU_RS02785,0.23225806451612904,0.5407449892510862,0.32903225806451614
Smu_UA159,S. mutans,SMU_RS02790,0.32730560578661844,0.4856335037310375,0.38698010849909587
Smu_UA159,S. mutans,SMU_RS02795,0.275,0.5242165996855556,0.3821428571428571
Smu_UA159,S. mutans,SMU_RS02800,0.2972027972027972,0.46184828514075515,0.33916083916083917
Smu_UA159,S. mutans,SMU_RS02805,0.245,0.531281483450272,0.3233333333333333
Smu_UA159,S. mutans,SMU_RS02820,0.19571045576407506,0.5566988613140184,0.290437890974084
Smu_UA159,S. mutans,SMU_RS02825,0.205607476635514,0.6033493662007281,0.29906542056074764
Smu_UA159,S. mutans,SMU_RS02830,0.2578616352201258,0.5564342212094933,0.33962264150943394
Smu_UA159,S. mutans,SMU_RS02835,0.32051282051282054,0.5491794365237151,0.4017094017094017
Smu_UA159,S. mutans,SMU_RS02840,0.24675324675324675,0.7274444723476708,0.39105339105339104
Smu_UA159,S. mutans,SMU_RS02845,0.2741702741702742,0.5605726591334388,0.3694083694083694
Smu_UA159,S. mutans,SMU_RS02850,0.255,0.5188883602813412,0.39166666666666666
Smu_UA159,S. mutans,SMU_RS02855,0.28,0.5427099158817135,0.379047619047619
Smu_UA159,S. mutans,SMU_RS02860,0.40641711229946526,0.4559919755392459,0.40106951871657753
Smu_UA159,S. mutans,SMU_RS02865,0.3217665615141956,0.4773085301565702,0.3922187171398528
Smu_UA159,S. mutans,SMU_RS02870,0.2869757174392936,0.5031409007040899,0.37748344370860926
Smu_UA159,S. mutans,SMU_RS02880,0.22115384615384615,0.5463123009352906,0.30128205128205127
Smu_UA159,S. mutans,SMU_RS02885,0.33771929824561403,0.4579454672889518,0.3567251461988304
Smu_UA159,S. mutans,SMU_RS02890,0.3825242718446602,0.48594483302619523,0.4168284789644013
Smu_UA159,S. mutans,SMU_RS02895,0.28594771241830064,0.5596240477131299,0.39106753812636164
Smu_UA159,S. mutans,SMU_RS02900,0.25399872040946897,0.592476945339857,0.399445510769887
Smu_UA159,S. mutans,SMU_RS02905,0.3127413127413127,0.5415765204337972,0.4214929214929215
Smu_UA159,S. mutans,SMU_RS02925,0.26666666666666666,0.3689242340932608,0.33055555555555555
Smu_UA159,S. mutans,SMU_RS02930,0.34705882352941175,0.5148539543428019,0.38333333333333336
Smu_UA159,S. mutans,SMU_RS02935,0.36257309941520466,0.3914623225982465,0.3645224171539961
Smu_UA159,S. mutans,SMU_RS02940,0.26282051282051283,0.5140559029552971,0.37713675213675213
Smu_UA159,S. mutans,SMU_RS02945,0.30677290836653387,0.5660102861179884,0.3930942895086321
Smu_UA159,S. mutans,SMU_RS02950,0.2920353982300885,0.4870199611575315,0.37610619469026546
Smu_UA159,S. mutans,SMU_RS02955,0.3073825503355705,0.4352900635586877,0.35570469798657717
Smu_UA159,S. mutans,SMU_RS02960,0.23923444976076555,0.5439121313950549,0.3668261562998405
Smu_UA159,S. mutans,SMU_RS02965,0.26512968299711814,0.49635126061312795,0.33621517771373677
Smu_UA159,S. mutans,SMU_RS02970,0.25,0.679973256648671,0.4035947712418301
Smu_UA159,S. mutans,SMU_RS02975,0.2585227272727273,0.5613978474548725,0.35321969696969696
Smu_UA159,S. mutans,SMU_RS02980,0.34782608695652173,0.4202105009349691,0.3689064558629776
Smu_UA159,S. mutans,SMU_RS02985,0.3032258064516129,0.4644861375971861,0.36989247311827955
Smu_UA159,S. mutans,SMU_RS02990,0.275609756097561,0.4750392576525807,0.35609756097560974
Smu_UA159,S. mutans,SMU_RS02995,0.30903790087463556,0.5282465224363776,0.40524781341107874
Smu_UA159,S. mutans,SMU_RS03000,0.2832618025751073,0.43554612093900735,0.40772532188841204
Smu_UA159,S. mutans,SMU_RS03005,0.21367521367521367,0.5296142646178892,0.3603988603988604
Smu_UA159,S. mutans,SMU_RS03015,0.4100418410041841,0.4075664017946659,0.43654114365411434
Smu_UA159,S. mutans,SMU_RS03020,0.33532934131736525,0.43679701946306804,0.3972055888223553
Smu_UA159,S. mutans,SMU_RS03025,0.28602620087336245,0.46057023761760374,0.3609898107714702
Smu_UA159,S. mutans,SMU_RS03030,0.30340557275541796,0.4611454298789094,0.37770897832817335
Smu_UA159,S. mutans,SMU_RS03045,0.2785234899328859,0.5313264268426052,0.35011185682326623
Smu_UA159,S. mutans,SMU_RS03050,0.3546325878594249,0.41466500194746053,0.3993610223642173
Smu_UA159,S. mutans,SMU_RS03055,0.32166666666666666,0.5195609574285454,0.3761111111111111
Smu_UA159,S. mutans,SMU_RS03060,0.34951456310679613,0.41139788393698246,0.39967637540453077
Smu_UA159,S. mutans,SMU_RS03065,0.3177966101694915,0.5198936942963228,0.3757062146892655
Smu_UA159,S. mutans,SMU_RS03070,0.24550898203592814,0.603898285789938,0.36327345309381237
Smu_UA159,S. mutans,SMU_RS03075,0.3532934131736527,0.4649991913612052,0.3652694610778443
Smu_UA159,S. mutans,SMU_RS03080,0.3642611683848797,0.5427553463199426,0.4329896907216495
Smu_UA159,S. mutans,SMU_RS03085,0.3206997084548105,0.4832461540330886,0.38289601554907676
Smu_UA159,S. mutans,SMU_RS03090,0.368,0.39680058706018817,0.412
Smu_UA159,S. mutans,SMU_RS03095,0.3677811550151976,0.45873247696827313,0.3890577507598784
Smu_UA159,S. mutans,SMU_RS03100,0.33760683760683763,0.45547737748356054,0.39316239316239315
Smu_UA159,S. mutans,SMU_RS03110,0.3253012048192771,0.4243876708891788,0.3962516733601071
Smu_UA159,S. mutans,SMU_RS03115,0.3142857142857143,0.42255578962316903,0.3547619047619048
Smu_UA159,S. mutans,SMU_RS03120,0.38636363636363635,0.38408389599166903,0.42727272727272725
Smu_UA159,S. mutans,SMU_RS03125,0.39045553145336226,0.4005708188496134,0.4020245842371656
Smu_UA159,S. mutans,SMU_RS03135,0.30434782608695654,0.4946056091103785,0.34782608695652173
Smu_UA159,S. mutans,SMU_RS03140,0.3196480938416422,0.5201354968669574,0.3812316715542522
Smu_UA159,S. mutans,SMU_RS03145,0.3391959798994975,0.4974807845350377,0.41708542713567837
Smu_UA159,S. mutans,SMU_RS03150,0.3699186991869919,0.435976847997108,0.4092140921409214
Smu_UA159,S. mutans,SMU_RS03155,0.4236842105263158,0.4213129279643329,0.45087719298245615
Smu_UA159,S. mutans,SMU_RS03160,0.384375,0.5564952416890635,0.390625
Smu_UA159,S. mutans,SMU_RS03165,0.30833333333333335,0.5803406894249097,0.38333333333333336
Smu_UA159,S. mutans,SMU_RS03175,0.27109111361079863,0.5307856506848964,0.38695163104611924
Smu_UA159,S. mutans,SMU_RS03180,0.3324396782841823,0.43919695368139267,0.3896336014298481
Smu_UA159,S. mutans,SMU_RS03185,0.2969543147208122,0.540049834341293,0.40186125211505924
Smu_UA159,S. mutans,SMU_RS03190,0.3609022556390977,0.45732511076000776,0.37719298245614036
Smu_UA159,S. mutans,SMU_RS03200,0.27162629757785467,0.6451972745855155,0.4146482122260669
Smu_UA159,S. mutans,SMU_RS03205,0.23529411764705882,0.6543410617858801,0.4026610644257703
Smu_UA159,S. mutans,SMU_RS03210,0.2748091603053435,0.5080115509489106,0.366412213740458
Smu_UA159,S. mutans,SMU_RS03215,0.36298932384341637,0.5229755036811226,0.41162514827995256
Smu_UA159,S. mutans,SMU_RS03220,0.3356401384083045,0.5195077246490517,0.4071510957324106
Smu_UA159,S. mutans,SMU_RS03225,0.336283185840708,0.6254897314205302,0.3893805309734513
Smu_UA159,S. mutans,SMU_RS03235,0.2508792497069168,0.536159500186037,0.30050801094177415
Smu_UA159,S. mutans,SMU_RS03240,0.2583479789103691,0.5202282757061802,0.3655536028119508
Smu_UA159,S. mutans,SMU_RS03245,0.23043478260869565,0.4423076010810481,0.35507246376811596
Smu_UA159,S. mutans,SMU_RS03250,0.17164179104477612,0.5582396705216939,0.2885572139303483
Smu_UA159,S. mutans,SMU_RS03255,0.29518072289156627,0.5023004166104496,0.3634538152610442
Smu_UA159,S. mutans,SMU_RS03260,0.2693877551020408,0.5292668138653717,0.38537414965986394
Smu_UA159,S. mutans,SMU_RS03265,0.25,0.5049249697970105,0.35034013605442177
Smu_UA159,S. mutans,SMU_RS03270,0.25061425061425063,0.5335638892347379,0.371007371007371
Smu_UA159,S. mutans,SMU_RS03275,0.2716049382716049,0.5398901640886177,0.31069958847736623
Smu_UA159,S. mutans,SMU_RS03285,0.2546583850931677,0.5635756237730051,0.37267080745341613
Smu_UA159,S. mutans,SMU_RS03290,0.2675438596491228,0.5100680624823061,0.3786549707602339
Smu_UA159,S. mutans,SMU_RS03295,0.2994350282485876,0.6011465787536631,0.3822975517890772
Smu_UA159,S. mutans,SMU_RS03305,0.24166666666666667,0.6910202334516021,0.3888888888888889
Smu_UA159,S. mutans,SMU_RS03310,0.23444976076555024,0.5050510797527112,0.3492822966507177
Smu_UA159,S. mutans,SMU_RS03315,0.3008130081300813,0.4317411526375794,0.3604336043360434
Smu_UA159,S. mutans,SMU_RS03320,0.25949367088607594,0.48954522987897997,0.34810126582278483
Smu_UA159,S. mutans,SMU_RS03325,0.2918149466192171,0.48524454934079614,0.3760379596678529
Smu_UA159,S. mutans,SMU_RS03330,0.23780487804878048,0.5479636333989246,0.33434959349593496
Smu_UA159,S. mutans,SMU_RS03335,0.3473684210526316,0.3935682095261885,0.3912280701754386
Smu_UA159,S. mutans,SMU_RS03340,0.3250883392226148,0.5163714805147765,0.38869257950530034
Smu_UA159,S. mutans,SMU_RS03345,0.30857142857142855,0.4742237647932401,0.34285714285714286
Smu_UA159,S. mutans,SMU_RS03350,0.3076923076923077,0.5154344887006411,0.33076923076923076
Smu_UA159,S. mutans,SMU_RS03355,0.28083700440528636,0.5502369741523151,0.3524229074889868
Smu_UA159,S. mutans,SMU_RS03360,0.31220657276995306,0.4577058619717081,0.3685446009389671
Smu_UA159,S. mutans,SMU_RS03365,0.22807017543859648,0.7948421703282272,0.4093567251461988
Smu_UA159,S. mutans,SMU_RS03370,0.22529644268774704,0.7412382213098924,0.4005270092226614
Smu_UA159,S. mutans,SMU_RS03375,0.2895377128953771,0.513354837782295,0.35685320356853206
Smu_UA159,S. mutans,SMU_RS03380,0.3135802469135803,0.4991458870647237,0.3662551440329218
Smu_UA159,S. mutans,SMU_RS03385,0.31851851851851853,0.5523152383889329,0.38395061728395063
Smu_UA159,S. mutans,SMU_RS03390,0.31264367816091954,0.5110979918819027,0.3739463601532567
Smu_UA159,S. mutans,SMU_RS03395,0.3447098976109215,0.44864465203034426,0.38111490329920367
Smu_UA159,S. mutans,SMU_RS03400,0.25190839694656486,0.5488549555862973,0.31806615776081426
Smu_UA159,S. mutans,SMU_RS03405,0.3042505592841163,0.5587038600376614,0.4105145413870246
Smu_UA159,S. mutans,SMU_RS03410,0.2145748987854251,0.5056580355254393,0.3252361673414305
Smu_UA159,S. mutans,SMU_RS03415,0.2867132867132867,0.4897610553308935,0.3578088578088578
Smu_UA159,S. mutans,SMU_RS03420,0.3203125,0.393781728534692,0.328125
Smu_UA159,S. mutans,SMU_RS03425,0.28135593220338984,0.40981088855462866,0.392090395480226
Smu_UA159,S. mutans,SMU_RS03435,0.2653061224489796,0.49210360269341524,0.34829931972789113
Smu_UA159,S. mutans,SMU_RS03440,0.30414746543778803,0.45972508681657676,0.3195084485407066
Smu_UA159,S. mutans,SMU_RS03450,0.38028169014084506,0.42810601092997164,0.38497652582159625
Smu_UA159,S. mutans,SMU_RS03455,0.35333333333333333,0.4350883502451161,0.37333333333333335
Smu_UA159,S. mutans,SMU_RS03460,0.3349875930521092,0.4761775300265459,0.3870967741935484
Smu_UA159,S. mutans,SMU_RS03470,0.3140655105973025,0.49019322487892075,0.3937058445728966
Smu_UA159,S. mutans,SMU_RS03475,0.3002832861189802,0.511148482072725,0.36827195467422097
Smu_UA159,S. mutans,SMU_RS03480,0.2777777777777778,0.5131610347798325,0.3506172839506173
Smu_UA159,S. mutans,SMU_RS03485,0.2773722627737226,0.5315420259969817,0.3637469586374696
Smu_UA159,S. mutans,SMU_RS03490,0.27054108216432865,0.5422666123561308,0.4074816299265197
Smu_UA159,S. mutans,SMU_RS03495,0.31868131868131866,0.5087029707819295,0.3626373626373626
Smu_UA159,S. mutans,SMU_RS03500,0.3088235294117647,0.5281404857904473,0.3627450980392157
Smu_UA159,S. mutans,SMU_RS03505,0.3079470198675497,0.526680654529228,0.369757174392936
Smu_UA159,S. mutans,SMU_RS03510,0.24964739069111425,0.5198347504472229,0.3761165961448049
Smu_UA159,S. mutans,SMU_RS03515,0.23972602739726026,0.5113928272064587,0.363013698630137
Smu_UA159,S. mutans,SMU_RS03520,0.29,0.48939138577331187,0.37
Smu_UA159,S. mutans,SMU_RS03525,0.28525641025641024,0.5229191088599587,0.3920940170940171
Smu_UA159,S. mutans,SMU_RS03530,0.3192307692307692,0.4447650921787778,0.3782051282051282
Smu_UA159,S. mutans,SMU_RS03535,0.2196969696969697,0.5484928141630225,0.3484848484848485
Smu_UA159,S. mutans,SMU_RS03540,0.23684210526315788,0.6361829434938439,0.3399122807017544
Smu_UA159,S. mutans,SMU_RS03550,0.24271844660194175,0.5789250996005051,0.35382955771305286
Smu_UA159,S. mutans,SMU_RS03555,0.2867132867132867,0.5710841681691872,0.4133644133644134
Smu_UA159,S. mutans,SMU_RS03560,0.22459893048128343,0.648342253416734,0.39037433155080214
Smu_UA159,S. mutans,SMU_RS03565,0.2700587084148728,0.5567009728129896,0.3953033268101761
Smu_UA159,S. mutans,SMU_RS03570,0.3244444444444444,0.4717246937272663,0.36074074074074075
Smu_UA159,S. mutans,SMU_RS03575,0.2358490566037736,0.5253158385976852,0.29559748427672955
Smu_UA159,S. mutans,SMU_RS03585,0.31096196868008946,0.48069119618527756,0.3788217747949292
Smu_UA159,S. mutans,SMU_RS03590,0.25034387895460797,0.5416704804097265,0.3810178817056396
Smu_UA159,S. mutans,SMU_RS03595,0.30784708249496984,0.5915896446661304,0.40710932260228033
Smu_UA159,S. mutans,SMU_RS03600,0.32558139534883723,0.5279843008630467,0.37209302325581395
Smu_UA159,S. mutans,SMU_RS03605,0.2743732590529248,0.5697797388016099,0.3486536675951718
Smu_UA159,S. mutans,SMU_RS03610,0.24611398963730569,0.5322634027282637,0.3376511226252159
Smu_UA159,S. mutans,SMU_RS03615,0.27876106194690264,0.5029567832114173,0.3613569321533923
Smu_UA159,S. mutans,SMU_RS03620,0.25517241379310346,0.6058818345587693,0.36551724137931035
Smu_UA159,S. mutans,SMU_RS03625,0.30337078651685395,0.5340988000377334,0.3913857677902622
Smu_UA159,S. mutans,SMU_RS03630,0.2853470437017995,0.5266360114844649,0.4130248500428449
Smu_UA159,S. mutans,SMU_RS03635,0.24661246612466126,0.5345171936587034,0.36585365853658536
Smu_UA159,S. mutans,SMU_RS03640,0.21052631578947367,0.6402204770056057,0.35964912280701755
Smu_UA159,S. mutans,SMU_RS03645,0.29205607476635514,0.4821171432003195,0.411993769470405
Smu_UA159,S. mutans,SMU_RS03650,0.22012578616352202,0.5355370675660162,0.36268343815513626
Smu_UA159,S. mutans,SMU_RS03655,0.24727272727272728,0.5229458881996446,0.3660606060606061
Smu_UA159,S. mutans,SMU_RS03660,0.3347732181425486,0.49381695368523976,0.3801295896328294
Smu_UA159,S. mutans,SMU_RS03665,0.4358407079646018,0.44785759737134195,0.4358407079646018
Smu_UA159,S. mutans,SMU_RS03670,0.33490566037735847,0.43157784823135936,0.3663522012578616
Smu_UA159,S. mutans,SMU_RS03680,0.33076923076923076,0.4860016266649383,0.382051282051282
Smu_UA159,S. mutans,SMU_RS03685,0.31746031746031744,0.45078358317569833,0.37566137566137564
Smu_UA159,S. mutans,SMU_RS03690,0.2426470588235294,0.6067061103273295,0.3553921568627451
Smu_UA159,S. mutans,SMU_RS03695,0.2446043165467626,0.5647986221506115,0.3908872901678657
Smu_UA159,S. mutans,SMU_RS03705,0.2809917355371901,0.5658944993384797,0.3691460055096419
Smu_UA159,S. mutans,SMU_RS03715,0.3180778032036613,0.518257001409842,0.43707093821510296
Smu_UA159,S. mutans,SMU_RS03725,0.41832669322709165,0.4129667363424614,0.40969455511288183
Smu_UA159,S. mutans,SMU_RS03730,0.21227621483375958,0.45796278961498527,0.2693947144075021
Smu_UA159,S. mutans,SMU_RS03735,0.38866396761133604,0.522923973259146,0.43049932523616735
Smu_UA159,S. mutans,SMU_RS03740,0.35253772290809327,0.5383367911803613,0.3859167809785094
Smu_UA159,S. mutans,SMU_RS03745,0.3790849673202614,0.4354823953384038,0.39869281045751637
Smu_UA159,S. mutans,SMU_RS03750,0.40210843373493976,0.46166263185971596,0.4392570281124498
Smu_UA159,S. mutans,SMU_RS03755,0.40540540540540543,0.4174352172409381,0.3663663663663664
Smu_UA159,S. mutans,SMU_RS03760,0.23905723905723905,0.5120603362651704,0.3367003367003367
Smu_UA159,S. mutans,SMU_RS03765,0.32903225806451614,0.49522495416256423,0.4129032258064516
Smu_UA159,S. mutans,SMU_RS03770,0.2757352941176471,0.5775056314423638,0.35049019607843135
Smu_UA159,S. mutans,SMU_RS03775,0.3562005277044855,0.4673448420401123,0.40105540897097625
Smu_UA159,S. mutans,SMU_RS03780,0.2610294117647059,0.5603756615904768,0.34558823529411764
Smu_UA159,S. mutans,SMU_RS03790,0.2734375,0.6198867487391587,0.3723958333333333
Smu_UA159,S. mutans,SMU_RS03795,0.27218934911242604,0.5466380016399401,0.34845496383957925
Smu_UA159,S. mutans,SMU_RS03800,0.26644182124789206,0.5281192880236857,0.35694210230466555
Smu_UA159,S. mutans,SMU_RS03805,0.2768817204301075,0.5663710652141365,0.3996415770609319
Smu_UA159,S. mutans,SMU_RS03810,0.26785714285714285,0.6504658164839139,0.38095238095238093
Smu_UA159,S. mutans,SMU_RS03815,0.24475524475524477,0.6201181632967486,0.36596736596736595
Smu_UA159,S. mutans,SMU_RS03820,0.2909090909090909,0.5411918715296775,0.36796536796536794
Smu_UA159,S. mutans,SMU_RS03825,0.32051282051282054,0.5009193509201711,0.3547008547008547
Smu_UA159,S. mutans,SMU_RS03830,0.3111111111111111,0.5535608977213167,0.35802469135802467
Smu_UA159,S. mutans,SMU_RS03835,0.2832512315270936,0.515269318168439,0.36535303776683087
Smu_UA159,S. mutans,SMU_RS03840,0.27896995708154504,0.4830067056141684,0.3361945636623748
Smu_UA159,S. mutans,SMU_RS03845,0.3133561643835616,0.4986478294372383,0.3481735159817352
Smu_UA159,S. mutans,SMU_RS03850,0.23376623376623376,0.5008721634240888,0.3144431326249508
Smu_UA159,S. mutans,SMU_RS03855,0.22323462414578588,0.4373542705981415,0.2885345482156416
Smu_UA159,S. mutans,SMU_RS03860,0.26537216828478966,0.49547178309424433,0.3581445523193096
Smu_UA159,S. mutans,SMU_RS03865,0.24920127795527156,0.5646205395053265,0.35356762513312034
Smu_UA159,S. mutans,SMU_RS03870,0.23509933774834438,0.45929018438476105,0.3189845474613687
Smu_UA159,S. mutans,SMU_RS03875,0.25504587155963304,0.5294947566480354,0.37737003058103974
Smu_UA159,S. mutans,SMU_RS03880,0.3202846975088968,0.48431708834032594,0.3914590747330961
Smu_UA159,S. mutans,SMU_RS03885,0.270509977827051,0.5814587248351143,0.4124168514412417
Smu_UA159,S. mutans,SMU_RS03890,0.3054892601431981,0.47453862455394286,0.3707239459029435
Smu_UA159,S. mutans,SMU_RS03895,0.24161073825503357,0.6409711354380971,0.34451901565995524
Smu_UA159,S. mutans,SMU_RS03900,0.2887139107611549,0.5054785319281293,0.3858267716535433
Smu_UA159,S. mutans,SMU_RS03905,0.3054187192118227,0.4871674833807112,0.39983579638752054
Smu_UA159,S. mutans,SMU_RS03910,0.3426395939086294,0.5049116495404918,0.38071065989847713
Smu_UA159,S. mutans,SMU_RS03915,0.3389830508474576,0.37615994382372664,0.384180790960452
Smu_UA159,S. mutans,SMU_RS03920,0.3163265306122449,0.4713383618324588,0.3333333333333333
Smu_UA159,S. mutans,SMU_RS03925,0.19047619047619047,0.7769987678073981,0.37142857142857144
Smu_UA159,S. mutans,SMU_RS03930,0.25892857142857145,0.518327922709594,0.35714285714285715
Smu_UA159,S. mutans,SMU_RS03940,0.3146551724137931,0.5117711426085529,0.3936781609195402
Smu_UA159,S. mutans,SMU_RS03945,0.32926829268292684,0.4913455003151551,0.3678861788617886
Smu_UA159,S. mutans,SMU_RS03950,0.33112582781456956,0.4802439785715591,0.37637969094922735
Smu_UA159,S. mutans,SMU_RS03955,0.24675324675324675,0.44551212865229484,0.3398268398268398
Smu_UA159,S. mutans,SMU_RS03960,0.3333333333333333,0.4598988220291547,0.4175084175084175
Smu_UA159,S. mutans,SMU_RS03965,0.3089005235602094,0.5163391145325973,0.38045375218150085
Smu_UA159,S. mutans,SMU_RS03970,0.288135593220339,0.557137645912463,0.3935969868173258
Smu_UA159,S. mutans,SMU_RS03975,0.2962085308056872,0.5113854769438521,0.38704581358609796
Smu_UA159,S. mutans,SMU_RS03980,0.2815533980582524,0.4948779919400042,0.36893203883495146
Smu_UA159,S. mutans,SMU_RS03985,0.24517906336088155,0.5671603941839138,0.3820018365472911
Smu_UA159,S. mutans,SMU_RS03990,0.2811320754716981,0.5561108451265281,0.40723270440251574
Smu_UA159,S. mutans,SMU_RS03995,0.25806451612903225,0.5155578674651533,0.3671274961597542
Smu_UA159,S. mutans,SMU_RS04000,0.2627118644067797,0.49941995669011774,0.3714689265536723
Smu_UA159,S. mutans,SMU_RS04005,0.26265060240963856,0.5026530395239278,0.35903614457831323
Smu_UA159,S. mutans,SMU_RS04020,0.26011560693641617,0.5675450028722216,0.35067437379576105
Smu_UA159,S. mutans,SMU_RS04025,0.2946058091286307,0.479203798867878,0.3997233748271093
Smu_UA159,S. mutans,SMU_RS04030,0.257396449704142,0.5703002135888876,0.3796844181459566
Smu_UA159,S. mutans,SMU_RS04035,0.3024193548387097,0.47946701626139504,0.37231182795698925
Smu_UA159,S. mutans,SMU_RS04040,0.24671052631578946,0.5689240703668049,0.375
Smu_UA159,S. mutans,SMU_RS04045,0.27896341463414637,0.6221600179591825,0.4141260162601626
Smu_UA159,S. mutans,SMU_RS04050,0.2546916890080429,0.5728699081359877,0.38516532618409294
Smu_UA159,S. mutans,SMU_RS04055,0.3053311793214863,0.47142857048634035,0.3914916532040926
Smu_UA159,S. mutans,SMU_RS04060,0.38257575757575757,0.43315300444301597,0.37752525252525254
Smu_UA159,S. mutans,SMU_RS04065,0.40186915887850466,0.3241205156599937,0.40498442367601245
Smu_UA159,S. mutans,SMU_RS04070,0.2867383512544803,0.45047915992315135,0.3345280764635603
Smu_UA159,S. mutans,SMU_RS04075,0.29819694868238555,0.4745068435544569,0.37170596393897365
Smu_UA159,S. mutans,SMU_RS04080,0.28741092636579574,0.5392347535160719,0.36104513064133015
Smu_UA159,S. mutans,SMU_RS04085,0.3161512027491409,0.5726983823662082,0.35738831615120276
Smu_UA159,S. mutans,SMU_RS04090,0.3489208633093525,0.5613071322727452,0.3501199040767386
Smu_UA159,S. mutans,SMU_RS04095,0.3278008298755187,0.5418537850803412,0.38035961272475793
Smu_UA159,S. mutans,SMU_RS04100,0.35185185185185186,0.5017505164354874,0.42151675485008816
Smu_UA159,S. mutans,SMU_RS04105,0.3333333333333333,0.5234531940974599,0.38361266294227186
Smu_UA159,S. mutans,SMU_RS04110,0.3633633633633634,0.4836341809043835,0.38538538538538536
Smu_UA159,S. mutans,SMU_RS04115,0.3171355498721228,0.5499543295012576,0.41091219096334186
Smu_UA159,S. mutans,SMU_RS04120,0.3861788617886179,0.499651925195105,0.4132791327913279
Smu_UA159,S. mutans,SMU_RS04125,0.3502994011976048,0.5393587470515014,0.4351297405189621
Smu_UA159,S. mutans,SMU_RS04130,0.31666666666666665,0.4808992452571685,0.36203703703703705
Smu_UA159,S. mutans,SMU_RS04135,0.35714285714285715,0.3260655159986723,0.37896825396825395
Smu_UA159,S. mutans,SMU_RS04140,0.2504672897196262,0.5756243641244645,0.34766355140186916
Smu_UA159,S. mutans,SMU_RS04145,0.2814569536423841,0.44514475014922367,0.34216335540838855
Smu_UA159,S. mutans,SMU_RS04150,0.23036649214659685,0.5111836856149649,0.31413612565445026
Smu_UA159,S. mutans,SMU_RS04165,0.20570866141732283,0.5569602721121037,0.3156167979002625
Smu_UA159,S. mutans,SMU_RS04170,0.312,0.5491736401662723,0.37333333333333335
Smu_UA159,S. mutans,SMU_RS04175,0.30141843971631205,0.4955500561164383,0.36879432624113473
Smu_UA159,S. mutans,SMU_RS04180,0.25390625,0.5636811887198439,0.4075520833333333
Smu_UA159,S. mutans,SMU_RS04185,0.32338308457711445,0.4622857027726616,0.38971807628524047
Smu_UA159,S. mutans,SMU_RS04190,0.37720706260032105,0.46697554416819737,0.39646869983948635
Smu_UA159,S. mutans,SMU_RS04195,0.3385146804835924,0.44812523316016467,0.3903281519861831
Smu_UA159,S. mutans,SMU_RS04200,0.33671742808798644,0.4764566897884965,0.3733784545967287
Smu_UA159,S. mutans,SMU_RS04205,0.31596091205211724,0.45513290311477383,0.3702497285559175
Smu_UA159,S. mutans,SMU_RS04210,0.30758714969241285,0.5703392185621657,0.38801549327865115
Smu_UA159,S. mutans,SMU_RS04215,0.3176470588235294,0.47246781916706315,0.37254901960784315
Smu_UA159,S. mutans,SMU_RS04220,0.2577777777777778,0.6673508272216617,0.4237037037037037
Smu_UA159,S. mutans,SMU_RS04225,0.375,0.42047971969933035,0.3671875
Smu_UA159,S. mutans,SMU_RS04230,0.3006134969325153,0.5812544973197885,0.3537832310838446
Smu_UA159,S. mutans,SMU_RS04235,0.3389121338912134,0.49186851527444814,0.4100418410041841
Smu_UA159,S. mutans,SMU_RS04240,0.2953020134228188,0.5118861141638036,0.37583892617449666
Smu_UA159,S. mutans,SMU_RS04245,0.3119266055045872,0.46031507387865617,0.40825688073394495
Smu_UA159,S. mutans,SMU_RS04250,0.2482758620689655,0.45209861897792397,0.31264367816091954
Smu_UA159,S. mutans,SMU_RS04255,0.35108153078202997,0.48416931111427486,0.40488075429839154
Smu_UA159,S. mutans,SMU_RS04260,0.3282051282051282,0.5233104686912784,0.38803418803418804
Smu_UA159,S. mutans,SMU_RS04265,0.25925925925925924,0.5920535726194343,0.3868312757201646
Smu_UA159,S. mutans,SMU_RS04270,0.2929936305732484,0.4514744245192221,0.3354564755838641
Smu_UA159,S. mutans,SMU_RS04275,0.34134615384615385,0.4860951255441768,0.3733974358974359
Smu_UA159,S. mutans,SMU_RS04280,0.26200873362445415,0.5459901809542362,0.3653566229985444
Smu_UA159,S. mutans,SMU_RS04285,0.2749391727493917,0.5178673233851249,0.33738848337388483
Smu_UA159,S. mutans,SMU_RS04290,0.3076923076923077,0.5670738297547694,0.3418803418803419
Smu_UA159,S. mutans,SMU_RS04295,0.2730263157894737,0.5620569039034822,0.3530701754385965
Smu_UA159,S. mutans,SMU_RS04300,0.23809523809523808,0.572370115537541,0.3621031746031746
Smu_UA159,S. mutans,SMU_RS04305,0.2771929824561403,0.5799359817768162,0.36023391812865496
Smu_UA159,S. mutans,SMU_RS04310,0.29004329004329005,0.4953668233135144,0.37662337662337664
Smu_UA159,S. mutans,SMU_RS04315,0.26666666666666666,0.46432185435969026,0.3274074074074074
Smu_UA159,S. mutans,SMU_RS04320,0.30196078431372547,0.5123410534797476,0.3764705882352941
Smu_UA159,S. mutans,SMU_RS04325,0.2797427652733119,0.4918143928071765,0.3687031082529475
Smu_UA159,S. mutans,SMU_RS04330,0.29429429429429427,0.47436592475916806,0.3713713713713714
Smu_UA159,S. mutans,SMU_RS04335,0.286144578313253,0.4517335314759048,0.3885542168674699
Smu_UA159,S. mutans,SMU_RS04340,0.3059360730593607,0.5648290318834871,0.3592085235920852
Smu_UA159,S. mutans,SMU_RS04345,0.28662420382165604,0.5059150889731446,0.346072186836518
Smu_UA159,S. mutans,SMU_RS04350,0.3060747663551402,0.4682633180776936,0.40654205607476634
Smu_UA159,S. mutans,SMU_RS04355,0.30612244897959184,0.5086322216128594,0.39285714285714285
Smu_UA159,S. mutans,SMU_RS04360,0.3357142857142857,0.5559508637109366,0.3630952380952381
Smu_UA159,S. mutans,SMU_RS04365,0.31153846153846154,0.47814158775997273,0.37948717948717947
Smu_UA159,S. mutans,SMU_RS04370,0.27485380116959063,0.48999575889700636,0.3664717348927875
Smu_UA159,S. mutans,SMU_RS04375,0.2725060827250608,0.5717951990716522,0.38686131386861317
Smu_UA159,S. mutans,SMU_RS04380,0.3333333333333333,0.44658442948949945,0.3888888888888889
Smu_UA159,S. mutans,SMU_RS04385,0.3006535947712418,0.5204693367563149,0.3950617283950617
Smu_UA159,S. mutans,SMU_RS04390,0.277602523659306,0.48746834836172503,0.38485804416403785
Smu_UA159,S. mutans,SMU_RS04395,0.3182897862232779,0.504246445992258,0.33570863024544734
Smu_UA159,S. mutans,SMU_RS04400,0.25704225352112675,0.45081633011819894,0.36502347417840375
Smu_UA159,S. mutans,SMU_RS04405,0.25842696629213485,0.49988969364438307,0.37265917602996257
Smu_UA159,S. mutans,SMU_RS04410,0.27635327635327633,0.6063106890996308,0.39886039886039887
Smu_UA159,S. mutans,SMU_RS04415,0.18452380952380953,0.7200736364295841,0.40674603174603174
Smu_UA159,S. mutans,SMU_RS04420,0.13821138211382114,0.813736091772896,0.4037940379403794
Smu_UA159,S. mutans,SMU_RS04425,0.32065217391304346,0.48803715629155914,0.4148550724637681
Smu_UA159,S. mutans,SMU_RS04430,0.3061797752808989,0.487838283359081,0.4035580524344569
Smu_UA159,S. mutans,SMU_RS04435,0.29,0.5108167176646284,0.3655555555555556
Smu_UA159,S. mutans,SMU_RS04440,0.2937062937062937,0.5715555987166043,0.3923853923853924
Smu_UA159,S. mutans,SMU_RS04445,0.2768166089965398,0.5006580790679175,0.4013840830449827
Smu_UA159,S. mutans,SMU_RS04450,0.3004694835680751,0.48163337293123976,0.365414710485133
Smu_UA159,S. mutans,SMU_RS04455,0.35106382978723405,0.4522662054457397,0.4219858156028369
Smu_UA159,S. mutans,SMU_RS04460,0.3258426966292135,0.4898343064586503,0.42696629213483145
Smu_UA159,S. mutans,SMU_RS04465,0.2644628099173554,0.517788483083917,0.35537190082644626
Smu_UA159,S. mutans,SMU_RS04470,0.2875,0.4617663272088423,0.3729166666666667
Smu_UA159,S. mutans,SMU_RS04475,0.24104234527687296,0.5794010776983058,0.3800217155266015
Smu_UA159,S. mutans,SMU_RS04480,0.2987012987012987,0.5129597403854265,0.3922077922077922
Smu_UA159,S. mutans,SMU_RS04485,0.3132075471698113,0.5234923704972876,0.3484276729559748
Smu_UA159,S. mutans,SMU_RS04490,0.3127413127413127,0.48166951336907055,0.3333333333333333
Smu_UA159,S. mutans,SMU_RS04495,0.2988826815642458,0.5111757804949432,0.35195530726256985
Smu_UA159,S. mutans,SMU_RS04505,0.22170542635658916,0.6208120822892527,0.37777777777777777
Smu_UA159,S. mutans,SMU_RS04515,0.23411371237458195,0.6247571567700443,0.3088071348940914
Smu_UA159,S. mutans,SMU_RS04520,0.25149700598802394,0.4629525163385526,0.3473053892215569
Smu_UA159,S. mutans,SMU_RS04525,0.20876826722338204,0.6271534072711278,0.36882393876130826
Smu_UA159,S. mutans,SMU_RS04530,0.22674418604651161,0.5030442988082424,0.3178294573643411
Smu_UA159,S. mutans,SMU_RS04535,0.20704845814977973,0.6052594554933358,0.35389133627019087
Smu_UA159,S. mutans,SMU_RS04540,0.24366471734892786,0.5069625646669174,0.3313840155945419
Smu_UA159,S. mutans,SMU_RS04550,0.21448467966573817,0.6838951989348964,0.3946146703806871
Smu_UA159,S. mutans,SMU_RS04555,0.24149659863945577,0.6086503730338977,0.3922902494331066
Smu_UA159,S. mutans,SMU_RS04560,0.23008849557522124,0.624681970835089,0.3746312684365782
Smu_UA159,S. mutans,SMU_RS04565,0.2329192546583851,0.5052870633578096,0.33229813664596275
Smu_UA159,S. mutans,SMU_RS04570,0.31690140845070425,0.49524973653850773,0.3755868544600939
Smu_UA159,S. mutans,SMU_RS04575,0.30268199233716475,0.4689762794993822,0.3959131545338442
Smu_UA159,S. mutans,SMU_RS04580,0.2772585669781931,0.45739714403419107,0.3374870197300104
Smu_UA159,S. mutans,SMU_RS04585,0.3117283950617284,0.45484776228787577,0.32407407407407407
Smu_UA159,S. mutans,SMU_RS04590,0.26022304832713755,0.4557513699113157,0.3246592317224288
Smu_UA159,S. mutans,SMU_RS04595,0.25958702064896755,0.6154273725897655,0.336283185840708
Smu_UA159,S. mutans,SMU_RS04605,0.23487544483985764,0.5117163240070691,0.3594306049822064
Smu_UA159,S. mutans,SMU_RS04610,0.2818696883852691,0.558617245522798,0.37252124645892354
Smu_UA159,S. mutans,SMU_RS04615,0.31235955056179776,0.5143466558881264,0.4202247191011236
Smu_UA159,S. mutans,SMU_RS04620,0.3628977657413676,0.5204571043151288,0.41006544798013994
Smu_UA159,S. mutans,SMU_RS04625,0.3241758241758242,0.5295354839178044,0.3985805860805861
Smu_UA159,S. mutans,SMU_RS04630,0.2908366533864542,0.5245375829728267,0.36254980079681276
Smu_UA159,S. mutans,SMU_RS04635,0.26047904191616766,0.5161162768147836,0.32984031936127745
Smu_UA159,S. mutans,SMU_RS04640,0.33035714285714285,0.49359280536013933,0.3556547619047619
Smu_UA159,S. mutans,SMU_RS04645,0.2893081761006289,0.4442904073608321,0.31761006289308175
Smu_UA159,S. mutans,SMU_RS04650,0.24857142857142858,0.5751455144275002,0.3476190476190476
Smu_UA159,S. mutans,SMU_RS04655,0.265993265993266,0.4632638790941584,0.3479236812570146
Smu_UA159,S. mutans,SMU_RS04660,0.25217391304347825,0.5075848419107669,0.34492753623188405
Smu_UA159,S. mutans,SMU_RS04665,0.28205128205128205,0.5451508643510048,0.37037037037037035
Smu_UA159,S. mutans,SMU_RS04670,0.2545454545454545,0.517031406170364,0.3575757575757576
Smu_UA159,S. mutans,SMU_RS04675,0.26717557251908397,0.5681665195317693,0.4071246819338422
Smu_UA159,S. mutans,SMU_RS04680,0.2807486631016043,0.54568238285216,0.3698752228163993
Smu_UA159,S. mutans,SMU_RS04685,0.2815533980582524,0.5776342011732033,0.40129449838187703
Smu_UA159,S. mutans,SMU_RS04690,0.23255813953488372,0.5623468404928993,0.3920265780730897
Smu_UA159,S. mutans,SMU_RS04695,0.228515625,0.6369576595046896,0.3815104166666667
Smu_UA159,S. mutans,SMU_RS04700,0.2737430167597765,0.5400200991945355,0.3687150837988827
Smu_UA159,S. mutans,SMU_RS04705,0.2349137931034483,0.5818975666619881,0.3915229885057471
Smu_UA159,S. mutans,SMU_RS04715,0.33098591549295775,0.40081710558368616,0.36384976525821594
Smu_UA159,S. mutans,SMU_RS04720,0.29133858267716534,0.34211879878763723,0.3123359580052493
Smu_UA159,S. mutans,SMU_RS04725,0.22535211267605634,0.5512606653466665,0.2597809076682316
Smu_UA159,S. mutans,SMU_RS04730,0.20579710144927535,0.47691930622142076,0.3314009661835749
Smu_UA159,S. mutans,SMU_RS04760,0.2689075630252101,0.5216621230087956,0.3520074696545285
Smu_UA159,S. mutans,SMU_RS04765,0.3468013468013468,0.5126026004799703,0.38496071829405165
Smu_UA159,S. mutans,SMU_RS04770,0.2782258064516129,0.5398031512813851,0.3521505376344086
Smu_UA159,S. mutans,SMU_RS04775,0.3037542662116041,0.4569427175296788,0.34698521046643915
Smu_UA159,S. mutans,SMU_RS04780,0.30735930735930733,0.45566343163209927,0.3708513708513709
Smu_UA159,S. mutans,SMU_RS04785,0.25539568345323743,0.5438946259474456,0.32014388489208634
Smu_UA159,S. mutans,SMU_RS04790,0.32142857142857145,0.5038211726276864,0.4126984126984127
Smu_UA159,S. mutans,SMU_RS04795,0.2570281124497992,0.5143526243006635,0.35475234270414996
Smu_UA159,S. mutans,SMU_RS04800,0.2537313432835821,0.5067642912560617,0.31218905472636815
Smu_UA159,S. mutans,SMU_RS04805,0.25903614457831325,0.5859929190164943,0.3885542168674699
Smu_UA159,S. mutans,SMU_RS04810,0.265993265993266,0.4649503345567336,0.3569023569023569
Smu_UA159,S. mutans,SMU_RS04815,0.23381294964028776,0.5104547425831883,0.34652278177458035
Smu_UA159,S. mutans,SMU_RS04820,0.26576576576576577,0.5041435684683917,0.35135135135135137
Smu_UA159,S. mutans,SMU_RS04830,0.2751322751322751,0.5062766227439057,0.3315696649029982
Smu_UA159,S. mutans,SMU_RS04835,0.23853211009174313,0.5976185956875378,0.38328236493374107
Smu_UA159,S. mutans,SMU_RS04840,0.20911528150134048,0.5484783168300874,0.3494191242180518
Smu_UA159,S. mutans,SMU_RS04845,0.25,0.5212777948718748,0.28735632183908044
Smu_UA159,S. mutans,SMU_RS04850,0.24766355140186916,0.5751220750315336,0.3582554517133956
Smu_UA159,S. mutans,SMU_RS04855,0.2672413793103448,0.5367748967646301,0.382183908045977
Smu_UA159,S. mutans,SMU_RS04860,0.23788546255506607,0.4365447010409296,0.3465491923641703
Smu_UA159,S. mutans,SMU_RS04865,0.25609756097560976,0.5125292385230014,0.2967479674796748
Smu_UA159,S. mutans,SMU_RS04870,0.273542600896861,0.48813970818571134,0.3423019431988042
Smu_UA159,S. mutans,SMU_RS04880,0.31721470019342357,0.5600532081759089,0.3965183752417795
Smu_UA159,S. mutans,SMU_RS04885,0.3063063063063063,0.490496718265891,0.32432432432432434
Smu_UA159,S. mutans,SMU_RS04890,0.2668977469670711,0.5698523537188177,0.3587521663778163
Smu_UA159,S. mutans,SMU_RS04895,0.24938271604938272,0.5474565355783544,0.3794238683127572
Smu_UA159,S. mutans,SMU_RS04900,0.26066350710900477,0.4540200640364025,0.3570300157977883
Smu_UA159,S. mutans,SMU_RS04905,0.2875536480686695,0.4863382235872611,0.38483547925608014
Smu_UA159,S. mutans,SMU_RS04910,0.32432432432432434,0.5673776973872133,0.4214929214929215
Smu_UA159,S. mutans,SMU_RS04915,0.30798479087452474,0.4584643000837636,0.3485424588086185
Smu_UA159,S. mutans,SMU_RS04920,0.2857142857142857,0.5269896163373656,0.3635307781649245
Smu_UA159,S. mutans,SMU_RS04925,0.2684563758389262,0.5291734156540413,0.3042505592841163
Smu_UA159,S. mutans,SMU_RS04930,0.26704545454545453,0.4819063684396559,0.3143939393939394
Smu_UA159,S. mutans,SMU_RS04935,0.3028169014084507,0.5108498071766306,0.36502347417840375
Smu_UA159,S. mutans,SMU_RS04940,0.2682926829268293,0.557760905944805,0.35365853658536583
Smu_UA159,S. mutans,SMU_RS04945,0.2836624775583483,0.5910556740453734,0.40993417115499703
Smu_UA159,S. mutans,SMU_RS04950,0.314410480349345,0.49536740889094916,0.35662299854439594
Smu_UA159,S. mutans,SMU_RS04955,0.2833333333333333,0.4649096591560187,0.37962962962962965
Smu_UA159,S. mutans,SMU_RS04960,0.2879581151832461,0.549149321891916,0.34205933682373474
Smu_UA159,S. mutans,SMU_RS04965,0.26573426573426573,0.6589206578210155,0.3945221445221445
Smu_UA159,S. mutans,SMU_RS04970,0.3161512027491409,0.45724787387029375,0.3734249713631157
Smu_UA159,S. mutans,SMU_RS04975,0.3044982698961938,0.45557071489132916,0.3737024221453287
Smu_UA159,S. mutans,SMU_RS04980,0.25853658536585367,0.47694794786528044,0.34471544715447155
Smu_UA159,S. mutans,SMU_RS04985,0.29141104294478526,0.5297108075812322,0.3374233128834356
Smu_UA159,S. mutans,SMU_RS04990,0.2684085510688836,0.6109687278199744,0.39429928741092635
Smu_UA159,S. mutans,SMU_RS04995,0.25888324873096447,0.44290973018471314,0.39593908629441626
Smu_UA159,S. mutans,SMU_RS05000,0.26618705035971224,0.5573654145090468,0.3764988009592326
Smu_UA159,S. mutans,SMU_RS05005,0.2972222222222222,0.548535742286146,0.4111111111111111
Smu_UA159,S. mutans,SMU_RS05010,0.328125,0.4668141319153983,0.3697916666666667
Smu_UA159,S. mutans,SMU_RS05020,0.2692307692307692,0.5406288742222151,0.3579059829059829
Smu_UA159,S. mutans,SMU_RS05025,0.24378109452736318,0.5873064138983568,0.3615257048092869
Smu_UA159,S. mutans,SMU_RS05030,0.28095238095238095,0.5624180492109079,0.39365079365079364
Smu_UA159,S. mutans,SMU_RS05035,0.26968503937007876,0.5475990114601959,0.3910761154855643
Smu_UA159,S. mutans,SMU_RS05040,0.2544731610337972,0.5436992861286223,0.36646785950960903
Smu_UA159,S. mutans,SMU_RS05045,0.2420091324200913,0.5603763233809653,0.3363774733637747
Smu_UA159,S. mutans,SMU_RS05050,0.29980276134122286,0.49055521381353084,0.36423405654174884
Smu_UA159,S. mutans,SMU_RS05055,0.29045643153526973,0.45609339572458596,0.37621023513139695
Smu_UA159,S. mutans,SMU_RS05060,0.2484472049689441,0.5773701891013103,0.3250517598343685
Smu_UA159,S. mutans,SMU_RS05065,0.29595015576323985,0.5230318997129698,0.3707165109034268
Smu_UA159,S. mutans,SMU_RS05070,0.272,0.5260796933429732,0.34933333333333333
Smu_UA159,S. mutans,SMU_RS05075,0.3048016701461378,0.5993879532557889,0.38413361169102295
Smu_UA159,S. mutans,SMU_RS05085,0.28780487804878047,0.5393443141443685,0.408130081300813
Smu_UA159,S. mutans,SMU_RS05090,0.3065326633165829,0.4991807897579564,0.37185929648241206
Smu_UA159,S. mutans,SMU_RS05095,0.2803738317757009,0.45770188710702325,0.34890965732087226
Smu_UA159,S. mutans,SMU_RS05100,0.3173431734317343,0.5048577739389682,0.37392373923739236
Smu_UA159,S. mutans,SMU_RS05105,0.35645933014354064,0.5157292397054996,0.3963317384370016
Smu_UA159,S. mutans,SMU_RS05110,0.2345679012345679,0.5421720881767345,0.3323045267489712
Smu_UA159,S. mutans,SMU_RS05115,0.2518518518518518,0.47003532795300734,0.36049382716049383
Smu_UA159,S. mutans,SMU_RS05120,0.291497975708502,0.45889697871080287,0.3630229419703104
Smu_UA159,S. mutans,SMU_RS05125,0.2777101096224117,0.5302915069977808,0.39545269995939913
Smu_UA159,S. mutans,SMU_RS05130,0.22796352583586627,0.707437679834311,0.39918946301925023
Smu_UA159,S. mutans,SMU_RS05135,0.23746701846965698,0.49867584091738104,0.34564643799472294
Smu_UA159,S. mutans,SMU_RS05140,0.22489082969432314,0.6364425761295861,0.3682678311499272
Smu_UA159,S. mutans,SMU_RS05145,0.22884012539184953,0.5445013132511834,0.37408568443051204
Smu_UA159,S. mutans,SMU_RS05150,0.30362116991643456,0.5186444936831316,0.4020427112349118
Smu_UA159,S. mutans,SMU_RS05155,0.24266144814090018,0.553353849405143,0.37638617090671883
Smu_UA159,S. mutans,SMU_RS05160,0.21428571428571427,0.6464264170626105,0.37714285714285717
Smu_UA159,S. mutans,SMU_RS05165,0.2929936305732484,0.4899808040992928,0.38004246284501064
Smu_UA159,S. mutans,SMU_RS05170,0.17194570135746606,0.600780028726956,0.3861236802413273
Smu_UA159,S. mutans,SMU_RS05175,0.3028169014084507,0.496128048750827,0.38810641627543035
Smu_UA159,S. mutans,SMU_RS05180,0.25125628140703515,0.5332392904949589,0.3316582914572864
Smu_UA159,S. mutans,SMU_RS05185,0.250814332247557,0.5362814524119337,0.31378935939196523
Smu_UA159,S. mutans,SMU_RS05195,0.2798165137614679,0.5206065889916431,0.33868501529051986
Smu_UA159,S. mutans,SMU_RS05200,0.28444444444444444,0.4950899772752304,0.34074074074074073
Smu_UA159,S. mutans,SMU_RS05210,0.26,0.5613450780427188,0.37176470588235294
Smu_UA159,S. mutans,SMU_RS05215,0.26605504587155965,0.5586390155479865,0.3577981651376147
Smu_UA159,S. mutans,SMU_RS05220,0.2450592885375494,0.5744204017595076,0.36231884057971014
Smu_UA159,S. mutans,SMU_RS05225,0.2835820895522388,0.5992072769336868,0.36069651741293535
Smu_UA159,S. mutans,SMU_RS05230,0.27364864864864863,0.5429090980978996,0.3963963963963964
Smu_UA159,S. mutans,SMU_RS05235,0.30128205128205127,0.5114720336532759,0.37927350427350426
Smu_UA159,S. mutans,SMU_RS05240,0.2916666666666667,0.5380672572538451,0.3819444444444444
Smu_UA159,S. mutans,SMU_RS05245,0.2425629290617849,0.5032867844265869,0.36689549961861173
Smu_UA159,S. mutans,SMU_RS05250,0.2766798418972332,0.5606203796862291,0.36231884057971014
Smu_UA159,S. mutans,SMU_RS05260,0.30434782608695654,0.4649429468913819,0.3743961352657005
Smu_UA159,S. mutans,SMU_RS05265,0.30618892508143325,0.47140271468500267,0.3735070575461455
Smu_UA159,S. mutans,SMU_RS05270,0.30612244897959184,0.4556377767993443,0.3979591836734694
Smu_UA159,S. mutans,SMU_RS05275,0.3059360730593607,0.4863468762407497,0.3378995433789954
Smu_UA159,S. mutans,SMU_RS05280,0.3652173913043478,0.44326142381312217,0.3695652173913043
Smu_UA159,S. mutans,SMU_RS05285,0.34983498349834985,0.45779615007008656,0.37513751375137516
Smu_UA159,S. mutans,SMU_RS05290,0.4008097165991903,0.41263533208200104,0.3792172739541161
Smu_UA159,S. mutans,SMU_RS05295,0.4156378600823045,0.408118645438277,0.3895747599451303
Smu_UA159,S. mutans,SMU_RS05300,0.34725274725274724,0.5256029740055675,0.4095238095238095
Smu_UA159,S. mutans,SMU_RS05310,0.35855263157894735,0.4596156578392636,0.36293859649122806
Smu_UA159,S. mutans,SMU_RS05325,0.4206896551724138,0.3189896491605204,0.42758620689655175
Smu_UA159,S. mutans,SMU_RS05330,0.19491525423728814,0.519812549253387,0.2749529190207156
Smu_UA159,S. mutans,SMU_RS05335,0.4606205250596659,0.4270854320282212,0.4152744630071599
Smu_UA159,S. mutans,SMU_RS05340,0.21407624633431085,0.4884083566036513,0.30009775171065495
Smu_UA159,S. mutans,SMU_RS05345,0.24096385542168675,0.485872137403512,0.31057563587684067
Smu_UA159,S. mutans,SMU_RS05350,0.37628865979381443,0.48838758335572896,0.40378006872852235
Smu_UA159,S. mutans,SMU_RS05355,0.32825719120135366,0.4541288867925329,0.38747884940778343
Smu_UA159,S. mutans,SMU_RS05360,0.3088235294117647,0.5048014574260655,0.34967320261437906
Smu_UA159,S. mutans,SMU_RS05365,0.3348519362186788,0.4501152294359299,0.3800303720577069
Smu_UA159,S. mutans,SMU_RS05370,0.2948717948717949,0.5214796173045624,0.3817663817663818
Smu_UA159,S. mutans,SMU_RS05375,0.3333333333333333,0.40069647627489713,0.3570127504553734
Smu_UA159,S. mutans,SMU_RS05380,0.30319148936170215,0.511735592745078,0.3475177304964539
Smu_UA159,S. mutans,SMU_RS05385,0.2815126050420168,0.46396220532201626,0.33613445378151263
Smu_UA159,S. mutans,SMU_RS05390,0.2801556420233463,0.5042611193792406,0.3722438391699092
Smu_UA159,S. mutans,SMU_RS05395,0.242914979757085,0.5496220714610339,0.3913630229419703
Smu_UA159,S. mutans,SMU_RS05400,0.24355971896955503,0.5635666491558673,0.40749414519906324
Smu_UA159,S. mutans,SMU_RS05405,0.34914361001317523,0.47433210537365217,0.4101888449714537
Smu_UA159,S. mutans,SMU_RS05410,0.32967032967032966,0.5001170490030532,0.40512820512820513
Smu_UA159,S. mutans,SMU_RS05415,0.31738035264483627,0.4940943796602611,0.3711167086481948
Smu_UA159,S. mutans,SMU_RS05420,0.2949640287769784,0.580815088049432,0.3441247002398082
Smu_UA159,S. mutans,SMU_RS05425,0.2761904761904762,0.5148039040445698,0.3492063492063492
Smu_UA159,S. mutans,SMU_RS05430,0.2803738317757009,0.4901331507439251,0.3598130841121495
Smu_UA159,S. mutans,SMU_RS05435,0.17117117117117117,0.6686972148379564,0.33933933933933935
Smu_UA159,S. mutans,SMU_RS05440,0.2245430809399478,0.6222711188134603,0.36553524804177545
Smu_UA159,S. mutans,SMU_RS05445,0.2602739726027397,0.6108087144597175,0.3767123287671233
Smu_UA159,S. mutans,SMU_RS05450,0.26574500768049153,0.5084987607267114,0.3266769073220686
Smu_UA159,S. mutans,SMU_RS05455,0.2796610169491525,0.5696615022785666,0.40508474576271186
Smu_UA159,S. mutans,SMU_RS05460,0.23140495867768596,0.6072469808055229,0.3840220385674931
Smu_UA159,S. mutans,SMU_RS05465,0.25405405405405407,0.5202173556073859,0.3063063063063063
Smu_UA159,S. mutans,SMU_RS05475,0.21157684630738524,0.7183225398761948,0.3819028609447771
Smu_UA159,S. mutans,SMU_RS05480,0.30177514792899407,0.5583674501562785,0.44871794871794873
Smu_UA159,S. mutans,SMU_RS05485,0.26280193236714977,0.517110309866048,0.35201288244766504
Smu_UA159,S. mutans,SMU_RS05490,0.29838709677419356,0.5062453388586553,0.3682795698924731
Smu_UA159,S. mutans,SMU_RS05495,0.2457627118644068,0.5025479311548198,0.3347457627118644
Smu_UA159,S. mutans,SMU_RS05500,0.2673992673992674,0.4820762353016889,0.3137973137973138
Smu_UA159,S. mutans,SMU_RS05505,0.28292682926829266,0.5274420555900129,0.34308943089430893
Smu_UA159,S. mutans,SMU_RS05515,0.32195121951219513,0.5528918163247195,0.3235772357723577
Smu_UA159,S. mutans,SMU_RS05525,0.215,0.6784448385358485,0.4141666666666667
Smu_UA159,S. mutans,SMU_RS05545,0.3096590909090909,0.5935507955965089,0.42329545454545453
Smu_UA159,S. mutans,SMU_RS05550,0.33455433455433453,0.5143160651193235,0.41066341066341067
Smu_UA159,S. mutans,SMU_RS05555,0.20634920634920634,0.550367995877052,0.2980599647266314
Smu_UA159,S. mutans,SMU_RS05560,0.27956989247311825,0.6210466986068258,0.32616487455197135
Smu_UA159,S. mutans,SMU_RS05565,0.5148514851485149,0.39420280787164796,0.45874587458745875
Smu_UA159,S. mutans,SMU_RS05570,0.432,0.4411182159995081,0.424
Smu_UA159,S. mutans,SMU_RS05575,0.232662192393736,0.46452156570606207,0.313944817300522
Smu_UA159,S. mutans,SMU_RS05580,0.38,0.46992382282833267,0.4282051282051282
Smu_UA159,S. mutans,SMU_RS05585,0.2863849765258216,0.4739619322308898,0.352112676056338
Smu_UA159,S. mutans,SMU_RS05590,0.3181818181818182,0.4928919588356831,0.4095643939393939
Smu_UA159,S. mutans,SMU_RS05595,0.2907801418439716,0.5226816282692369,0.4081954294720252
Smu_UA159,S. mutans,SMU_RS05600,0.29357798165137616,0.5123599936253534,0.39908256880733944
Smu_UA159,S. mutans,SMU_RS05605,0.3486238532110092,0.4427192789458313,0.3746177370030581
Smu_UA159,S. mutans,SMU_RS05610,0.33098591549295775,0.48998689856091676,0.3544600938967136
Smu_UA159,S. mutans,SMU_RS05615,0.36382536382536385,0.4042226034691586,0.44490644490644493
Smu_UA159,S. mutans,SMU_RS05620,0.38596491228070173,0.41771250162707646,0.38596491228070173
Smu_UA159,S. mutans,SMU_RS05625,0.25149700598802394,0.6053441620568816,0.36926147704590817
Smu_UA159,S. mutans,SMU_RS05630,0.319047619047619,0.5511148066973492,0.4111111111111111
Smu_UA159,S. mutans,SMU_RS05635,0.3593073593073593,0.4847852684436052,0.4531024531024531
Smu_UA159,S. mutans,SMU_RS05640,0.3161290322580645,0.5170645232670138,0.42795698924731185
Smu_UA159,S. mutans,SMU_RS05650,0.3795379537953795,0.5046347576930186,0.385038503850385
Smu_UA159,S. mutans,SMU_RS05655,0.33203125,0.49996564066732013,0.34375
Smu_UA159,S. mutans,SMU_RS05660,0.2936170212765957,0.5957965632881309,0.4014184397163121
Smu_UA159,S. mutans,SMU_RS05665,0.29535864978902954,0.558743673214531,0.3881856540084388
Smu_UA159,S. mutans,SMU_RS05670,0.25555555555555554,0.5841526967509254,0.40617283950617283
Smu_UA159,S. mutans,SMU_RS05675,0.25806451612903225,0.4995078574188945,0.34838709677419355
Smu_UA159,S. mutans,SMU_RS05685,0.3217821782178218,0.5616666291534081,0.42326732673267325
Smu_UA159,S. mutans,SMU_RS05690,0.3008849557522124,0.5372972186346827,0.415929203539823
Smu_UA159,S. mutans,SMU_RS05695,0.3706140350877193,0.4679283043747459,0.4239766081871345
Smu_UA159,S. mutans,SMU_RS05700,0.25,0.50766202698795,0.34701492537313433
Smu_UA159,S. mutans,SMU_RS05705,0.27350427350427353,0.3915361328714295,0.35327635327635326
Smu_UA159,S. mutans,SMU_RS05710,0.2376237623762376,0.43926152468834245,0.31683168316831684
Smu_UA159,S. mutans,SMU_RS05715,0.336734693877551,0.4973750812617343,0.391156462585034
Smu_UA159,S. mutans,SMU_RS05720,0.3036093418259023,0.5526979460701726,0.41118188251946214
Smu_UA159,S. mutans,SMU_RS05725,0.3034825870646766,0.4962281183868024,0.3814262023217247
Smu_UA159,S. mutans,SMU_RS05730,0.412751677852349,0.44144592431057855,0.40939597315436244
Smu_UA159,S. mutans,SMU_RS05740,0.3275862068965517,0.49870659854695504,0.3793103448275862
Smu_UA159,S. mutans,SMU_RS05750,0.24018475750577367,0.7962994894455473,0.40877598152424943
Smu_UA159,S. mutans,SMU_RS05755,0.308411214953271,0.486313492359194,0.3333333333333333
Smu_UA159,S. mutans,SMU_RS05765,0.2847682119205298,0.508899046167077,0.3686534216335541
Smu_UA159,S. mutans,SMU_RS05770,0.2884097035040431,0.47549970413835946,0.42857142857142855
Smu_UA159,S. mutans,SMU_RS05775,0.36619718309859156,0.49290125463112416,0.3685446009389671
Smu_UA159,S. mutans,SMU_RS05780,0.3395348837209302,0.48209107530497347,0.3922480620155039
Smu_UA159,S. mutans,SMU_RS05790,0.35267857142857145,0.45209507319938314,0.37351190476190477
Smu_UA159,S. mutans,SMU_RS05795,0.18099547511312217,0.5243679119414151,0.31825037707390647
Smu_UA159,S. mutans,SMU_RS05800,0.1834862385321101,0.5447306578007012,0.3211009174311927
Smu_UA159,S. mutans,SMU_RS05810,0.4,0.47696042591054444,0.42857142857142855
Smu_UA159,S. mutans,SMU_RS05815,0.174496644295302,0.4213710701510004,0.25727069351230425
Smu_UA159,S. mutans,SMU_RS05820,0.4090909090909091,0.4457771397391024,0.41515151515151516
Smu_UA159,S. mutans,SMU_RS05825,0.3888888888888889,0.44418563928298227,0.4523809523809524
Smu_UA159,S. mutans,SMU_RS05830,0.3375,0.5219501701493349,0.4111111111111111
Smu_UA159,S. mutans,SMU_RS05835,0.3564356435643564,0.4929349481448817,0.43564356435643564
Smu_UA159,S. mutans,SMU_RS05840,0.3474576271186441,0.4049839169113921,0.3870056497175141
Smu_UA159,S. mutans,SMU_RS05845,0.40512820512820513,0.4691951920273123,0.4307692307692308
Smu_UA159,S. mutans,SMU_RS05850,0.3888888888888889,0.46895223023266364,0.44598765432098764
Smu_UA159,S. mutans,SMU_RS05855,0.3060747663551402,0.5177810578996545,0.4190031152647975
Smu_UA159,S. mutans,SMU_RS05860,0.3194444444444444,0.4963754408455802,0.39351851851851855
Smu_UA159,S. mutans,SMU_RS05865,0.34579439252336447,0.5201774396381601,0.3935617860851506
Smu_UA159,S. mutans,SMU_RS05870,0.32285714285714284,0.45730007375161774,0.38571428571428573
Smu_UA159,S. mutans,SMU_RS05875,0.25565217391304346,0.5765864180123709,0.3518840579710145
Smu_UA159,S. mutans,SMU_RS05880,0.3102918586789555,0.5485024715400092,0.402457757296467
Smu_UA159,S. mutans,SMU_RS05885,0.2552083333333333,0.5051392464655315,0.375
Smu_UA159,S. mutans,SMU_RS05890,0.31295843520782396,0.519933683125845,0.35859820700896494
Smu_UA159,S. mutans,SMU_RS05895,0.28418230563002683,0.5029666623099579,0.355674709562109
Smu_UA159,S. mutans,SMU_RS05900,0.32275132275132273,0.5099726875991346,0.37037037037037035
Smu_UA159,S. mutans,SMU_RS05910,0.3090909090909091,0.37188811164880103,0.3984848484848485
Smu_UA159,S. mutans,SMU_RS05915,0.2900763358778626,0.40511542856727967,0.3435114503816794
Smu_UA159,S. mutans,SMU_RS05920,0.28205128205128205,0.49323633581711407,0.3162393162393162
Smu_UA159,S. mutans,SMU_RS05925,0.25,0.714789701711232,0.4224137931034483
Smu_UA159,S. mutans,SMU_RS05930,0.2800982800982801,0.46587151147766626,0.38738738738738737
Smu_UA159,S. mutans,SMU_RS05935,0.257985257985258,0.45881956723161454,0.36609336609336607
Smu_UA159,S. mutans,SMU_RS05945,0.2920353982300885,0.3720647609755309,0.3495575221238938
Smu_UA159,S. mutans,SMU_RS05950,0.2993492407809111,0.5498534030050725,0.38322487346348516
Smu_UA159,S. mutans,SMU_RS05955,0.23648648648648649,0.6235773837054919,0.38513513513513514
Smu_UA159,S. mutans,SMU_RS05960,0.30857142857142855,0.43978693822011505,0.3914285714285714
Smu_UA159,S. mutans,SMU_RS05965,0.3068181818181818,0.5376170947957827,0.39646464646464646
Smu_UA159,S. mutans,SMU_RS05970,0.31189710610932475,0.5492773509106728,0.3954983922829582
Smu_UA159,S. mutans,SMU_RS05980,0.3611111111111111,0.4197366938574632,0.3611111111111111
Smu_UA159,S. mutans,SMU_RS05985,0.3103448275862069,0.48806207709265714,0.3879310344827586
Smu_UA159,S. mutans,SMU_RS05990,0.38095238095238093,0.4459902938918319,0.4021164021164021
Smu_UA159,S. mutans,SMU_RS05995,0.2702169625246548,0.5954336873115619,0.3622616699539776
Smu_UA159,S. mutans,SMU_RS06000,0.26180257510729615,0.5184027310837273,0.38483547925608014
Smu_UA159,S. mutans,SMU_RS06005,0.3157894736842105,0.45934855752286813,0.35526315789473684
Smu_UA159,S. mutans,SMU_RS06010,0.29141104294478526,0.5091644812832994,0.39263803680981596
Smu_UA159,S. mutans,SMU_RS06015,0.3265993265993266,0.45878928277031517,0.4051627384960718
Smu_UA159,S. mutans,SMU_RS06020,0.31225296442687744,0.47571121166651237,0.35968379446640314
Smu_UA159,S. mutans,SMU_RS06025,0.24603174603174602,0.5497731212907263,0.38095238095238093
Smu_UA159,S. mutans,SMU_RS06030,0.3021978021978022,0.500336708059419,0.41025641025641024
Smu_UA159,S. mutans,SMU_RS06035,0.34966592427616927,0.5277562697251632,0.41870824053452116
Smu_UA159,S. mutans,SMU_RS06040,0.24873096446700507,0.5851159986465191,0.377326565143824
Smu_UA159,S. mutans,SMU_RS06045,0.3166869671132765,0.4591030303099057,0.3694681282988226
Smu_UA159,S. mutans,SMU_RS06050,0.39568345323741005,0.5126576451215972,0.407673860911271
Smu_UA159,S. mutans,SMU_RS06055,0.2981651376146789,0.47102327730791904,0.3165137614678899
Smu_UA159,S. mutans,SMU_RS06060,0.2581967213114754,0.43695813707296727,0.28825136612021857
Smu_UA159,S. mutans,SMU_RS06065,0.2376237623762376,0.4807444290260574,0.30363036303630364
Smu_UA159,S. mutans,SMU_RS06075,0.35856573705179284,0.5021757897812821,0.4302788844621514
Smu_UA159,S. mutans,SMU_RS06080,0.30025445292620867,0.5879121691447974,0.36980491942324
Smu_UA159,S. mutans,SMU_RS06085,0.2549019607843137,0.6176881677139615,0.41045751633986927
Smu_UA159,S. mutans,SMU_RS06090,0.3192488262910798,0.5135170426177562,0.38028169014084506
Smu_UA159,S. mutans,SMU_RS06095,0.2724358974358974,0.5679492268508232,0.3504273504273504
Smu_UA159,S. mutans,SMU_RS06100,0.2727272727272727,0.550906041317086,0.38816738816738816
Smu_UA159,S. mutans,SMU_RS06105,0.3643835616438356,0.4854187087132728,0.41278538812785387
Smu_UA159,S. mutans,SMU_RS06110,0.2826666666666667,0.5178285784230209,0.37155555555555553
Smu_UA159,S. mutans,SMU_RS06130,0.1774891774891775,0.49210381229681216,0.26406926406926406
Smu_UA159,S. mutans,SMU_RS06135,0.20121951219512196,0.5073688026882748,0.3231707317073171
Smu_UA159,S. mutans,SMU_RS06140,0.19488817891373802,0.5255325384950738,0.27689030883919064
Smu_UA159,S. mutans,SMU_RS06145,0.16,0.5444226392076309,0.252
Smu_UA159,S. mutans,SMU_RS06150,0.1896551724137931,0.49349640362432307,0.2857142857142857
Smu_UA159,S. mutans,SMU_RS06155,0.19574175824175824,0.49438724136339995,0.2838827838827839
Smu_UA159,S. mutans,SMU_RS06160,0.20319214241866176,0.504084921189565,0.29568242275424594
Smu_UA159,S. mutans,SMU_RS06165,0.1991869918699187,0.49380861132218795,0.2940379403794038
Smu_UA159,S. mutans,SMU_RS06170,0.178348623853211,0.5281307238092681,0.2817125382262997
Smu_UA159,S. mutans,SMU_RS06175,0.1887298747763864,0.5124250489233761,0.29069767441860467
Smu_UA159,S. mutans,SMU_RS06180,0.16009852216748768,0.5193209148624452,0.2660098522167488
Smu_UA159,S. mutans,SMU_RS06185,0.18138801261829654,0.49009975228635305,0.2833859095688749
Smu_UA159,S. mutans,SMU_RS06190,0.20833333333333334,0.5234334667178623,0.28055555555555556
Smu_UA159,S. mutans,SMU_RS06195,0.22023047375160051,0.4997460976219207,0.29577464788732394
Smu_UA159,S. mutans,SMU_RS06200,0.23076923076923078,0.47901787968660053,0.33618233618233617
Smu_UA159,S. mutans,SMU_RS06205,0.23958333333333334,0.46019509229885014,0.296875
Smu_UA159,S. mutans,SMU_RS06225,0.1958762886597938,0.5446544164673628,0.29037800687285226
Smu_UA159,S. mutans,SMU_RS06235,0.22023047375160051,0.4997460976219207,0.29577464788732394
Smu_UA159,S. mutans,SMU_RS06240,0.23076923076923078,0.47901787968660053,0.33618233618233617
Smu_UA159,S. mutans,SMU_RS06245,0.31,0.45596497570992345,0.3466666666666667
Smu_UA159,S. mutans,SMU_RS06250,0.375,0.4393984527872566,0.37752525252525254
Smu_UA159,S. mutans,SMU_RS06255,0.40186915887850466,0.3241205156599937,0.40498442367601245
Smu_UA159,S. mutans,SMU_RS06270,0.29207920792079206,0.4849347872863349,0.35313531353135313
Smu_UA159,S. mutans,SMU_RS06275,0.3473282442748092,0.5930778630060851,0.4211195928753181
Smu_UA159,S. mutans,SMU_RS06280,0.4022346368715084,0.47446881846922684,0.3463687150837989
Smu_UA159,S. mutans,SMU_RS06285,0.3244444444444444,0.4717246937272663,0.36074074074074075
Smu_UA159,S. mutans,SMU_RS06290,0.25380710659898476,0.5538475357881029,0.34348561759729274
Smu_UA159,S. mutans,SMU_RS06295,0.30303030303030304,0.5095048970493091,0.4199134199134199
Smu_UA159,S. mutans,SMU_RS06300,0.28405797101449276,0.5189288260722832,0.4251207729468599
Smu_UA159,S. mutans,SMU_RS06305,0.2681992337164751,0.592980844072575,0.39527458492975737
Smu_UA159,S. mutans,SMU_RS06310,0.3047619047619048,0.5136645065764908,0.38095238095238093
Smu_UA159,S. mutans,SMU_RS06315,0.327217125382263,0.5219946881666776,0.381243628950051
Smu_UA159,S. mutans,SMU_RS06320,0.2631578947368421,0.5305049696137749,0.3656509695290859
Smu_UA159,S. mutans,SMU_RS06325,0.25594149908592323,0.5567030329769108,0.37416209628275443
Smu_UA159,S. mutans,SMU_RS06330,0.3698630136986301,0.4756667287010347,0.3698630136986301
Smu_UA159,S. mutans,SMU_RS06335,0.2512315270935961,0.5531772842305704,0.3694581280788177
Smu_UA159,S. mutans,SMU_RS06340,0.2830188679245283,0.4683256913661559,0.3438155136268344
Smu_UA159,S. mutans,SMU_RS06345,0.27898550724637683,0.46928662657523446,0.3611111111111111
Smu_UA159,S. mutans,SMU_RS06350,0.3464052287581699,0.4895311299505752,0.4095860566448802
Smu_UA159,S. mutans,SMU_RS06360,0.22945205479452055,0.6124129465941203,0.3915525114155251
Smu_UA159,S. mutans,SMU_RS06370,0.2516778523489933,0.5699685714406234,0.3344519015659955
Smu_UA159,S. mutans,SMU_RS06375,0.30158730158730157,0.43427262866022115,0.38095238095238093
Smu_UA159,S. mutans,SMU_RS06385,0.248868778280543,0.5276760387202136,0.29260935143288086
Smu_UA159,S. mutans,SMU_RS06390,0.4434782608695652,0.4085274133662093,0.4057971014492754
Smu_UA159,S. mutans,SMU_RS06395,0.3737024221453287,0.4624200581090565,0.3644752018454441
Smu_UA159,S. mutans,SMU_RS06400,0.2325408618127786,0.540776598305529,0.3286280336800396
Smu_UA159,S. mutans,SMU_RS06405,0.2664359861591695,0.4864079114467862,0.36678200692041524
Smu_UA159,S. mutans,SMU_RS06410,0.3244444444444444,0.4717246937272663,0.36074074074074075
Smu_UA159,S. mutans,SMU_RS06415,0.23875432525951557,0.5009359081638531,0.33794694348327564
Smu_UA159,S. mutans,SMU_RS06420,0.2698744769874477,0.5658795827003441,0.405160390516039
Smu_UA159,S. mutans,SMU_RS06425,0.2729591836734694,0.5404928511331555,0.36904761904761907
Smu_UA159,S. mutans,SMU_RS06430,0.3107947805456702,0.5219140929489018,0.35784895215500195
Smu_UA159,S. mutans,SMU_RS06435,0.3409090909090909,0.49044796584987804,0.3515151515151515
Smu_UA159,S. mutans,SMU_RS06440,0.2868217054263566,0.5119001823841474,0.39405684754521964
Smu_UA159,S. mutans,SMU_RS06445,0.30097087378640774,0.500279012751096,0.38996763754045305
Smu_UA159,S. mutans,SMU_RS06450,0.3292181069958848,0.5124322693031074,0.36213991769547327
Smu_UA159,S. mutans,SMU_RS06455,0.3543307086614173,0.4692546099853811,0.378827646544182
Smu_UA159,S. mutans,SMU_RS06460,0.32663316582914576,0.48874549882798257,0.38023450586264657
Smu_UA159,S. mutans,SMU_RS06465,0.31216931216931215,0.537449979674504,0.36684303350970016
Smu_UA159,S. mutans,SMU_RS06470,0.2631578947368421,0.5225594108867104,0.42105263157894735
Smu_UA159,S. mutans,SMU_RS06475,0.2936046511627907,0.5943872196827316,0.40988372093023256
Smu_UA159,S. mutans,SMU_RS06480,0.2681564245810056,0.5829043353297992,0.41247672253258844
Smu_UA159,S. mutans,SMU_RS06485,0.2825112107623318,0.4998210854068814,0.3953662182361734
Smu_UA159,S. mutans,SMU_RS06490,0.30197444831591175,0.4751378299378778,0.3797909407665505
Smu_UA159,S. mutans,SMU_RS06495,0.28444444444444444,0.5609074013113359,0.4088888888888889
Smu_UA159,S. mutans,SMU_RS06500,0.27899686520376177,0.5321015990384479,0.3437826541274817
Smu_UA159,S. mutans,SMU_RS06505,0.2736842105263158,0.5100418281302693,0.37660818713450295
Smu_UA159,S. mutans,SMU_RS06510,0.33035714285714285,0.4999799814492969,0.39657738095238093
Smu_UA159,S. mutans,SMU_RS06515,0.3650190114068441,0.5088007683103546,0.3916349809885932
Smu_UA159,S. mutans,SMU_RS06520,0.37460815047021945,0.44125675751319454,0.4111807732497388
Smu_UA159,S. mutans,SMU_RS06525,0.3324324324324324,0.483322735613501,0.36036036036036034
Smu_UA159,S. mutans,SMU_RS06530,0.32494279176201374,0.5568279945046539,0.3714721586575134
Smu_UA159,S. mutans,SMU_RS06535,0.2737642585551331,0.5656281332718279,0.3333333333333333
Smu_UA159,S. mutans,SMU_RS06540,0.26631853785900783,0.49716059818805475,0.3733681462140992
Smu_UA159,S. mutans,SMU_RS06545,0.24034334763948498,0.5447521600028628,0.3376251788268956
Smu_UA159,S. mutans,SMU_RS06550,0.22598870056497175,0.5552214119826216,0.327683615819209
Smu_UA159,S. mutans,SMU_RS06555,0.2878787878787879,0.5332736557062128,0.3686868686868687
Smu_UA159,S. mutans,SMU_RS06560,0.26666666666666666,0.5586590568439322,0.3333333333333333
Smu_UA159,S. mutans,SMU_RS06565,0.25225225225225223,0.5730921965780623,0.3741741741741742
Smu_UA159,S. mutans,SMU_RS06570,0.3241106719367589,0.4823663941142748,0.41106719367588934
Smu_UA159,S. mutans,SMU_RS06575,0.3137931034482759,0.45409918409096,0.37471264367816093
Smu_UA159,S. mutans,SMU_RS06580,0.2694610778443114,0.5680831842350345,0.36826347305389223
Smu_UA159,S. mutans,SMU_RS06585,0.3509090909090909,0.4958904311320457,0.37696969696969695
Smu_UA159,S. mutans,SMU_RS06590,0.3369098712446352,0.5360391968875959,0.37625178826895567
Smu_UA159,S. mutans,SMU_RS06595,0.26359832635983266,0.5660231754277208,0.39191073919107394
Smu_UA159,S. mutans,SMU_RS06600,0.2714285714285714,0.5522280881485994,0.4119047619047619
Smu_UA159,S. mutans,SMU_RS06605,0.2749391727493917,0.5217452395007517,0.35766423357664234
Smu_UA159,S. mutans,SMU_RS06610,0.28974358974358977,0.4855908939041157,0.3547008547008547
Smu_UA159,S. mutans,SMU_RS06615,0.2875,0.5497247547124137,0.35208333333333336
Smu_UA159,S. mutans,SMU_RS06620,0.3868194842406877,0.5975967085811087,0.4278892072588348
Smu_UA159,S. mutans,SMU_RS06625,0.32663316582914576,0.5790593869968054,0.4020100502512563
Smu_UA159,S. mutans,SMU_RS06630,0.2896551724137931,0.5516688175462477,0.4045977011494253
Smu_UA159,S. mutans,SMU_RS06635,0.2826086956521739,0.47464174382629537,0.39945652173913043
Smu_UA159,S. mutans,SMU_RS06640,0.30798479087452474,0.5059694388544692,0.36755386565272496
Smu_UA159,S. mutans,SMU_RS06645,0.3218884120171674,0.46931008176090305,0.3876967095851216
Smu_UA159,S. mutans,SMU_RS06650,0.33189655172413796,0.4568757631570141,0.38936781609195403
Smu_UA159,S. mutans,SMU_RS06655,0.346031746031746,0.4939087241248949,0.37671957671957673
Smu_UA159,S. mutans,SMU_RS06660,0.31213872832369943,0.5340643443155763,0.41811175337186895
Smu_UA159,S. mutans,SMU_RS06675,0.2985781990521327,0.5175675117931889,0.36492890995260663
Smu_UA159,S. mutans,SMU_RS06680,0.33,0.4482992088237465,0.3622222222222222
Smu_UA159,S. mutans,SMU_RS06685,0.291156462585034,0.481663040939525,0.3859410430839002
Smu_UA159,S. mutans,SMU_RS06690,0.3176470588235294,0.5047867441362479,0.3673202614379085
Smu_UA159,S. mutans,SMU_RS06695,0.2709677419354839,0.4817123174168637,0.3924731182795699
Smu_UA159,S. mutans,SMU_RS06700,0.330188679245283,0.46022606575664937,0.36163522012578614
Smu_UA159,S. mutans,SMU_RS06705,0.34375,0.4816522597182645,0.4014423076923077
Smu_UA159,S. mutans,SMU_RS06710,0.2677966101694915,0.5116490909573355,0.38757062146892657
Smu_UA159,S. mutans,SMU_RS06720,0.32710280373831774,0.40893168487481635,0.34579439252336447
Smu_UA159,S. mutans,SMU_RS06725,0.3875598086124402,0.3519945102157007,0.4003189792663477
Smu_UA159,S. mutans,SMU_RS06730,0.43646408839779005,0.3782885623858351,0.430939226519337
Smu_UA159,S. mutans,SMU_RS06735,0.39545454545454545,0.419350371295771,0.396969696969697
Smu_UA159,S. mutans,SMU_RS06740,0.2904929577464789,0.5608203529980413,0.3444835680751174
Smu_UA159,S. mutans,SMU_RS06745,0.5755102040816327,0.37015936001295285,0.4639455782312925
Smu_UA159,S. mutans,SMU_RS06750,0.31675392670157065,0.593808245801035,0.4031413612565445
Smu_UA159,S. mutans,SMU_RS06760,0.3411371237458194,0.4644420970597308,0.38238573021181715
Smu_UA159,S. mutans,SMU_RS06765,0.31982942430703626,0.5752457904862636,0.39516702203269366
Smu_UA159,S. mutans,SMU_RS06770,0.28998242530755713,0.5896724715564852,0.38605741066198007
Smu_UA159,S. mutans,SMU_RS06775,0.3047619047619048,0.47690649963146964,0.4126984126984127
Smu_UA159,S. mutans,SMU_RS06780,0.2852760736196319,0.5777086942285026,0.40081799591002043
Smu_UA159,S. mutans,SMU_RS06785,0.2572347266881029,0.5254976308866067,0.3815648445873526
Smu_UA159,S. mutans,SMU_RS06790,0.25,0.5262273334140334,0.3682170542635659
Smu_UA159,S. mutans,SMU_RS06795,0.22377622377622378,0.6152690784505357,0.358974358974359
Smu_UA159,S. mutans,SMU_RS06800,0.32142857142857145,0.43844479690097626,0.36507936507936506
Smu_UA159,S. mutans,SMU_RS06805,0.3231657048639736,0.48686194002196737,0.38307227260236326
Smu_UA159,S. mutans,SMU_RS06810,0.35430157261794637,0.462527887468147,0.3882207832254086
Smu_UA159,S. mutans,SMU_RS06820,0.27522935779816515,0.4097449585713075,0.36085626911314983
Smu_UA159,S. mutans,SMU_RS06830,0.2927400468384075,0.4372279953088616,0.33801717408274784
Smu_UA159,S. mutans,SMU_RS06835,0.21296296296296297,0.4791857319725884,0.27469135802469136
Smu_UA159,S. mutans,SMU_RS06840,0.21505376344086022,0.4777002159190316,0.3396057347670251
Smu_UA159,S. mutans,SMU_RS06845,0.22377622377622378,0.4782029869604271,0.30536130536130535
Smu_UA159,S. mutans,SMU_RS06850,0.2730673316708229,0.5584471554741502,0.4077306733167082
Smu_UA159,S. mutans,SMU_RS06855,0.28735632183908044,0.5378540028114519,0.3486590038314176
Smu_UA159,S. mutans,SMU_RS06860,0.3074712643678161,0.5211924935429061,0.4013409961685824
Smu_UA159,S. mutans,SMU_RS06865,0.3256997455470738,0.4603968597205912,0.3958156629912355
Smu_UA159,S. mutans,SMU_RS06870,0.27155172413793105,0.5471492786525666,0.3706896551724138
Smu_UA159,S. mutans,SMU_RS06875,0.29850746268656714,0.5050052057548639,0.3781094527363184
Smu_UA159,S. mutans,SMU_RS06880,0.29711751662971175,0.5067615810839956,0.3614190687361419
Smu_UA159,S. mutans,SMU_RS06885,0.2838983050847458,0.557062079910581,0.3870056497175141
Smu_UA159,S. mutans,SMU_RS06890,0.3103448275862069,0.5194366840542284,0.3933588761174968
Smu_UA159,S. mutans,SMU_RS06895,0.26199261992619927,0.5955468311165412,0.35178351783517836
Smu_UA159,S. mutans,SMU_RS06900,0.33617021276595743,0.5366737171739717,0.4
Smu_UA159,S. mutans,SMU_RS06905,0.23963133640552994,0.5475984044865772,0.3379416282642089
Smu_UA159,S. mutans,SMU_RS06910,0.2857142857142857,0.48929667272430555,0.4013605442176871
Smu_UA159,S. mutans,SMU_RS06920,0.3018867924528302,0.47026475183087585,0.42138364779874216
Smu_UA159,S. mutans,SMU_RS06930,0.2302158273381295,0.6171582689591238,0.3908872901678657
Smu_UA159,S. mutans,SMU_RS06935,0.27505330490405117,0.5552694540145452,0.4314143567874911
Smu_UA159,S. mutans,SMU_RS06940,0.2764505119453925,0.5551588519829314,0.37542662116040953
Smu_UA159,S. mutans,SMU_RS06945,0.27689243027888444,0.6058481247952756,0.41899070385126164
Smu_UA159,S. mutans,SMU_RS06950,0.26256983240223464,0.5234705345586808,0.33519553072625696
Smu_UA159,S. mutans,SMU_RS06955,0.2469879518072289,0.5511337636867777,0.3755020080321285
Smu_UA159,S. mutans,SMU_RS06960,0.29583333333333334,0.5252297576057104,0.33611111111111114
Smu_UA159,S. mutans,SMU_RS06970,0.2765957446808511,0.5763905957257186,0.3763037129745515
Smu_UA159,S. mutans,SMU_RS06975,0.3060796645702306,0.5496401802812589,0.3920335429769392
Smu_UA159,S. mutans,SMU_RS06980,0.24074074074074073,0.6053009368255466,0.3474426807760141
Smu_UA159,S. mutans,SMU_RS06985,0.29736842105263156,0.6029010174619801,0.3894736842105263
Smu_UA159,S. mutans,SMU_RS06990,0.3354531001589825,0.5224130424567575,0.383147853736089
Smu_UA159,S. mutans,SMU_RS06995,0.30310880829015546,0.506440679663655,0.38255613126079446
Smu_UA159,S. mutans,SMU_RS07000,0.32471264367816094,0.4781749085369975,0.4061302681992337
Smu_UA159,S. mutans,SMU_RS07005,0.28637059724349156,0.4726325946430932,0.40888208269525267
Smu_UA159,S. mutans,SMU_RS07010,0.3157894736842105,0.45528402392664025,0.3684210526315789
Smu_UA159,S. mutans,SMU_RS07015,0.33986928104575165,0.49937474974099894,0.32679738562091504
Smu_UA159,S. mutans,SMU_RS07020,0.33668341708542715,0.47931639632873807,0.4120603015075377
Smu_UA159,S. mutans,SMU_RS07025,0.43089430894308944,0.3841369958425854,0.42276422764227645
Smu_UA159,S. mutans,SMU_RS07030,0.3617886178861789,0.41334494834211344,0.36314363143631434
Smu_UA159,S. mutans,SMU_RS07035,0.35374149659863946,0.4000911034878787,0.3934240362811791
Smu_UA159,S. mutans,SMU_RS07040,0.4016393442622951,0.43826599574033526,0.3633879781420765
Smu_UA159,S. mutans,SMU_RS07055,0.3279742765273312,0.48032125799796044,0.32690246516613075
Smu_UA159,S. mutans,SMU_RS07060,0.3344947735191638,0.5035036954350004,0.4332171893147503
Smu_UA159,S. mutans,SMU_RS07065,0.3317757009345794,0.4802840556047383,0.37694704049844235
Smu_UA159,S. mutans,SMU_RS07070,0.2810810810810811,0.4129591933843786,0.35495495495495494
Smu_UA159,S. mutans,SMU_RS07075,0.32608695652173914,0.42937360751203235,0.3961352657004831
Smu_UA159,S. mutans,SMU_RS07080,0.2727272727272727,0.506974145020596,0.3787878787878788
Smu_UA159,S. mutans,SMU_RS07085,0.2706422018348624,0.4474297762301382,0.36850152905198774
Smu_UA159,S. mutans,SMU_RS07090,0.3383458646616541,0.45921296544588774,0.4196204797708557
Smu_UA159,S. mutans,SMU_RS07095,0.308300395256917,0.597321480362871,0.35660957400087834
Smu_UA159,S. mutans,SMU_RS07100,0.3215686274509804,0.5082521037870967,0.3803921568627451
Smu_UA159,S. mutans,SMU_RS07105,0.2852941176470588,0.48261604238498673,0.3656862745098039
Smu_UA159,S. mutans,SMU_RS07110,0.2548076923076923,0.620967200652376,0.3717948717948718
Smu_UA159,S. mutans,SMU_RS07115,0.3524229074889868,0.5119499660205014,0.36784140969163
Smu_UA159,S. mutans,SMU_RS07120,0.34767025089605735,0.4980425814266681,0.3715651135005974
Smu_UA159,S. mutans,SMU_RS07125,0.31746031746031744,0.5046998802216724,0.40476190476190477
Smu_UA159,S. mutans,SMU_RS07130,0.319047619047619,0.47095008155036605,0.42698412698412697
Smu_UA159,S. mutans,SMU_RS07135,0.2989949748743719,0.5279108998028952,0.44304857621440535
Smu_UA159,S. mutans,SMU_RS07140,0.24,0.5487334256176051,0.3358333333333333
Smu_UA159,S. mutans,SMU_RS07150,0.18740849194729137,0.5213320851800296,0.29087359687652514
Smu_UA159,S. mutans,SMU_RS07155,0.2288,0.501117218706335,0.2869333333333333
Smu_UA159,S. mutans,SMU_RS07160,0.3974358974358974,0.4424793424125322,0.4113247863247863
Smu_UA159,S. mutans,SMU_RS07170,0.35241502683363146,0.47321007717443403,0.4108527131782946
Smu_UA159,S. mutans,SMU_RS07175,0.29518072289156627,0.5617735392847713,0.38755020080321284
Smu_UA159,S. mutans,SMU_RS07180,0.2796610169491525,0.5311020120746219,0.3813559322033898
Smu_UA159,S. mutans,SMU_RS07185,0.28,0.50410716751716,0.33714285714285713
Smu_UA159,S. mutans,SMU_RS07190,0.3707692307692308,0.5803091881272123,0.43025641025641026
Smu_UA159,S. mutans,SMU_RS07195,0.38497652582159625,0.3870907409717807,0.41158059467918623
Smu_UA159,S. mutans,SMU_RS07200,0.30337078651685395,0.4812878563129499,0.3752808988764045
Smu_UA159,S. mutans,SMU_RS07205,0.2912912912912913,0.5518757987810665,0.3923923923923924
Smu_UA159,S. mutans,SMU_RS07210,0.324435318275154,0.5348970812659998,0.3860369609856263
Smu_UA159,S. mutans,SMU_RS07215,0.2844311377245509,0.5312564132345104,0.38922155688622756
Smu_UA159,S. mutans,SMU_RS07220,0.30277777777777776,0.5359308245960956,0.3814814814814815
Smu_UA159,S. mutans,SMU_RS07225,0.32989690721649484,0.4566243441005516,0.36254295532646047
Smu_UA159,S. mutans,SMU_RS07230,0.3151750972762646,0.5280971729053143,0.35149156939040205
Smu_UA159,S. mutans,SMU_RS07235,0.2052980132450331,0.5823457564511446,0.3502575423105224
Smu_UA159,S. mutans,SMU_RS07240,0.2254335260115607,0.5598755611685649,0.27360308285163776
Smu_UA159,S. mutans,SMU_RS07245,0.2980769230769231,0.557015500905525,0.3717948717948718
Smu_UA159,S. mutans,SMU_RS07250,0.3207831325301205,0.45535358227639894,0.34789156626506024
Smu_UA159,S. mutans,SMU_RS07255,0.330188679245283,0.6643769163039923,0.39937106918238996
Smu_UA159,S. mutans,SMU_RS07260,0.3284518828451883,0.5577126938233494,0.403068340306834
Smu_UA159,S. mutans,SMU_RS07270,0.36036036036036034,0.5223380634158664,0.4219219219219219
Smu_UA159,S. mutans,SMU_RS07275,0.3969465648854962,0.5094138237328298,0.4122137404580153
Smu_UA159,S. mutans,SMU_RS07280,0.23391812865497075,0.5111163448892551,0.2962962962962963
Smu_UA159,S. mutans,SMU_RS07285,0.3612099644128114,0.44329914598482095,0.3884934756820878
Smu_UA159,S. mutans,SMU_RS07290,0.3782051282051282,0.4319005718427686,0.41239316239316237
Smu_UA159,S. mutans,SMU_RS07295,0.3453145057766367,0.4866823074735339,0.4065040650406504
Smu_UA159,S. mutans,SMU_RS07310,0.30174563591022446,0.46271695318139694,0.3915211970074813
Smu_UA159,S. mutans,SMU_RS07315,0.3225806451612903,0.4949096929404872,0.4002389486260454
Smu_UA159,S. mutans,SMU_RS07320,0.41708542713567837,0.35105903849427506,0.4187604690117253
Smu_UA159,S. mutans,SMU_RS07325,0.36496350364963503,0.42833301241330357,0.41849148418491483
Smu_UA159,S. mutans,SMU_RS07330,0.30857142857142855,0.5390946234134767,0.4114285714285714
Smu_UA159,S. mutans,SMU_RS07335,0.445859872611465,0.4568949092949146,0.43312101910828027
Smu_UA159,S. mutans,SMU_RS07340,0.35333333333333333,0.4891674654360691,0.39111111111111113
Smu_UA159,S. mutans,SMU_RS07345,0.29411764705882354,0.5571090965715595,0.34068627450980393
Smu_UA159,S. mutans,SMU_RS07350,0.3393939393939394,0.49572135629616265,0.3838383838383838
Smu_UA159,S. mutans,SMU_RS07355,0.35403726708074534,0.46250074966549853,0.41511387163561075
Smu_UA159,S. mutans,SMU_RS07365,0.34705882352941175,0.4883348045293471,0.42549019607843136
Smu_UA159,S. mutans,SMU_RS07370,0.30662020905923343,0.5364172431352536,0.38559814169570267
Smu_UA159,S. mutans,SMU_RS07375,0.22580645161290322,0.6276675282234396,0.3781362007168459
Smu_UA159,S. mutans,SMU_RS07380,0.3252032520325203,0.5394848601858969,0.4363143631436314
Smu_UA159,S. mutans,SMU_RS07385,0.2391304347826087,0.6886899883396225,0.4043478260869565
Smu_UA159,S. mutans,SMU_RS07390,0.24647887323943662,0.7625352231602689,0.41784037558685444
Smu_UA159,S. mutans,SMU_RS07395,0.3983050847457627,0.40568954787042416,0.3587570621468927
Smu_UA159,S. mutans,SMU_RS07400,0.30456852791878175,0.5014010188318105,0.4086294416243655
Smu_UA159,S. mutans,SMU_RS07405,0.26640926640926643,0.5490821689457012,0.33976833976833976
Smu_UA159,S. mutans,SMU_RS07410,0.2801724137931034,0.5261018931334746,0.39798850574712646
Smu_UA159,S. mutans,SMU_RS07415,0.2777777777777778,0.4951824909955699,0.345679012345679
Smu_UA159,S. mutans,SMU_RS07420,0.266304347826087,0.5580704710977702,0.35507246376811596
Smu_UA159,S. mutans,SMU_RS07425,0.28695652173913044,0.564884295158053,0.39492753623188404
Smu_UA159,S. mutans,SMU_RS07430,0.2848101265822785,0.5092920081520423,0.3818565400843882
Smu_UA159,S. mutans,SMU_RS07440,0.4,0.5501076360051237,0.43134328358208956
Smu_UA159,S. mutans,SMU_RS07450,0.3127962085308057,0.4849144037793481,0.36492890995260663
Smu_UA159,S. mutans,SMU_RS07460,0.26865671641791045,0.5180761134316405,0.32587064676616917
Smu_UA159,S. mutans,SMU_RS07465,0.3129251700680272,0.5293749194011749,0.3526077097505669
Smu_UA159,S. mutans,SMU_RS07470,0.3474178403755869,0.4638083087133412,0.35837245696400627
Smu_UA159,S. mutans,SMU_RS07485,0.3695652173913043,0.5070393226276766,0.427536231884058
Smu_UA159,S. mutans,SMU_RS07490,0.27403846153846156,0.49744978624982894,0.3926282051282051
Smu_UA159,S. mutans,SMU_RS07495,0.2966101694915254,0.4290771011942792,0.3870056497175141
Smu_UA159,S. mutans,SMU_RS07500,0.3212121212121212,0.4832549558077742,0.4121212121212121
Smu_UA159,S. mutans,SMU_RS07505,0.23604060913705585,0.597892792489215,0.36548223350253806
Smu_UA159,S. mutans,SMU_RS07510,0.35135135135135137,0.5060996273379245,0.4198198198198198
Smu_UA159,S. mutans,SMU_RS07515,0.27472527472527475,0.5959912703657011,0.38553113553113555
Smu_UA159,S. mutans,SMU_RS07520,0.22807017543859648,0.5310551672773806,0.38011695906432746
Smu_UA159,S. mutans,SMU_RS07525,0.27427184466019416,0.4955040195064844,0.39724919093851135
Smu_UA159,S. mutans,SMU_RS07530,0.22837370242214533,0.5150750007306728,0.35870818915801617
Smu_UA159,S. mutans,SMU_RS07535,0.3063063063063063,0.4904413370891757,0.35135135135135137
Smu_UA159,S. mutans,SMU_RS07540,0.2899628252788104,0.5150903280600359,0.37298636926889717
Smu_UA159,S. mutans,SMU_RS07545,0.273972602739726,0.44821731785633667,0.3538812785388128
Smu_UA159,S. mutans,SMU_RS07550,0.2300469483568075,0.5270042727964517,0.37871674491392804
Smu_UA159,S. mutans,SMU_RS07555,0.2636363636363636,0.5231069153797306,0.353030303030303
Smu_UA159,S. mutans,SMU_RS07560,0.2869198312236287,0.4957841919776085,0.40365682137834036
Smu_UA159,S. mutans,SMU_RS07565,0.2823529411764706,0.5169064903160974,0.3843137254901961
Smu_UA159,S. mutans,SMU_RS07570,0.28213166144200624,0.5323599011538452,0.37513061650992685
Smu_UA159,S. mutans,SMU_RS07575,0.30689655172413793,0.5193863773843471,0.3873563218390805
Smu_UA159,S. mutans,SMU_RS07580,0.22762148337595908,0.6464896171465356,0.3793691389599318
Smu_UA159,S. mutans,SMU_RS07590,0.23129251700680273,0.5064709441341796,0.3356009070294785
Smu_UA159,S. mutans,SMU_RS07595,0.2634146341463415,0.6086266958492678,0.35772357723577236
Smu_UA159,S. mutans,SMU_RS07600,0.3,0.5210364395756646,0.4031746031746032
Smu_UA159,S. mutans,SMU_RS07605,0.2809278350515464,0.5173542458613175,0.36683848797250856
Smu_UA159,S. mutans,SMU_RS07610,0.2821917808219178,0.5370947961474032,0.38904109589041097
Smu_UA159,S. mutans,SMU_RS07615,0.30642201834862387,0.4869883399701796,0.37553516819571864
Smu_UA159,S. mutans,SMU_RS07620,0.2871900826446281,0.5612142940803969,0.3746556473829201
Smu_UA159,S. mutans,SMU_RS07625,0.27647058823529413,0.5128235694061635,0.3656862745098039
Smu_UA159,S. mutans,SMU_RS07630,0.27647058823529413,0.4932958411338802,0.38823529411764707
Smu_UA159,S. mutans,SMU_RS07635,0.32038834951456313,0.4928810058182627,0.3592233009708738
Smu_UA159,S. mutans,SMU_RS07640,0.304,0.4987851251655438,0.42133333333333334
Smu_UA159,S. mutans,SMU_RS07645,0.3177083333333333,0.43170772376667393,0.3958333333333333
Smu_UA159,S. mutans,SMU_RS07650,0.2694805194805195,0.419849999881179,0.354978354978355
Smu_UA159,S. mutans,SMU_RS07655,0.3456221198156682,0.45382489593691033,0.34101382488479265
Smu_UA159,S. mutans,SMU_RS07660,0.2090032154340836,0.6462632451565884,0.37727759914255093
Smu_UA159,S. mutans,SMU_RS07665,0.2962085308056872,0.47333602572631645,0.35308056872037913
Smu_UA159,S. mutans,SMU_RS07675,0.332541567695962,0.5124472950795356,0.3341250989707047
Smu_UA159,S. mutans,SMU_RS07680,0.26499032882011603,0.5570993879299143,0.3771760154738878
Smu_UA159,S. mutans,SMU_RS07690,0.2537878787878788,0.5173807860203657,0.36742424242424243
Smu_UA159,S. mutans,SMU_RS07695,0.2825112107623318,0.5402539294579964,0.36995515695067266
Smu_UA159,S. mutans,SMU_RS07700,0.29315068493150687,0.5250111241101071,0.3242009132420091
Smu_UA159,S. mutans,SMU_RS07705,0.3486590038314176,0.502479276112723,0.39208173690932313
Smu_UA159,S. mutans,SMU_RS07710,0.32967032967032966,0.44173891625046957,0.36446886446886445
Smu_UA159,S. mutans,SMU_RS07715,0.3665594855305466,0.4773686243012336,0.40943193997856375
Smu_UA159,S. mutans,SMU_RS07720,0.27586206896551724,0.45340363212639906,0.375
Smu_UA159,S. mutans,SMU_RS07725,0.2975206611570248,0.49470610190087505,0.3443526170798898
Smu_UA159,S. mutans,SMU_RS07730,0.3087557603686636,0.45698388609633755,0.35176651305683565
Smu_UA159,S. mutans,SMU_RS07735,0.3298429319371728,0.49571853485628004,0.3472949389179756
Smu_UA159,S. mutans,SMU_RS07740,0.29357798165137616,0.44402295600214814,0.3486238532110092
Smu_UA159,S. mutans,SMU_RS07745,0.24120603015075376,0.5094870021487794,0.35343383584589616
Smu_UA159,S. mutans,SMU_RS07750,0.2463768115942029,0.5207658862057832,0.32971014492753625
Smu_UA159,S. mutans,SMU_RS07755,0.22404371584699453,0.549419974346794,0.33515482695810567
Smu_UA159,S. mutans,SMU_RS07760,0.2831858407079646,0.5806662198900931,0.3561946902654867
Smu_UA159,S. mutans,SMU_RS07765,0.29791666666666666,0.5152018556568474,0.3625
Smu_UA159,S. mutans,SMU_RS07775,0.2946058091286307,0.5106005265561857,0.40387275242047027
Smu_UA159,S. mutans,SMU_RS07780,0.2663316582914573,0.4326647670951488,0.34673366834170855
Smu_UA159,S. mutans,SMU_RS07785,0.2838983050847458,0.4773005357570009,0.3432203389830508
Smu_UA159,S. mutans,SMU_RS07790,0.26422764227642276,0.493289888046653,0.3170731707317073
Smu_UA159,S. mutans,SMU_RS07795,0.2012987012987013,0.5893106577762637,0.3246753246753247
Smu_UA159,S. mutans,SMU_RS07800,0.2543352601156069,0.531870613450009,0.37572254335260113
Smu_UA159,S. mutans,SMU_RS07805,0.27607361963190186,0.5294139963654744,0.36809815950920244
Smu_UA159,S. mutans,SMU_RS07810,0.26037735849056604,0.4793305355769072,0.38238993710691827
Smu_UA159,S. mutans,SMU_RS07820,0.23980815347721823,0.5838866565605221,0.38049560351718625
Smu_UA159,S. mutans,SMU_RS07825,0.2956521739130435,0.5396007575819867,0.3507246376811594
Smu_UA159,S. mutans,SMU_RS07830,0.31547619047619047,0.4845676417866785,0.38095238095238093
Smu_UA159,S. mutans,SMU_RS07835,0.21862348178137653,0.5291907486053854,0.34143049932523617
Smu_UA159,S. mutans,SMU_RS07845,0.3311897106109325,0.5281711398668373,0.3837084673097535
Smu_UA159,S. mutans,SMU_RS07850,0.12422360248447205,0.7141502273952813,0.34368530020703936
Smu_UA159,S. mutans,SMU_RS07855,0.24648985959438377,0.566064178552676,0.33541341653666146
Smu_UA159,S. mutans,SMU_RS07860,0.2621951219512195,0.5348427343588384,0.3678861788617886
Smu_UA159,S. mutans,SMU_RS07865,0.240990990990991,0.5705033140618585,0.36261261261261263
Smu_UA159,S. mutans,SMU_RS07870,0.27918781725888325,0.5274857131877038,0.3570219966159052
Smu_UA159,S. mutans,SMU_RS07875,0.2667313288069835,0.5200939148520037,0.3469123827998707
Smu_UA159,S. mutans,SMU_RS07880,0.2801556420233463,0.5109933666238843,0.3968871595330739
Smu_UA159,S. mutans,SMU_RS07885,0.2906574394463668,0.5007008914479286,0.4002306805074971
Smu_UA159,S. mutans,SMU_RS07890,0.23194748358862144,0.5981545353515005,0.38439095550692925
Smu_UA159,S. mutans,SMU_RS07895,0.2127659574468085,0.6020683637510146,0.37115839243498816
Smu_UA159,S. mutans,SMU_RS07900,0.26380368098159507,0.5437633235466185,0.4049079754601227
Smu_UA159,S. mutans,SMU_RS07905,0.22141119221411193,0.6737761369061817,0.4006488240064882
Smu_UA159,S. mutans,SMU_RS07910,0.24489795918367346,0.6434296873735049,0.37551020408163266
Smu_UA159,S. mutans,SMU_RS07915,0.24429967426710097,0.5994667068468086,0.38436482084690554
Smu_UA159,S. mutans,SMU_RS07920,0.1956521739130435,0.6366546502799539,0.3995859213250518
Smu_UA159,S. mutans,SMU_RS07930,0.25766871165644173,0.49805526113690746,0.3824130879345603
Smu_UA159,S. mutans,SMU_RS07935,0.3103448275862069,0.44027506967086943,0.3448275862068966
Smu_UA159,S. mutans,SMU_RS07940,0.2727272727272727,0.5270657261109627,0.39141414141414144
Smu_UA159,S. mutans,SMU_RS07945,0.25116279069767444,0.47938886759965604,0.34418604651162793
Smu_UA159,S. mutans,SMU_RS07950,0.2671081677704194,0.5559359946401272,0.37601177336276675
Smu_UA159,S. mutans,SMU_RS08030,0.3392857142857143,0.44001455549435065,0.3854166666666667
Smu_UA159,S. mutans,SMU_RS08035,0.3184931506849315,0.46422608303508905,0.3789954337899543
Smu_UA159,S. mutans,SMU_RS08045,0.3548387096774194,0.4167344955800147,0.39381720430107525
Smu_UA159,S. mutans,SMU_RS08050,0.2577833125778331,0.47618231596711197,0.33955998339559984
Smu_UA159,S. mutans,SMU_RS08055,0.3076923076923077,0.4439809210567964,0.3333333333333333
Smu_UA159,S. mutans,SMU_RS08065,0.35294117647058826,0.42215021219436827,0.38562091503267976
Smu_UA159,S. mutans,SMU_RS08070,0.4638009049773756,0.506744987334433,0.46003016591251883
Smu_UA159,S. mutans,SMU_RS08075,0.20388349514563106,0.4263808285675316,0.22330097087378642
Smu_UA159,S. mutans,SMU_RS08080,0.20437956204379562,0.5510703856188149,0.29927007299270075
Smu_UA159,S. mutans,SMU_RS08085,0.1762820512820513,0.5720551514882021,0.24893162393162394
Smu_UA159,S. mutans,SMU_RS08110,0.24025974025974026,0.5398612913018028,0.341991341991342
Smu_UA159,S. mutans,SMU_RS08115,0.29782608695652174,0.4650508035168869,0.3717391304347826
Smu_UA159,S. mutans,SMU_RS08120,0.277992277992278,0.4941870144162792,0.3178893178893179
Smu_UA159,S. mutans,SMU_RS08125,0.2640449438202247,0.5537764217721566,0.3295880149812734
Smu_UA159,S. mutans,SMU_RS08130,0.2897196261682243,0.514198662228794,0.32710280373831774
Smu_UA159,S. mutans,SMU_RS08185,0.2366288492706645,0.5539996849864058,0.37817396002160997
Smu_UA159,S. mutans,SMU_RS08190,0.27380952380952384,0.5125289426050041,0.3761904761904762
Smu_UA159,S. mutans,SMU_RS08195,0.32452830188679244,0.5091823514275305,0.3849056603773585
Smu_UA159,S. mutans,SMU_RS08200,0.268,0.5193007085570269,0.38133333333333336
Smu_UA159,S. mutans,SMU_RS08205,0.2578125,0.5897787262043919,0.3645833333333333
Smu_UA159,S. mutans,SMU_RS08210,0.20689655172413793,0.6290558257667557,0.3879310344827586
Smu_UA159,S. mutans,SMU_RS08215,0.2594142259414226,0.6358441727227809,0.4072524407252441
Smu_UA159,S. mutans,SMU_RS08220,0.3305439330543933,0.4500886713376189,0.38354253835425384
Smu_UA159,S. mutans,SMU_RS08225,0.4604904632152589,0.3685688104539995,0.47593097184377836
Smu_UA159,S. mutans,SMU_RS08240,0.375,0.48351884200799494,0.3978494623655914
Smu_UA159,S. mutans,SMU_RS08245,0.3813559322033898,0.4938882702137374,0.4096045197740113
Smu_UA159,S. mutans,SMU_RS08250,0.30303030303030304,0.49907161763379515,0.3653198653198653
Smu_UA159,S. mutans,SMU_RS08255,0.3459715639810427,0.48747977508664636,0.3791469194312796
Smu_UA159,S. mutans,SMU_RS08260,0.4174757281553398,0.4388430024445829,0.40129449838187703
Smu_UA159,S. mutans,SMU_RS08265,0.3685636856368564,0.44174717545545295,0.4101174345076784
Smu_UA159,S. mutans,SMU_RS08270,0.3465909090909091,0.46048295015661983,0.42234848484848486
Smu_UA159,S. mutans,SMU_RS08275,0.2524271844660194,0.5243542154559258,0.2977346278317152
Smu_UA159,S. mutans,SMU_RS08280,0.3087557603686636,0.4753961185020214,0.34101382488479265
Smu_UA159,S. mutans,SMU_RS08285,0.30256410256410254,0.4985075658149317,0.37094017094017095
Smu_UA159,S. mutans,SMU_RS08290,0.3234323432343234,0.4318610271114808,0.38283828382838286
Smu_UA159,S. mutans,SMU_RS08300,0.36885245901639346,0.3706616040459483,0.36885245901639346
Smu_UA159,S. mutans,SMU_RS08305,0.28286852589641437,0.42567996389800683,0.34794156706507307
Smu_UA159,S. mutans,SMU_RS08310,0.35313531353135313,0.45902541162428034,0.3872387238723872
Smu_UA159,S. mutans,SMU_RS08315,0.381294964028777,0.44519177423340045,0.38369304556354916
Smu_UA159,S. mutans,SMU_RS08320,0.3173913043478261,0.42667981139101796,0.3427536231884058
Smu_UA159,S. mutans,SMU_RS08325,0.38626609442060084,0.3892236356095668,0.37625178826895567
Smu_UA159,S. mutans,SMU_RS08340,0.3104166666666667,0.5871453567954767,0.40347222222222223
Smu_UA159,S. mutans,SMU_RS08345,0.27607361963190186,0.591738021989663,0.3933197000681663
Smu_UA159,S. mutans,SMU_RS08350,0.2079207920792079,0.6395930783679808,0.35973597359735976
Smu_UA159,S. mutans,SMU_RS08355,0.3321917808219178,0.5222821750229124,0.4172374429223744
Smu_UA159,S. mutans,SMU_RS08360,0.29891304347826086,0.532161143478091,0.40217391304347827
Smu_UA159,S. mutans,SMU_RS08365,0.2633587786259542,0.5733068959760245,0.35368956743002544
Smu_UA159,S. mutans,SMU_RS08370,0.2765432098765432,0.5777373891686116,0.38765432098765434
Smu_UA159,S. mutans,SMU_RS08375,0.3016759776536313,0.4589531008943106,0.37057728119180633
Smu_UA159,S. mutans,SMU_RS08380,0.30666666666666664,0.45596679799986356,0.40444444444444444
Smu_UA159,S. mutans,SMU_RS08385,0.27056277056277056,0.514376354937758,0.3795093795093795
Smu_UA159,S. mutans,SMU_RS08390,0.325,0.4707078086148365,0.4166666666666667
Smu_UA159,S. mutans,SMU_RS08395,0.28422619047619047,0.5011558727501775,0.3864087301587302
Smu_UA159,S. mutans,SMU_RS08400,0.27956989247311825,0.5250656356045564,0.4032258064516129
Smu_UA159,S. mutans,SMU_RS08405,0.25,0.4582833149005184,0.3611111111111111
Smu_UA159,S. mutans,SMU_RS08410,0.28695652173913044,0.5956083201277074,0.37294685990338167
Smu_UA159,S. mutans,SMU_RS08415,0.28488372093023256,0.586803089575435,0.3798449612403101
Smu_UA159,S. mutans,SMU_RS08420,0.2869047619047619,0.546256918651691,0.4011904761904762
Smu_UA159,S. mutans,SMU_RS08425,0.29652996845425866,0.5174407114443652,0.40063091482649843
Smu_UA159,S. mutans,SMU_RS08430,0.23469387755102042,0.6152460798763107,0.3922902494331066
Smu_UA159,S. mutans,SMU_RS08435,0.23759398496240602,0.6264545696478646,0.38847117794486213
Smu_UA159,S. mutans,SMU_RS08440,0.24791666666666667,0.5800800837880031,0.3576388888888889
Smu_UA159,S. mutans,SMU_RS08445,0.3146417445482866,0.4578653112826988,0.37487019730010385
Smu_UA159,S. mutans,SMU_RS08450,0.22377622377622378,0.4737936892532705,0.337995337995338
Smu_UA159,S. mutans,SMU_RS08455,0.2846153846153846,0.5393242275506331,0.39487179487179486
Smu_UA159,S. mutans,SMU_RS08460,0.26737967914438504,0.6371771970920763,0.38146167557932265
Smu_UA159,S. mutans,SMU_RS08465,0.2680851063829787,0.5209773222396861,0.31631205673758866
Smu_UA159,S. mutans,SMU_RS08470,0.32450331125827814,0.5203052249528337,0.39293598233995586
Smu_UA159,S. mutans,SMU_RS08475,0.28169014084507044,0.5112163646574179,0.39342723004694835
Smu_UA159,S. mutans,SMU_RS08480,0.288135593220339,0.5126037461745622,0.4004237288135593
Smu_UA159,S. mutans,SMU_RS08490,0.31746031746031744,0.51438537725891,0.362962962962963
Smu_UA159,S. mutans,SMU_RS08495,0.2850678733031674,0.5902236569595325,0.3650075414781297
Smu_UA159,S. mutans,SMU_RS08500,0.31092436974789917,0.4681946759794198,0.3081232492997199
Smu_UA159,S. mutans,SMU_RS08505,0.31004366812227074,0.5554677659969529,0.3231441048034934
Smu_UA159,S. mutans,SMU_RS08510,0.37083333333333335,0.47692407065542214,0.34444444444444444
Smu_UA159,S. mutans,SMU_RS08520,0.24848484848484848,0.6380404668832184,0.39191919191919194
Smu_UA159,S. mutans,SMU_RS08540,0.337696335078534,0.44840560447405226,0.39092495636998253
Smu_UA159,S. mutans,SMU_RS08545,0.3028571428571429,0.5869473855469161,0.44666666666666666
Smu_UA159,S. mutans,SMU_RS08550,0.23809523809523808,0.6654670438832152,0.38095238095238093
Smu_UA159,S. mutans,SMU_RS08555,0.2985842985842986,0.5109952411750392,0.383955383955384
Smu_UA159,S. mutans,SMU_RS08560,0.2857142857142857,0.4507668677751057,0.326007326007326
Smu_UA159,S. mutans,SMU_RS08565,0.23529411764705882,0.5496674431476587,0.32679738562091504
Smu_UA159,S. mutans,SMU_RS08570,0.2598684210526316,0.5714315921922856,0.3475877192982456
Smu_UA159,S. mutans,SMU_RS08575,0.35714285714285715,0.5225721196423656,0.3792517006802721
Smu_UA159,S. mutans,SMU_RS08580,0.2880710659898477,0.5237444760583928,0.3680203045685279
Smu_UA159,S. mutans,SMU_RS08585,0.2356687898089172,0.5615921088380611,0.31422505307855625
Smu_UA159,S. mutans,SMU_RS08590,0.2688821752265861,0.6032204138313041,0.4118831822759315
Smu_UA159,S. mutans,SMU_RS08595,0.2967032967032967,0.5741632673623975,0.4358974358974359
Smu_UA159,S. mutans,SMU_RS08600,0.2977346278317152,0.5504443498524565,0.38727076591154264
Smu_UA159,S. mutans,SMU_RS08605,0.3102094240837696,0.4472162534908593,0.35471204188481675
Smu_UA159,S. mutans,SMU_RS08610,0.2288135593220339,0.5672656648710288,0.3502824858757062
Smu_UA159,S. mutans,SMU_RS08615,0.2926829268292683,0.5015569843645463,0.3604336043360434
Smu_UA159,S. mutans,SMU_RS08620,0.3016759776536313,0.46951559672540477,0.3268156424581006
Smu_UA159,S. mutans,SMU_RS08625,0.2903981264637002,0.5910800898904888,0.4129586260733802
Smu_UA159,S. mutans,SMU_RS08640,0.3244444444444444,0.4717246937272663,0.36074074074074075
Smu_UA159,S. mutans,SMU_RS08660,0.2958579881656805,0.5399066777477868,0.3264299802761341
Smu_UA159,S. mutans,SMU_RS08665,0.26392961876832843,0.5394838625987998,0.3841642228739003
Smu_UA159,S. mutans,SMU_RS08680,0.2740740740740741,0.3730275083956805,0.3530864197530864
Smu_UA159,S. mutans,SMU_RS08685,0.2571428571428571,0.4919733510496753,0.29285714285714287
Smu_UA159,S. mutans,SMU_RS08690,0.27611940298507465,0.4210559833664767,0.3208955223880597
Smu_UA159,S. mutans,SMU_RS08705,0.3212669683257919,0.394204115505688,0.3250377073906486
Smu_UA159,S. mutans,SMU_RS08710,0.32270916334661354,0.48509642851440626,0.36254980079681276
Smu_UA159,S. mutans,SMU_RS08715,0.24882629107981222,0.5727455811431268,0.3395931142410016
Smu_UA159,S. mutans,SMU_RS08720,0.2631578947368421,0.4689157848949321,0.3763955342902711
Smu_UA159,S. mutans,SMU_RS08725,0.2929061784897025,0.5431212367595709,0.4057971014492754
Smu_UA159,S. mutans,SMU_RS08730,0.30333333333333334,0.49432968335645355,0.37222222222222223
Smu_UA159,S. mutans,SMU_RS08735,0.25384615384615383,0.5162537474382156,0.33589743589743587
Smu_UA159,S. mutans,SMU_RS08740,0.2073170731707317,0.5427100581027343,0.35365853658536583
Smu_UA159,S. mutans,SMU_RS08745,0.24242424242424243,0.5729676707209463,0.3621933621933622
Smu_UA159,S. mutans,SMU_RS08750,0.2569832402234637,0.49980208499417217,0.32774674115456237
Smu_UA159,S. mutans,SMU_RS08755,0.22916666666666666,0.5364595015948884,0.2986111111111111
Smu_UA159,S. mutans,SMU_RS08760,0.3389830508474576,0.5016760064043159,0.3813559322033898
Smu_UA159,S. mutans,SMU_RS08765,0.32261768082663606,0.5026073569486588,0.35782625334864143
Smu_UA159,S. mutans,SMU_RS08770,0.3233333333333333,0.44750021847460525,0.41
Smu_UA159,S. mutans,SMU_RS08775,0.27807486631016043,0.5737985757851549,0.36185383244206776
Smu_UA159,S. mutans,SMU_RS08780,0.29411764705882354,0.523651167015436,0.36554621848739494
Smu_UA159,S. mutans,SMU_RS08785,0.2841726618705036,0.45652099461761564,0.34772182254196643
Smu_UA159,S. mutans,SMU_RS08790,0.2880143112701252,0.48198849246744707,0.38223017292784733
Smu_UA159,S. mutans,SMU_RS08795,0.22527472527472528,0.620718379589885,0.36996336996337
Smu_UA159,S. mutans,SMU_RS08800,0.2801418439716312,0.5447195847460411,0.38534278959810875
Smu_UA159,S. mutans,SMU_RS08805,0.26640926640926643,0.5039809734755026,0.38223938223938225
Smu_UA159,S. mutans,SMU_RS08810,0.2565217391304348,0.550903013704675,0.3927536231884058
Smu_UA159,S. mutans,SMU_RS08815,0.2619718309859155,0.5201132434081732,0.3586854460093897
Smu_UA159,S. mutans,SMU_RS08820,0.2576419213973799,0.49753061824823486,0.37700145560407566
Smu_UA159,S. mutans,SMU_RS08825,0.23487544483985764,0.660933285610815,0.3309608540925267
Smu_UA159,S. mutans,SMU_RS08830,0.2574626865671642,0.6069907994550783,0.3283582089552239
Smu_UA159,S. mutans,SMU_RS08835,0.34772182254196643,0.576028269958606,0.4284572342126299
Smu_UA159,S. mutans,SMU_RS08840,0.27058823529411763,0.5330044422268583,0.3359477124183007
Smu_UA159,S. mutans,SMU_RS08845,0.33043478260869563,0.49292426462056826,0.3492753623188406
Smu_UA159,S. mutans,SMU_RS08850,0.2681564245810056,0.6348695857702815,0.3649906890130354
Smu_UA159,S. mutans,SMU_RS08865,0.30039525691699603,0.5090261365189318,0.3763724198506807
Smu_UA159,S. mutans,SMU_RS08870,0.33217993079584773,0.4224854650427175,0.39215686274509803
Smu_UA159,S. mutans,SMU_RS08875,0.26936619718309857,0.5307489523770018,0.3421361502347418
Smu_UA159,S. mutans,SMU_RS08880,0.2136279926335175,0.6426594426582767,0.4088397790055249
Smu_UA159,S. mutans,SMU_RS08895,0.21505376344086022,0.6793624465670128,0.36798088410991636
Smu_UA159,S. mutans,SMU_RS08900,0.2746478873239437,0.5902880458486393,0.40375586854460094
Smu_UA159,S. mutans,SMU_RS08905,0.2,0.6809721127772796,0.3595959595959596
Smu_UA159,S. mutans,SMU_RS08910,0.2916666666666667,0.48620825160846143,0.39351851851851855
Smu_UA159,S. mutans,SMU_RS08920,0.24541284403669725,0.526847739852963,0.3264525993883792
Smu_UA159,S. mutans,SMU_RS08925,0.2907488986784141,0.5652270449060244,0.3509544787077827
Smu_UA159,S. mutans,SMU_RS08930,0.2834467120181406,0.48627588303240066,0.328042328042328
Smu_UA159,S. mutans,SMU_RS08935,0.2336448598130841,0.4710930586103047,0.3426791277258567
Smu_UA159,S. mutans,SMU_RS08940,0.29545454545454547,0.4774994265344896,0.40404040404040403
Smu_UA159,S. mutans,SMU_RS08945,0.29411764705882354,0.5319003490322832,0.35294117647058826
Smu_UA159,S. mutans,SMU_RS08950,0.3194444444444444,0.4002255432945671,0.34953703703703703
Smu_UA159,S. mutans,SMU_RS08955,0.2822966507177033,0.5630234534741744,0.39712918660287083
Smu_UA159,S. mutans,SMU_RS08960,0.3090909090909091,0.6074710905723165,0.3787878787878788
Smu_UA159,S. mutans,SMU_RS08965,0.3106796116504854,0.45943958789071926,0.3786407766990291
Smu_UA159,S. mutans,SMU_RS08970,0.3258426966292135,0.579798995916377,0.42228464419475653
Smu_UA159,S. mutans,SMU_RS08975,0.27626459143968873,0.5176534317236489,0.383916990920882
Smu_UA159,S. mutans,SMU_RS08980,0.25339366515837103,0.548509222238423,0.3212669683257919
Smu_UA159,S. mutans,SMU_RS08985,0.29931972789115646,0.4122944084266396,0.3378684807256236
Smu_UA159,S. mutans,SMU_RS08995,0.2875,0.553069133192026,0.39
Smu_UA159,S. mutans,SMU_RS09000,0.2578616352201258,0.4902675634824364,0.33438155136268344
Smu_UA159,S. mutans,SMU_RS09005,0.23846153846153847,0.5083867219896248,0.3282051282051282
Smu_UA159,S. mutans,SMU_RS09010,0.19310344827586207,0.5868254920114758,0.3057471264367816
Smu_UA159,S. mutans,SMU_RS09020,0.1925925925925926,0.4734634405065652,0.30617283950617286
Smu_UA159,S. mutans,SMU_RS09025,0.24761904761904763,0.47559764487843526,0.346031746031746
Smu_UA159,S. mutans,SMU_RS09030,0.2877906976744186,0.4701849869999559,0.32073643410852715
Smu_UA159,S. mutans,SMU_RS09035,0.23885350318471338,0.48476825653409866,0.34394904458598724
Smu_UA159,S. mutans,SMU_RS09040,0.3046875,0.5656947376434863,0.3723958333333333
Smu_UA159,S. mutans,SMU_RS09045,0.2636363636363636,0.621228409509147,0.41735537190082644
Smu_UA159,S. mutans,SMU_RS09050,0.2609427609427609,0.6309245437577139,0.40852974186307517
Smu_UA159,S. mutans,SMU_RS09055,0.2917197452229299,0.5132072441483273,0.37791932059447986
Smu_UA159,S. mutans,SMU_RS09060,0.28878281622911695,0.5661712934809389,0.3786793953858393
Smu_UA159,S. mutans,SMU_RS09065,0.22140221402214022,0.5284680706632461,0.33456334563345635
Smu_UA159,S. mutans,SMU_RS09070,0.26582278481012656,0.5118871335741305,0.3755274261603376
Smu_UA159,S. mutans,SMU_RS09075,0.24161073825503357,0.48288924093649693,0.3378076062639821
Smu_UA159,S. mutans,SMU_RS09080,0.21201413427561838,0.5184615330933474,0.3486454652532391
Smu_UA159,S. mutans,SMU_RS09085,0.2919254658385093,0.5447635139599187,0.3333333333333333
Smu_UA159,S. mutans,SMU_RS09115,0.25874125874125875,0.46657166525630633,0.3372183372183372
Smu_UA159,S. mutans,SMU_RS09120,0.16279069767441862,0.7562102025800064,0.3953488372093023
Smu_UA159,S. mutans,SMU_RS09125,0.20766773162939298,0.5742186750356482,0.3588924387646432
Smu_UA159,S. mutans,SMU_RS09130,0.15625,0.7715748742942031,0.4401041666666667
Smu_UA159,S. mutans,SMU_RS09135,0.20491803278688525,0.686245355964269,0.40437158469945356
Smu_UA159,S. mutans,SMU_RS09150,0.22535211267605634,0.657833181135871,0.36306729264475746
Smu_UA159,S. mutans,SMU_RS09155,0.2597701149425287,0.5509852889377649,0.3578544061302682
Smu_UA159,S. mutans,SMU_RS09160,0.1836734693877551,0.6989918559538338,0.39909297052154197
Smu_UA159,S. mutans,SMU_RS09170,0.17575757575757575,0.7308236470943443,0.43636363636363634
Smu_UA159,S. mutans,SMU_RS09175,0.3025210084033613,0.5974750720381857,0.45098039215686275
Smu_UA159,S. mutans,SMU_RS09180,0.2011173184357542,0.7038219151286073,0.3929236499068901
Smu_UA159,S. mutans,SMU_RS09185,0.22556390977443608,0.6542804835757499,0.37343358395989973
Smu_UA159,S. mutans,SMU_RS09195,0.26519337016574585,0.6954815425731867,0.39410681399631675
Smu_UA159,S. mutans,SMU_RS09200,0.21568627450980393,0.7186118836052358,0.3660130718954248
Smu_UA159,S. mutans,SMU_RS09205,0.2682926829268293,0.6724909710942535,0.4363143631436314
Smu_UA159,S. mutans,SMU_RS09220,0.2608695652173913,0.6819555960720377,0.43478260869565216
Smu_UA159,S. mutans,SMU_RS09225,0.23394495412844038,0.7285221156666379,0.41896024464831805
Smu_UA159,S. mutans,SMU_RS09230,0.2608695652173913,0.7203199943439846,0.4144927536231884
Smu_UA159,S. mutans,SMU_RS09240,0.26785714285714285,0.660562930904893,0.43214285714285716
Smu_UA159,S. mutans,SMU_RS09245,0.25,0.6676562322029835,0.37666666666666665
Smu_UA159,S. mutans,SMU_RS09250,0.18269230769230768,0.712151745580855,0.4150641025641026
Smu_UA159,S. mutans,SMU_RS09255,0.2631578947368421,0.6990890258484077,0.4178628389154705
Smu_UA159,S. mutans,SMU_RS09260,0.2815533980582524,0.6730841733641407,0.4174757281553398
Smu_UA159,S. mutans,SMU_RS09265,0.25327510917030566,0.5334570235117313,0.33915574963609896
Smu_UA159,S. mutans,SMU_RS09270,0.2399497487437186,0.578272864447214,0.3785594639865997
Smu_UA159,S. mutans,SMU_RS09275,0.3046683046683047,0.5024467809092268,0.4086814086814087
Smu_UA159,S. mutans,SMU_RS09280,0.2967741935483871,0.4735358950359975,0.3827956989247312
Smu_UA159,S. mutans,SMU_RS09285,0.25501432664756446,0.6882713193766324,0.396370582617001
Smu_UA159,S. mutans,SMU_RS09290,0.2633587786259542,0.7355473809064141,0.4020356234096692
Smu_UA159,S. mutans,SMU_RS09295,0.26537216828478966,0.40283861314074054,0.3187702265372168
Smu_UA159,S. mutans,SMU_RS09305,0.2884012539184953,0.5253071372074534,0.37513061650992685
Smu_UA159,S. mutans,SMU_RS09310,0.310126582278481,0.5637734756860673,0.40717299578059074
Smu_UA159,S. mutans,SMU_RS09320,0.3756906077348066,0.4461504470844941,0.40699815837937386
Smu_UA159,S. mutans,SMU_RS09325,0.2652439024390244,0.5640596014261037,0.40040650406504064
Smu_UA159,S. mutans,SMU_RS09330,0.33613445378151263,0.45137163442354256,0.36834733893557425
Smu_UA159,S. mutans,SMU_RS09335,0.32784958871915393,0.48323963161502825,0.4038386212299256
Smu_UA159,S. mutans,SMU_RS09340,0.348993288590604,0.4111390382605436,0.40492170022371365
Smu_UA159,S. mutans,SMU_RS09345,0.3225371120107962,0.5366789379773009,0.3945119208277103
Smu_UA159,S. mutans,SMU_RS09350,0.3102189781021898,0.5093070150594193,0.36739659367396593
Smu_UA159,S. mutans,SMU_RS09355,0.2671232876712329,0.6306555613341498,0.39223744292237445
Smu_UA159,S. mutans,SMU_RS09370,0.4032258064516129,0.4423726568100445,0.4381720430107527
Smu_UA159,S. mutans,SMU_RS09375,0.44654088050314467,0.44993893327270473,0.46226415094339623
Smu_UA159,S. mutans,SMU_RS09385,0.5031847133757962,0.39451642538153875,0.43524416135881105
Smu_UA159,S. mutans,SMU_RS09390,0.3597560975609756,0.42179214431430406,0.37601626016260165
Smu_UA159,S. mutans,SMU_RS09395,0.3815165876777251,0.46773590772668044,0.4391785150078989
Smu_UA159,S. mutans,SMU_RS09415,0.2679245283018868,0.552600409839451,0.3320754716981132
Smu_UA159,S. mutans,SMU_RS09420,0.30994152046783624,0.5070564703791007,0.3810916179337232
Smu_UA159,S. mutans,SMU_RS09425,0.3184931506849315,0.47433581931241253,0.3607305936073059
Smu_UA159,S. mutans,SMU_RS09430,0.3073394495412844,0.5707330774123651,0.3425076452599388
Smu_UA159,S. mutans,SMU_RS09435,0.30625,0.4593531479616731,0.40208333333333335
Smu_UA159,S. mutans,SMU_RS09440,0.3108252947481243,0.5205732609414958,0.37334762415148265
Smu_UA159,S. mutans,SMU_RS09445,0.26843657817109146,0.49384223933117616,0.3893805309734513
Smu_UA159,S. mutans,SMU_RS09450,0.3271794871794872,0.5087225331871826,0.36273504273504276
Smu_UA159,S. mutans,SMU_RS09455,0.296875,0.5169097424489789,0.3614583333333333
Smu_UA159,S. mutans,SMU_RS09460,0.27169811320754716,0.5339964982461339,0.3710691823899371
Smu_UA159,S. mutans,SMU_RS09465,0.3497942386831276,0.41528469547088,0.36213991769547327
Smu_UA159,S. mutans,SMU_RS09470,0.297029702970297,0.4887356754169563,0.38283828382838286
Smu_UA159,S. mutans,SMU_RS09475,0.3387096774193548,0.43729258789071784,0.3978494623655914
Smu_UA159,S. mutans,SMU_RS09480,0.27755102040816326,0.6126733049222208,0.381859410430839
Smu_UA159,S. mutans,SMU_RS09485,0.25572519083969464,0.5358284548235853,0.33078880407124683
Smu_UA159,S. mutans,SMU_RS09490,0.18,0.7398050121597463,0.36
Smu_UA159,S. mutans,SMU_RS09495,0.2714285714285714,0.49051155741613695,0.3880952380952381
Smu_UA159,S. mutans,SMU_RS09505,0.3103448275862069,0.47957666124861364,0.31724137931034485
Smu_UA159,S. mutans,SMU_RS09510,0.2953020134228188,0.47618399041038945,0.30648769574944074
Smu_UA159,S. mutans,SMU_RS09520,0.2887323943661972,0.36190142916697426,0.3380281690140845
Smu_UA159,S. mutans,SMU_RS09525,0.21804511278195488,0.5428267961800931,0.3308270676691729
Smu_UA159,S. mutans,SMU_RS09530,0.23697916666666666,0.5946494331590727,0.3914930555555556
Smu_UA159,S. mutans,SMU_RS09535,0.2315035799522673,0.4845937203767454,0.375497215592681
Smu_UA159,S. mutans,SMU_RS09540,0.23529411764705882,0.5548291458041033,0.33689839572192515
Smu_UA159,S. mutans,SMU_RS09545,0.23232323232323232,0.6391223480132685,0.3265993265993266
Smu_UA159,S. mutans,SMU_RS09550,0.24079754601226994,0.5295350441143495,0.35173824130879344
Smu_UA159,S. mutans,SMU_RS09560,0.2988235294117647,0.511337883312813,0.3776470588235294
Smu_UA159,S. mutans,SMU_RS09565,0.31896551724137934,0.42061505151712386,0.3706896551724138
Smu_UA159,S. mutans,SMU_RS09570,0.21232876712328766,0.5227702899813494,0.3378995433789954
Smu_UA159,S. mutans,SMU_RS09575,0.2710843373493976,0.4473952585070407,0.3132530120481928
Smu_UA159,S. mutans,SMU_RS09590,0.274822695035461,0.5532715355469852,0.382387706855792
Smu_UA159,S. mutans,SMU_RS09595,0.2593856655290102,0.5477582027427057,0.3412969283276451
Smu_UA159,S. mutans,SMU_RS09600,0.2939297124600639,0.5145569453850265,0.34930777422790205
Smu_UA159,S. mutans,SMU_RS09605,0.27796610169491526,0.5342765937805279,0.39096045197740115
Smu_UA159,S. mutans,SMU_RS09610,0.2627906976744186,0.5440476432818439,0.3813953488372093
Smu_UA159,S. mutans,SMU_RS09615,0.33495934959349594,0.4969761564115578,0.38102981029810296
Smu_UA159,S. mutans,SMU_RS09640,0.2540983606557377,0.4619562590879837,0.3214936247723133
Smu_UA159,S. mutans,SMU_RS09645,0.2907488986784141,0.44500499029006263,0.3707782672540382
Smu_UA159,S. mutans,SMU_RS09650,0.37404580152671757,0.44666977815858644,0.36895674300254455
Smu_UA159,S. mutans,SMU_RS09655,0.34690265486725663,0.5252007262490618,0.4230088495575221
Smu_UA159,S. mutans,SMU_RS09660,0.31868131868131866,0.3944656724682007,0.33882783882783885
Smu_UA159,S. mutans,SMU_RS09665,0.32,0.3635094147788512,0.3253333333333333
Smu_UA159,S. mutans,SMU_RS09670,0.3134920634920635,0.5017266757013582,0.35978835978835977
Smu_UA159,S. mutans,SMU_RS09675,0.3359375,0.5155391063642278,0.3810763888888889
Smu_UA159,S. mutans,SMU_RS09680,0.35071090047393366,0.4137059407580774,0.39968404423380727
Smu_UA159,S. mutans,SMU_RS09685,0.30128205128205127,0.5326235263313268,0.3547008547008547
Smu_UA159,S. mutans,SMU_RS09690,0.3108108108108108,0.44922534786846285,0.3978978978978979
Smu_UA159,S. mutans,SMU_RS09695,0.27979274611398963,0.4431988672800594,0.385146804835924
Smu_UA159,S. mutans,SMU_RS09705,0.3125,0.3473680528381428,0.3333333333333333
Smu_UA159,S. mutans,SMU_RS09715,0.2440944881889764,0.5532336729941573,0.3674540682414698
Smu_UA159,S. mutans,SMU_RS09720,0.2984749455337691,0.615742037388426,0.4066811909949165
Smu_UA159,S. mutans,SMU_RS09725,0.3129370629370629,0.5892333341305043,0.4370629370629371
Smu_UA159,S. mutans,SMU_RS09730,0.2894736842105263,0.45328189329438967,0.3713450292397661
Smu_UA159,S. mutans,SMU_RS09735,0.273015873015873,0.43920965604060014,0.35343915343915344
Smu_UA159,S. mutans,SMU_RS09740,0.25149700598802394,0.5075078447798104,0.38083832335329343
Smu_UA159,S. mutans,SMU_RS09745,0.21621621621621623,0.5930180765444896,0.2972972972972973
Smu_UA159,S. mutans,SMU_RS09750,0.21568627450980393,0.7547564079311261,0.4035947712418301
Smu_UA159,S. mutans,SMU_RS09760,0.2153846153846154,0.5040937697058752,0.3838827838827839
Smu_UA159,S. mutans,SMU_RS09765,0.17880794701986755,0.6473874264057661,0.31567328918322296
Smu_UA159,S. mutans,SMU_RS09770,0.24012158054711247,0.5347336880096089,0.34701114488348533
Smu_UA159,S. mutans,SMU_RS09775,0.2974683544303797,0.5072935705788408,0.399789029535865
Smu_UA159,S. mutans,SMU_RS09780,0.23222748815165878,0.5228988204872442,0.353870458135861
Smu_UA159,S. mutans,SMU_RS09785,0.2994652406417112,0.5835297462385763,0.40106951871657753
Smu_UA159,S. mutans,SMU_RS09790,0.19801980198019803,0.6154783014507165,0.41089108910891087
Smu_UA159,S. mutans,SMU_RS09795,0.19377162629757785,0.6155156345539159,0.3875432525951557
Smu_UA159,S. mutans,SMU_RS09800,0.2339622641509434,0.49330633707639715,0.3371069182389937
Smu_UA159,S. mutans,SMU_RS09805,0.20640569395017794,0.5234643710404415,0.36298932384341637
Smu_UA159,S. mutans,SMU_RS09810,0.2526690391459075,0.4831420255307994,0.36061684460260973
Smu_UA159,S. mutans,SMU_RS09815,0.2430939226519337,0.5898334468073271,0.3388581952117864
Smu_UA159,S. mutans,SMU_RS09820,0.20245398773006135,0.5408877622892362,0.3425357873210634
Smu_UA159,S. mutans,SMU_RS09825,0.19489559164733178,0.5213884161786568,0.28692962103634956
Smu_UA159,S. mutans,SMU_RS09830,0.22355769230769232,0.5196487693185498,0.30288461538461536
Smu_UA159,S. mutans,SMU_RS09835,0.23770491803278687,0.5480523593703498,0.31693989071038253
Smu_UA159,S. mutans,SMU_RS09840,0.23626373626373626,0.5215722654884173,0.32051282051282054
Smu_UA159,S. mutans,SMU_RS09845,0.19230769230769232,0.6868915421882034,0.3940620782726046
Smu_UA159,S. mutans,SMU_RS09850,0.16129032258064516,0.6497459134560499,0.33822091886608013
Smu_UA159,S. mutans,SMU_RS09855,0.23148148148148148,0.6232678615161188,0.35246913580246914
Smu_UA159,S. mutans,SMU_RS09860,0.21445221445221446,0.5571665974179333,0.28205128205128205
Smu_UA159,S. mutans,SMU_RS09880,0.22171945701357465,0.5035628248948488,0.2895927601809955
Smu_UA159,S. mutans,SMU_RS09885,0.21875,0.4885263214305541,0.31875
Smu_UA159,S. mutans,SMU_RS09890,0.19602977667493796,0.606641039499927,0.33002481389578164
Smu_UA159,S. mutans,SMU_RS09895,0.19844357976653695,0.5406717479945489,0.30609597924773024
Ssa_SK36,S. sanguinis,SSA_RS00005,0.31929046563192903,0.4510604445358537,0.3821138211382114
Ssa_SK36,S. sanguinis,SSA_RS00010,0.316622691292876,0.470391085534259,0.3755496921723835
Ssa_SK36,S. sanguinis,SSA_RS00020,0.27439024390243905,0.5913321195591854,0.3313008130081301
Ssa_SK36,S. sanguinis,SSA_RS00025,0.2849462365591398,0.48056793572643836,0.40412186379928317
Ssa_SK36,S. sanguinis,SSA_RS00030,0.28421052631578947,0.461949405812531,0.3473684210526316
Ssa_SK36,S. sanguinis,SSA_RS00035,0.3099315068493151,0.4009777759462425,0.3687214611872146
Ssa_SK36,S. sanguinis,SSA_RS00045,0.4065040650406504,0.4033064868925382,0.38482384823848237
Ssa_SK36,S. sanguinis,SSA_RS00050,0.3411214953271028,0.4327588255283213,0.37538940809968846
Ssa_SK36,S. sanguinis,SSA_RS00055,0.34976525821596244,0.40718837152258697,0.3810641627543036
Ssa_SK36,S. sanguinis,SSA_RS00060,0.24861878453038674,0.5373281473361237,0.3296500920810313
Ssa_SK36,S. sanguinis,SSA_RS00065,0.32272727272727275,0.5089212692977234,0.4171717171717172
Ssa_SK36,S. sanguinis,SSA_RS00080,0.32098765432098764,0.4209009970723378,0.3271604938271605
Ssa_SK36,S. sanguinis,SSA_RS00190,0.3014705882352941,0.40930703428739923,0.37254901960784315
Ssa_SK36,S. sanguinis,SSA_RS00195,0.32335329341317365,0.40844379475295134,0.3073852295409182
Ssa_SK36,S. sanguinis,SSA_RS00200,0.2271604938271605,0.6087607341469068,0.42633744855967076
Ssa_SK36,S. sanguinis,SSA_RS00205,0.3695652173913043,0.43003549742976677,0.4254658385093168
Ssa_SK36,S. sanguinis,SSA_RS00210,0.2789473684210526,0.48508373797517595,0.4421052631578947
Ssa_SK36,S. sanguinis,SSA_RS00215,0.41637010676156583,0.3871900506663038,0.4294187425860024
Ssa_SK36,S. sanguinis,SSA_RS00220,0.4859335038363171,0.3534637561351079,0.47058823529411764
Ssa_SK36,S. sanguinis,SSA_RS00225,0.4806201550387597,0.3839593108605799,0.43410852713178294
Ssa_SK36,S. sanguinis,SSA_RS00230,0.45045045045045046,0.3807253647995156,0.47847847847847846
Ssa_SK36,S. sanguinis,SSA_RS00240,0.4576271186440678,0.4609136085614802,0.4194915254237288
Ssa_SK36,S. sanguinis,SSA_RS00245,0.485140562248996,0.41418147161719415,0.48701472556894243
Ssa_SK36,S. sanguinis,SSA_RS00250,0.5208333333333334,0.3560268394631102,0.4986111111111111
Ssa_SK36,S. sanguinis,SSA_RS00255,0.44574780058651026,0.41435218109992206,0.4731182795698925
Ssa_SK36,S. sanguinis,SSA_RS00260,0.4627659574468085,0.36932623735664727,0.4734042553191489
Ssa_SK36,S. sanguinis,SSA_RS00265,0.23529411764705882,0.31807733787148196,0.2773109243697479
Ssa_SK36,S. sanguinis,SSA_RS00270,0.5213178294573644,0.37320640100343344,0.49870801033591733
Ssa_SK36,S. sanguinis,SSA_RS00275,0.40923076923076923,0.42533012187942504,0.45384615384615384
Ssa_SK36,S. sanguinis,SSA_RS00280,0.5605700712589073,0.35656926164089986,0.5170229612034838
Ssa_SK36,S. sanguinis,SSA_RS00285,0.4601226993865031,0.4234221183718889,0.5112474437627812
Ssa_SK36,S. sanguinis,SSA_RS00290,0.5274725274725275,0.38440354357473516,0.5
Ssa_SK36,S. sanguinis,SSA_RS00305,0.45493562231759654,0.41482611584043755,0.4406294706723891
Ssa_SK36,S. sanguinis,SSA_RS00320,0.232620320855615,0.38717332357081335,0.29233511586452765
Ssa_SK36,S. sanguinis,SSA_RS00325,0.22897196261682243,0.35124815106439455,0.2757009345794392
Ssa_SK36,S. sanguinis,SSA_RS00330,0.6134259259259259,0.38161542114679303,0.5185185185185185
Ssa_SK36,S. sanguinis,SSA_RS00335,0.4973544973544973,0.43934424525302535,0.4444444444444444
Ssa_SK36,S. sanguinis,SSA_RS00340,0.47738693467336685,0.3950501624915529,0.440536013400335
Ssa_SK36,S. sanguinis,SSA_RS00345,0.5060606060606061,0.41079978857795535,0.494949494949495
Ssa_SK36,S. sanguinis,SSA_RS00350,0.5440414507772021,0.325762809264971,0.5250431778929189
Ssa_SK36,S. sanguinis,SSA_RS00355,0.552,0.3596464579928094,0.49066666666666664
Ssa_SK36,S. sanguinis,SSA_RS00360,0.5271966527196653,0.45021556568077437,0.42398884239888424
Ssa_SK36,S. sanguinis,SSA_RS00365,0.5369127516778524,0.3350056463679456,0.4809843400447427
Ssa_SK36,S. sanguinis,SSA_RS00370,0.49056603773584906,0.38554501917042583,0.4758909853249476
Ssa_SK36,S. sanguinis,SSA_RS00375,0.3543046357615894,0.5495940024308976,0.45143487858719644
Ssa_SK36,S. sanguinis,SSA_RS00380,0.4618181818181818,0.5667345976280702,0.4218181818181818
Ssa_SK36,S. sanguinis,SSA_RS00385,0.3925925925925926,0.4189233241049742,0.4271604938271605
Ssa_SK36,S. sanguinis,SSA_RS00390,0.539440203562341,0.3409669655277019,0.49787955894826125
Ssa_SK36,S. sanguinis,SSA_RS00395,0.5289017341040463,0.3957443666484212,0.5019267822736031
Ssa_SK36,S. sanguinis,SSA_RS00400,0.5071633237822349,0.3432050814719819,0.49283667621776506
Ssa_SK36,S. sanguinis,SSA_RS00405,0.5645645645645646,0.3163039748628483,0.5035035035035035
Ssa_SK36,S. sanguinis,SSA_RS00410,0.45789473684210524,0.36386427029736723,0.4543859649122807
Ssa_SK36,S. sanguinis,SSA_RS00415,0.49645390070921985,0.36558642524381524,0.44680851063829785
Ssa_SK36,S. sanguinis,SSA_RS00420,0.4647887323943662,0.3385822843686861,0.43896713615023475
Ssa_SK36,S. sanguinis,SSA_RS00425,0.5199335548172758,0.3659089670213974,0.45957918050941304
Ssa_SK36,S. sanguinis,SSA_RS00430,0.40790960451977404,0.5781455508792153,0.4568738229755179
Ssa_SK36,S. sanguinis,SSA_RS00435,0.4845814977973568,0.2896477260499921,0.4654919236417034
Ssa_SK36,S. sanguinis,SSA_RS00440,0.4161676646706587,0.39651956572817015,0.43812375249500995
Ssa_SK36,S. sanguinis,SSA_RS00445,0.48497854077253216,0.3698705170504857,0.4907010014306152
Ssa_SK36,S. sanguinis,SSA_RS00450,0.36507936507936506,0.46078640330454473,0.42504409171075835
Ssa_SK36,S. sanguinis,SSA_RS00455,0.18543046357615894,0.42162632793178867,0.31125827814569534
Ssa_SK36,S. sanguinis,SSA_RS00460,0.2583518930957684,0.522308683815309,0.3615441722345954
Ssa_SK36,S. sanguinis,SSA_RS00465,0.3559322033898305,0.4025343314048631,0.37966101694915255
Ssa_SK36,S. sanguinis,SSA_RS00470,0.3129496402877698,0.44205411630760677,0.36810551558752996
Ssa_SK36,S. sanguinis,SSA_RS00475,0.27445652173913043,0.5410046001811124,0.39402173913043476
Ssa_SK36,S. sanguinis,SSA_RS00480,0.4411764705882353,0.42358595629265977,0.4651416122004357
Ssa_SK36,S. sanguinis,SSA_RS00485,0.42033898305084744,0.4242487723254454,0.4666666666666667
Ssa_SK36,S. sanguinis,SSA_RS00490,0.38181818181818183,0.41667092001973915,0.4
Ssa_SK36,S. sanguinis,SSA_RS00495,0.4788732394366197,0.3730538111324802,0.4272300469483568
Ssa_SK36,S. sanguinis,SSA_RS00500,0.5370370370370371,0.33269100767534293,0.49074074074074076
Ssa_SK36,S. sanguinis,SSA_RS00505,0.5460122699386503,0.32449582309185027,0.49693251533742333
Ssa_SK36,S. sanguinis,SSA_RS00510,0.45,0.4111904511185674,0.48333333333333334
Ssa_SK36,S. sanguinis,SSA_RS00515,0.5228426395939086,0.35710937871439336,0.49746192893401014
Ssa_SK36,S. sanguinis,SSA_RS00520,0.6094674556213018,0.3172731364097128,0.5
Ssa_SK36,S. sanguinis,SSA_RS00525,0.5233644859813084,0.3225880265598147,0.48909657320872274
Ssa_SK36,S. sanguinis,SSA_RS00530,0.5301724137931034,0.3171102368548175,0.4885057471264368
Ssa_SK36,S. sanguinis,SSA_RS00535,0.5644891122278057,0.3579173763264236,0.5298715801228364
Ssa_SK36,S. sanguinis,SSA_RS00540,0.5849462365591398,0.3419548456308416,0.5232974910394266
Ssa_SK36,S. sanguinis,SSA_RS00545,0.6634615384615384,0.2823074855817465,0.5224358974358975
Ssa_SK36,S. sanguinis,SSA_RS00550,0.2923497267759563,0.564873266082025,0.4581056466302368
Ssa_SK36,S. sanguinis,SSA_RS00555,0.5191919191919192,0.41050103735309706,0.48282828282828283
Ssa_SK36,S. sanguinis,SSA_RS00560,0.5727699530516432,0.2992758461192894,0.5164319248826291
Ssa_SK36,S. sanguinis,SSA_RS00565,0.5317073170731708,0.33274994523473955,0.4585365853658537
Ssa_SK36,S. sanguinis,SSA_RS00570,0.41358024691358025,0.4019001532121745,0.35390946502057613
Ssa_SK36,S. sanguinis,SSA_RS00575,0.5766174801362088,0.3444544787926591,0.4948921679909194
Ssa_SK36,S. sanguinis,SSA_RS00580,0.5,0.3722095230606209,0.4817351598173516
Ssa_SK36,S. sanguinis,SSA_RS00585,0.4853801169590643,0.34532959586048706,0.4678362573099415
Ssa_SK36,S. sanguinis,SSA_RS00590,0.46689895470383275,0.3469085959192307,0.42276422764227645
Ssa_SK36,S. sanguinis,SSA_RS00595,0.5590551181102362,0.3902575138522755,0.4969378827646544
Ssa_SK36,S. sanguinis,SSA_RS00600,0.4460093896713615,0.28141101955529846,0.4726134585289515
Ssa_SK36,S. sanguinis,SSA_RS00605,0.3592233009708738,0.7459963303065882,0.42718446601941745
Ssa_SK36,S. sanguinis,SSA_RS00610,0.32057416267942584,0.7106139604903811,0.4370015948963317
Ssa_SK36,S. sanguinis,SSA_RS00615,0.27884615384615385,0.7123714489183851,0.4423076923076923
Ssa_SK36,S. sanguinis,SSA_RS00625,0.32014388489208634,0.7395981492965638,0.4628297362110312
Ssa_SK36,S. sanguinis,SSA_RS00635,0.3130434782608696,0.77441342405057,0.42318840579710143
Ssa_SK36,S. sanguinis,SSA_RS00640,0.3211009174311927,0.7174430112174545,0.44954128440366975
Ssa_SK36,S. sanguinis,SSA_RS00645,0.2898550724637681,0.7698405751422578,0.4492753623188406
Ssa_SK36,S. sanguinis,SSA_RS00660,0.34146341463414637,0.7710040441288403,0.45528455284552843
Ssa_SK36,S. sanguinis,SSA_RS00665,0.28431372549019607,0.7441614504286517,0.3888888888888889
Ssa_SK36,S. sanguinis,SSA_RS00670,0.32044198895027626,0.7651324875170227,0.4088397790055249
Ssa_SK36,S. sanguinis,SSA_RS00680,0.3157894736842105,0.7190744949453758,0.40100250626566414
Ssa_SK36,S. sanguinis,SSA_RS00690,0.2681564245810056,0.7524424489144032,0.41899441340782123
Ssa_SK36,S. sanguinis,SSA_RS00695,0.31092436974789917,0.6429980962046683,0.4565826330532213
Ssa_SK36,S. sanguinis,SSA_RS00700,0.2606060606060606,0.6919500306616495,0.45454545454545453
Ssa_SK36,S. sanguinis,SSA_RS00710,0.2653061224489796,0.7358029362340269,0.4376417233560091
Ssa_SK36,S. sanguinis,SSA_RS00715,0.43119266055045874,0.4330051078726452,0.42813455657492355
Ssa_SK36,S. sanguinis,SSA_RS00720,0.41784037558685444,0.5257429765157439,0.431924882629108
Ssa_SK36,S. sanguinis,SSA_RS00735,0.2786885245901639,0.7401009602098592,0.42896174863387976
Ssa_SK36,S. sanguinis,SSA_RS00740,0.171875,0.6932916224433092,0.4427083333333333
Ssa_SK36,S. sanguinis,SSA_RS00745,0.30990415335463256,0.5432003097873628,0.4014909478168264
Ssa_SK36,S. sanguinis,SSA_RS00750,0.3023255813953488,0.6882372065867086,0.43410852713178294
Ssa_SK36,S. sanguinis,SSA_RS00840,0.41216216216216217,0.37540841442185446,0.4144144144144144
Ssa_SK36,S. sanguinis,SSA_RS00845,0.4219409282700422,0.33936201568004093,0.4444444444444444
Ssa_SK36,S. sanguinis,SSA_RS00850,0.5204460966542751,0.284482588712449,0.45229244114002476
Ssa_SK36,S. sanguinis,SSA_RS00855,0.4411177644710579,0.4498951506081774,0.4357950765136394
Ssa_SK36,S. sanguinis,SSA_RS00860,0.47297297297297297,0.3447363561705528,0.4527027027027027
Ssa_SK36,S. sanguinis,SSA_RS00865,0.465954606141522,0.3424751775175967,0.47930574098798395
Ssa_SK36,S. sanguinis,SSA_RS00880,0.387434554973822,0.41128037329042744,0.387434554973822
Ssa_SK36,S. sanguinis,SSA_RS00885,0.3781094527363184,0.39831471511703115,0.4079601990049751
Ssa_SK36,S. sanguinis,SSA_RS00890,0.31203007518796994,0.42990848113303876,0.44569757727652465
Ssa_SK36,S. sanguinis,SSA_RS00895,0.4827586206896552,0.4434814169815341,0.47214854111405835
Ssa_SK36,S. sanguinis,SSA_RS00905,0.400990099009901,0.41319478809189447,0.43234323432343236
Ssa_SK36,S. sanguinis,SSA_RS00910,0.4258064516129032,0.354951645741656,0.4
Ssa_SK36,S. sanguinis,SSA_RS00915,0.434279705573081,0.3638788385357091,0.4286715737819839
Ssa_SK36,S. sanguinis,SSA_RS00920,0.44176706827309237,0.34322553941851003,0.42704149933065594
Ssa_SK36,S. sanguinis,SSA_RS00925,0.42318840579710143,0.37708955253846205,0.3893719806763285
Ssa_SK36,S. sanguinis,SSA_RS00930,0.38524590163934425,0.36234398578647803,0.4098360655737705
Ssa_SK36,S. sanguinis,SSA_RS00935,0.4726134585289515,0.38504778858800703,0.4449660928534168
Ssa_SK36,S. sanguinis,SSA_RS00940,0.35185185185185186,0.47588202721485173,0.42592592592592593
Ssa_SK36,S. sanguinis,SSA_RS00945,0.3768844221105528,0.41834581960434075,0.4204355108877722
Ssa_SK36,S. sanguinis,SSA_RS00950,0.29742033383915023,0.40701514183635046,0.4092058674759737
Ssa_SK36,S. sanguinis,SSA_RS00955,0.4339622641509434,0.31661019555635256,0.4339622641509434
Ssa_SK36,S. sanguinis,SSA_RS00960,0.44680851063829785,0.3330326858730299,0.4056737588652482
Ssa_SK36,S. sanguinis,SSA_RS00965,0.4582043343653251,0.35911277733747315,0.43498452012383904
Ssa_SK36,S. sanguinis,SSA_RS00970,0.4304932735426009,0.3511989295671967,0.4170403587443946
Ssa_SK36,S. sanguinis,SSA_RS00975,0.42857142857142855,0.3425516611260072,0.41369047619047616
Ssa_SK36,S. sanguinis,SSA_RS00980,0.4,0.3751598832530423,0.4548611111111111
Ssa_SK36,S. sanguinis,SSA_RS00985,0.43523316062176165,0.31767840568034483,0.4231433506044905
Ssa_SK36,S. sanguinis,SSA_RS00990,0.39436619718309857,0.408555963883729,0.3967136150234742
Ssa_SK36,S. sanguinis,SSA_RS00995,0.38529411764705884,0.4313926919676054,0.49901960784313726
Ssa_SK36,S. sanguinis,SSA_RS01000,0.4057971014492754,0.372440649801671,0.39903381642512076
Ssa_SK36,S. sanguinis,SSA_RS01010,0.47150259067357514,0.40914329487217216,0.3765112262521589
Ssa_SK36,S. sanguinis,SSA_RS01020,0.36423841059602646,0.3480086865832062,0.41501103752759383
Ssa_SK36,S. sanguinis,SSA_RS01025,0.43214285714285716,0.3834739818840387,0.4261904761904762
Ssa_SK36,S. sanguinis,SSA_RS01030,0.5107398568019093,0.4519166799417499,0.47175815433572
Ssa_SK36,S. sanguinis,SSA_RS01035,0.4894409937888199,0.3793268491026887,0.4662525879917184
Ssa_SK36,S. sanguinis,SSA_RS01040,0.42304457527333894,0.528824531945965,0.4653770675637791
Ssa_SK36,S. sanguinis,SSA_RS01045,0.4597039473684211,0.520325383379605,0.47971491228070173
Ssa_SK36,S. sanguinis,SSA_RS01050,0.4170984455958549,0.41150708593937746,0.4473229706390328
Ssa_SK36,S. sanguinis,SSA_RS01055,0.4448669201520912,0.3915338291623611,0.4017743979721166
Ssa_SK36,S. sanguinis,SSA_RS01060,0.4965675057208238,0.4447772832587478,0.43935926773455375
Ssa_SK36,S. sanguinis,SSA_RS01065,0.45528455284552843,0.4269119187080053,0.4218608852755194
Ssa_SK36,S. sanguinis,SSA_RS01070,0.5511811023622047,0.40297727437038355,0.4540682414698163
Ssa_SK36,S. sanguinis,SSA_RS01075,0.46496815286624205,0.34652324674351487,0.4723991507430998
Ssa_SK36,S. sanguinis,SSA_RS01080,0.5043478260869565,0.3312891784645075,0.4396135265700483
Ssa_SK36,S. sanguinis,SSA_RS01085,0.44339622641509435,0.3921690977561796,0.42452830188679247
Ssa_SK36,S. sanguinis,SSA_RS01090,0.5172413793103449,0.2912283979795384,0.45517241379310347
Ssa_SK36,S. sanguinis,SSA_RS01100,0.5174825174825175,0.363008599203733,0.46386946386946387
Ssa_SK36,S. sanguinis,SSA_RS01105,0.5267175572519084,0.3592081863996406,0.46564885496183206
Ssa_SK36,S. sanguinis,SSA_RS01110,0.4161490683229814,0.39255738715828514,0.41821946169772256
Ssa_SK36,S. sanguinis,SSA_RS01115,0.3844221105527638,0.49766676943203303,0.4355108877721943
Ssa_SK36,S. sanguinis,SSA_RS01120,0.412,0.3713297868950205,0.38533333333333336
Ssa_SK36,S. sanguinis,SSA_RS01125,0.5164319248826291,0.3217120826785301,0.45539906103286387
Ssa_SK36,S. sanguinis,SSA_RS01130,0.4276729559748428,0.38226705725575233,0.4811320754716981
Ssa_SK36,S. sanguinis,SSA_RS01135,0.4838709677419355,0.30795118886188105,0.4824372759856631
Ssa_SK36,S. sanguinis,SSA_RS01140,0.5243243243243243,0.3487068713345346,0.4936936936936937
Ssa_SK36,S. sanguinis,SSA_RS01145,0.5166051660516605,0.3717802105054194,0.4858548585485855
Ssa_SK36,S. sanguinis,SSA_RS01150,0.461864406779661,0.30619604063790806,0.4675141242937853
Ssa_SK36,S. sanguinis,SSA_RS01155,0.5057034220532319,0.31543690339247765,0.46514575411913817
Ssa_SK36,S. sanguinis,SSA_RS01160,0.47717842323651455,0.3389279615078329,0.44536652835408025
Ssa_SK36,S. sanguinis,SSA_RS01165,0.43776824034334766,0.33365660596083274,0.4434907010014306
Ssa_SK36,S. sanguinis,SSA_RS01170,0.4682080924855491,0.35920510133141637,0.4258188824662813
Ssa_SK36,S. sanguinis,SSA_RS01185,0.496551724137931,0.3551952920036112,0.4206896551724138
Ssa_SK36,S. sanguinis,SSA_RS01190,0.5232323232323233,0.43003368655934143,0.46936026936026937
Ssa_SK36,S. sanguinis,SSA_RS01195,0.5154929577464789,0.43172386745885455,0.5258215962441315
Ssa_SK36,S. sanguinis,SSA_RS01205,0.4642857142857143,0.3626133767018927,0.4375
Ssa_SK36,S. sanguinis,SSA_RS01210,0.45454545454545453,0.3936276584378021,0.4784688995215311
Ssa_SK36,S. sanguinis,SSA_RS01215,0.5204081632653061,0.36528330567960976,0.4574829931972789
Ssa_SK36,S. sanguinis,SSA_RS01220,0.4393939393939394,0.34616676903805355,0.494949494949495
Ssa_SK36,S. sanguinis,SSA_RS01225,0.5288753799392097,0.3421009695477439,0.45491388044579534
Ssa_SK36,S. sanguinis,SSA_RS01230,0.5525114155251142,0.3049675427489761,0.4497716894977169
Ssa_SK36,S. sanguinis,SSA_RS01235,0.5394736842105263,0.3339899068968558,0.4692982456140351
Ssa_SK36,S. sanguinis,SSA_RS01240,0.5327102803738317,0.35227907618623616,0.4665109034267913
Ssa_SK36,S. sanguinis,SSA_RS01245,0.4863013698630137,0.4412570795155267,0.4954337899543379
Ssa_SK36,S. sanguinis,SSA_RS01250,0.48484848484848486,0.4936042932618941,0.45454545454545453
Ssa_SK36,S. sanguinis,SSA_RS01255,0.39361702127659576,0.5036966972533267,0.4491725768321513
Ssa_SK36,S. sanguinis,SSA_RS01260,0.4456140350877193,0.4833267354208748,0.45497076023391814
Ssa_SK36,S. sanguinis,SSA_RS01275,0.3955637707948244,0.5362288553150968,0.4614910659272951
Ssa_SK36,S. sanguinis,SSA_RS01280,0.38349514563106796,0.4774954535502678,0.43581445523193096
Ssa_SK36,S. sanguinis,SSA_RS01285,0.31151832460732987,0.3869173295867985,0.33158813263525305
Ssa_SK36,S. sanguinis,SSA_RS01290,0.34651162790697676,0.3834746083217578,0.39612403100775195
Ssa_SK36,S. sanguinis,SSA_RS01310,0.313953488372093,0.41343601408693315,0.375968992248062
Ssa_SK36,S. sanguinis,SSA_RS01325,0.2394736842105263,0.36806672733059204,0.3307017543859649
Ssa_SK36,S. sanguinis,SSA_RS01335,0.5508274231678487,0.3148249437973895,0.5090622537431048
Ssa_SK36,S. sanguinis,SSA_RS01340,0.47770700636942676,0.3494144630314748,0.4564755838641189
Ssa_SK36,S. sanguinis,SSA_RS01345,0.48344370860927155,0.38628299308594677,0.45695364238410596
Ssa_SK36,S. sanguinis,SSA_RS01350,0.5286624203821656,0.28697405277220805,0.4564755838641189
Ssa_SK36,S. sanguinis,SSA_RS01355,0.5408805031446541,0.36334304003530965,0.5094339622641509
Ssa_SK36,S. sanguinis,SSA_RS01360,0.5099601593625498,0.3324944585173091,0.5086321381142098
Ssa_SK36,S. sanguinis,SSA_RS01365,0.49502487562189057,0.42764708570254384,0.4896351575456053
Ssa_SK36,S. sanguinis,SSA_RS01370,0.32061068702290074,0.3146440992300936,0.356234096692112
Ssa_SK36,S. sanguinis,SSA_RS01375,0.2900763358778626,0.3883939587622903,0.3486005089058524
Ssa_SK36,S. sanguinis,SSA_RS01380,0.3435114503816794,0.34717172064381224,0.3638676844783715
Ssa_SK36,S. sanguinis,SSA_RS01385,0.31919642857142855,0.361323000140125,0.39806547619047616
Ssa_SK36,S. sanguinis,SSA_RS01390,0.2962962962962963,0.3667381962066053,0.362962962962963
Ssa_SK36,S. sanguinis,SSA_RS01400,0.5716216216216217,0.3270117116585419,0.486036036036036
Ssa_SK36,S. sanguinis,SSA_RS01405,0.47297297297297297,0.34346725712734494,0.46396396396396394
Ssa_SK36,S. sanguinis,SSA_RS01410,0.4849624060150376,0.39243948833607145,0.43358395989974935
Ssa_SK36,S. sanguinis,SSA_RS01415,0.375609756097561,0.35043087487809127,0.3951219512195122
Ssa_SK36,S. sanguinis,SSA_RS01420,0.4154929577464789,0.3647745102556933,0.43427230046948356
Ssa_SK36,S. sanguinis,SSA_RS01425,0.512987012987013,0.35513099165108636,0.43722943722943725
Ssa_SK36,S. sanguinis,SSA_RS01430,0.5509259259259259,0.39989552278469237,0.4660493827160494
Ssa_SK36,S. sanguinis,SSA_RS01435,0.4547346514047867,0.3962951071196,0.4835241068331599
Ssa_SK36,S. sanguinis,SSA_RS01440,0.47540983606557374,0.35317067034693955,0.4726775956284153
Ssa_SK36,S. sanguinis,SSA_RS01445,0.4634146341463415,0.4961088168444404,0.45934959349593496
Ssa_SK36,S. sanguinis,SSA_RS01450,0.49032258064516127,0.4727272401810533,0.4236559139784946
Ssa_SK36,S. sanguinis,SSA_RS01455,0.5618374558303887,0.32533915571058214,0.4664310954063604
Ssa_SK36,S. sanguinis,SSA_RS01460,0.5375,0.3692452582144279,0.4625
Ssa_SK36,S. sanguinis,SSA_RS01465,0.49128367670364503,0.405604006542171,0.4844162704701532
Ssa_SK36,S. sanguinis,SSA_RS01470,0.4916387959866221,0.3615403262713409,0.4916387959866221
Ssa_SK36,S. sanguinis,SSA_RS01480,0.518796992481203,0.33388341885312145,0.4678362573099415
Ssa_SK36,S. sanguinis,SSA_RS01485,0.5754716981132075,0.3218633844481853,0.48427672955974843
Ssa_SK36,S. sanguinis,SSA_RS01490,0.44339622641509435,0.3621490059244181,0.44339622641509435
Ssa_SK36,S. sanguinis,SSA_RS01495,0.5198237885462555,0.3835153968740571,0.461086637298091
Ssa_SK36,S. sanguinis,SSA_RS01500,0.5497470489038786,0.34822240551946826,0.4761101742551995
Ssa_SK36,S. sanguinis,SSA_RS01505,0.5032258064516129,0.3559363855441723,0.489247311827957
Ssa_SK36,S. sanguinis,SSA_RS01510,0.4406779661016949,0.3904935652139816,0.5098870056497176
Ssa_SK36,S. sanguinis,SSA_RS01515,0.50920245398773,0.374610118547416,0.4498977505112474
Ssa_SK36,S. sanguinis,SSA_RS01520,0.5172413793103449,0.3467988989882431,0.47011494252873565
Ssa_SK36,S. sanguinis,SSA_RS01525,0.4362934362934363,0.4044011614042925,0.41312741312741313
Ssa_SK36,S. sanguinis,SSA_RS01530,0.4314516129032258,0.36381832909624784,0.41397849462365593
Ssa_SK36,S. sanguinis,SSA_RS01535,0.41975308641975306,0.3835733001674033,0.4228395061728395
Ssa_SK36,S. sanguinis,SSA_RS01540,0.4024390243902439,0.3042448003774756,0.3516260162601626
Ssa_SK36,S. sanguinis,SSA_RS01545,0.39814814814814814,0.4335263177411107,0.404320987654321
Ssa_SK36,S. sanguinis,SSA_RS01550,0.38461538461538464,0.44770709696556976,0.42948717948717946
Ssa_SK36,S. sanguinis,SSA_RS01555,0.4792626728110599,0.381447227518602,0.45161290322580644
Ssa_SK36,S. sanguinis,SSA_RS01560,0.42997542997543,0.45056391460064943,0.4484029484029484
Ssa_SK36,S. sanguinis,SSA_RS01565,0.3901345291479821,0.40870044292776614,0.43946188340807174
Ssa_SK36,S. sanguinis,SSA_RS01570,0.38904109589041097,0.4122922749480545,0.4557077625570776
Ssa_SK36,S. sanguinis,SSA_RS01575,0.3776595744680851,0.37713272585964047,0.37056737588652483
Ssa_SK36,S. sanguinis,SSA_RS01580,0.4988009592326139,0.4429277869817222,0.4856115107913669
Ssa_SK36,S. sanguinis,SSA_RS01585,0.48429319371727747,0.3599271836147132,0.4083769633507853
Ssa_SK36,S. sanguinis,SSA_RS01590,0.32971014492753625,0.5738613443289261,0.42632850241545894
Ssa_SK36,S. sanguinis,SSA_RS01595,0.4492307692307692,0.37111325302101483,0.4358974358974359
Ssa_SK36,S. sanguinis,SSA_RS11740,0.42857142857142855,0.3998248416838972,0.42857142857142855
Ssa_SK36,S. sanguinis,SSA_RS01605,0.3321917808219178,0.39842818048272327,0.3881278538812785
Ssa_SK36,S. sanguinis,SSA_RS01610,0.3076923076923077,0.3968483062791652,0.33903133903133903
Ssa_SK36,S. sanguinis,SSA_RS01615,0.32656826568265684,0.511857262260401,0.42496924969249694
Ssa_SK36,S. sanguinis,SSA_RS01620,0.37658227848101267,0.39535153371805026,0.39767932489451474
Ssa_SK36,S. sanguinis,SSA_RS01625,0.43478260869565216,0.3653493039125794,0.47246376811594204
Ssa_SK36,S. sanguinis,SSA_RS01630,0.21395348837209302,0.44942078079890146,0.3333333333333333
Ssa_SK36,S. sanguinis,SSA_RS01635,0.265625,0.40030893846734983,0.3333333333333333
Ssa_SK36,S. sanguinis,SSA_RS01640,0.2982456140350877,0.7484497958931894,0.4327485380116959
Ssa_SK36,S. sanguinis,SSA_RS01645,0.34625492772667543,0.44485062751176124,0.44524748138414366
Ssa_SK36,S. sanguinis,SSA_RS01650,0.31981981981981983,0.5282660401517664,0.4294294294294294
Ssa_SK36,S. sanguinis,SSA_RS01655,0.49714285714285716,0.3371595010044698,0.4266666666666667
Ssa_SK36,S. sanguinis,SSA_RS01660,0.4180327868852459,0.37303651279504896,0.43989071038251365
Ssa_SK36,S. sanguinis,SSA_RS01665,0.44988864142538976,0.44998310580043854,0.4506310319227914
Ssa_SK36,S. sanguinis,SSA_RS01670,0.37142857142857144,0.38979282014298794,0.3976190476190476
Ssa_SK36,S. sanguinis,SSA_RS01675,0.37142857142857144,0.4503992475530936,0.3976190476190476
Ssa_SK36,S. sanguinis,SSA_RS01680,0.3469387755102041,0.38764022614817567,0.4013605442176871
Ssa_SK36,S. sanguinis,SSA_RS01685,0.41365461847389556,0.38196637880182355,0.41633199464524767
Ssa_SK36,S. sanguinis,SSA_RS01690,0.5222816399286988,0.41262430984824006,0.489007724301842
Ssa_SK36,S. sanguinis,SSA_RS01700,0.48148148148148145,0.3755313368437517,0.4681861348528015
Ssa_SK36,S. sanguinis,SSA_RS01705,0.5032258064516129,0.35587315235711753,0.4645161290322581
Ssa_SK36,S. sanguinis,SSA_RS01710,0.5152838427947598,0.3417473247288768,0.5094614264919942
Ssa_SK36,S. sanguinis,SSA_RS01715,0.5033112582781457,0.3517554191858209,0.4746136865342163
Ssa_SK36,S. sanguinis,SSA_RS01720,0.5341246290801187,0.3347417739196786,0.5093966369930761
Ssa_SK36,S. sanguinis,SSA_RS01725,0.5,0.31530650063007487,0.46695402298850575
Ssa_SK36,S. sanguinis,SSA_RS01730,0.46017699115044247,0.3444807059551798,0.41887905604719766
Ssa_SK36,S. sanguinis,SSA_RS01735,0.4578313253012048,0.37166646291445005,0.4444444444444444
Ssa_SK36,S. sanguinis,SSA_RS01740,0.43089430894308944,0.41732446603060747,0.43766937669376693
Ssa_SK36,S. sanguinis,SSA_RS01745,0.5790816326530612,0.35035230788716565,0.5025510204081632
Ssa_SK36,S. sanguinis,SSA_RS01750,0.5575757575757576,0.40357209900885926,0.4686868686868687
Ssa_SK36,S. sanguinis,SSA_RS01755,0.5470085470085471,0.32327016758006377,0.44843304843304843
Ssa_SK36,S. sanguinis,SSA_RS01760,0.42,0.5293097017788561,0.44
Ssa_SK36,S. sanguinis,SSA_RS01765,0.39855072463768115,0.3865068114936345,0.37681159420289856
Ssa_SK36,S. sanguinis,SSA_RS01770,0.5072083879423329,0.38965502654841244,0.46657929226736566
Ssa_SK36,S. sanguinis,SSA_RS01775,0.39403973509933776,0.535261792453722,0.45805739514348787
Ssa_SK36,S. sanguinis,SSA_RS01780,0.42990654205607476,0.3552390192192127,0.42445482866043616
Ssa_SK36,S. sanguinis,SSA_RS01785,0.3836734693877551,0.3882861254139934,0.42448979591836733
Ssa_SK36,S. sanguinis,SSA_RS01790,0.483974358974359,0.343274588005467,0.4722222222222222
Ssa_SK36,S. sanguinis,SSA_RS01795,0.5017064846416383,0.31800791345420537,0.4937428896473265
Ssa_SK36,S. sanguinis,SSA_RS01800,0.5126582278481012,0.33942728576381304,0.4778481012658228
Ssa_SK36,S. sanguinis,SSA_RS01805,0.4970588235294118,0.3259191406611524,0.47549019607843135
Ssa_SK36,S. sanguinis,SSA_RS01810,0.44047619047619047,0.3839525350628285,0.4712301587301587
Ssa_SK36,S. sanguinis,SSA_RS01815,0.5058823529411764,0.3541016290883749,0.504313725490196
Ssa_SK36,S. sanguinis,SSA_RS01820,0.48346055979643765,0.3963230427826854,0.4715860899067006
Ssa_SK36,S. sanguinis,SSA_RS01825,0.5961538461538461,0.32055586828745836,0.47863247863247865
Ssa_SK36,S. sanguinis,SSA_RS01830,0.5444015444015444,0.36492317677264174,0.4723294723294723
Ssa_SK36,S. sanguinis,SSA_RS01835,0.42875647668393785,0.7381550796131984,0.4438687392055268
Ssa_SK36,S. sanguinis,SSA_RS01840,0.49859154929577465,0.3278106119718732,0.460093896713615
Ssa_SK36,S. sanguinis,SSA_RS01845,0.48623853211009177,0.303843137580601,0.4709480122324159
Ssa_SK36,S. sanguinis,SSA_RS01850,0.6113207547169811,0.3021619587910254,0.5182389937106918
Ssa_SK36,S. sanguinis,SSA_RS01855,0.5622489959839357,0.2919364491317618,0.4979919678714859
Ssa_SK36,S. sanguinis,SSA_RS01860,0.6150234741784038,0.28327876349975906,0.49139280125195617
Ssa_SK36,S. sanguinis,SSA_RS01865,0.523447401774398,0.3675670701808168,0.4761301225179552
Ssa_SK36,S. sanguinis,SSA_RS01870,0.5142857142857142,0.4361327530168551,0.45555555555555555
Ssa_SK36,S. sanguinis,SSA_RS01875,0.46464646464646464,0.37223437968208833,0.45791245791245794
Ssa_SK36,S. sanguinis,SSA_RS01885,0.5271739130434783,0.32672303797592506,0.44021739130434784
Ssa_SK36,S. sanguinis,SSA_RS01890,0.5719794344473008,0.319572829788215,0.4940017137960583
Ssa_SK36,S. sanguinis,SSA_RS01895,0.507399577167019,0.3528755078793666,0.4799154334038055
Ssa_SK36,S. sanguinis,SSA_RS01900,0.44761904761904764,0.4999718677526991,0.45714285714285713
Ssa_SK36,S. sanguinis,SSA_RS01905,0.2647058823529412,0.46976443319916256,0.3058823529411765
Ssa_SK36,S. sanguinis,SSA_RS01915,0.3161764705882353,0.47165196392782316,0.3480392156862745
Ssa_SK36,S. sanguinis,SSA_RS01925,0.5134529147982063,0.3307706935649056,0.4970104633781764
Ssa_SK36,S. sanguinis,SSA_RS01935,0.5243055555555556,0.361279082771609,0.46064814814814814
Ssa_SK36,S. sanguinis,SSA_RS01940,0.47368421052631576,0.37448898532574365,0.430622009569378
Ssa_SK36,S. sanguinis,SSA_RS01945,0.3953488372093023,0.3801992162989889,0.43078626799557035
Ssa_SK36,S. sanguinis,SSA_RS01950,0.3983739837398374,0.3954826657777658,0.36585365853658536
Ssa_SK36,S. sanguinis,SSA_RS01960,0.4012345679012346,0.35867689748233167,0.4567901234567901
Ssa_SK36,S. sanguinis,SSA_RS01965,0.3897550111358575,0.6252213144045571,0.45879732739420936
Ssa_SK36,S. sanguinis,SSA_RS01975,0.48881789137380194,0.39043020137211054,0.4685835995740149
Ssa_SK36,S. sanguinis,SSA_RS01980,0.5,0.3422116535209631,0.48717948717948717
Ssa_SK36,S. sanguinis,SSA_RS01985,0.38144329896907214,0.565903550125053,0.41924398625429554
Ssa_SK36,S. sanguinis,SSA_RS01990,0.46629213483146065,0.3778729426995009,0.43913857677902624
Ssa_SK36,S. sanguinis,SSA_RS01995,0.4675324675324675,0.3493373888396985,0.4733044733044733
Ssa_SK36,S. sanguinis,SSA_RS02000,0.49764150943396224,0.3603101072582852,0.49292452830188677
Ssa_SK36,S. sanguinis,SSA_RS02005,0.38509316770186336,0.4868142943419928,0.4497929606625259
Ssa_SK36,S. sanguinis,SSA_RS02010,0.47288503253796094,0.35655756224274804,0.4671005061460593
Ssa_SK36,S. sanguinis,SSA_RS02015,0.3080357142857143,0.3803858535579866,0.3288690476190476
Ssa_SK36,S. sanguinis,SSA_RS02020,0.5670103092783505,0.4169193290926434,0.4513172966781214
Ssa_SK36,S. sanguinis,SSA_RS02025,0.495850622406639,0.3976511764621667,0.47994467496542187
Ssa_SK36,S. sanguinis,SSA_RS02030,0.4169014084507042,0.3973893039086944,0.43145539906103286
Ssa_SK36,S. sanguinis,SSA_RS02035,0.577391304347826,0.3633423523092923,0.49217391304347824
Ssa_SK36,S. sanguinis,SSA_RS02040,0.5163727959697733,0.35991366241414724,0.48530646515533166
Ssa_SK36,S. sanguinis,SSA_RS02045,0.5747663551401869,0.3394397767537565,0.48286604361370716
Ssa_SK36,S. sanguinis,SSA_RS02050,0.48672566371681414,0.33327282176506107,0.45368731563421827
Ssa_SK36,S. sanguinis,SSA_RS02055,0.5018050541516246,0.32567886753697683,0.46690734055354993
Ssa_SK36,S. sanguinis,SSA_RS02060,0.5687203791469194,0.34460707109958905,0.47709320695102686
Ssa_SK36,S. sanguinis,SSA_RS02065,0.36824324324324326,0.7379280894690743,0.4329954954954955
Ssa_SK36,S. sanguinis,SSA_RS02070,0.3793103448275862,0.45180136654598574,0.3994252873563218
Ssa_SK36,S. sanguinis,SSA_RS02075,0.31238095238095237,0.4090525228332825,0.3612698412698413
Ssa_SK36,S. sanguinis,SSA_RS02085,0.5604166666666667,0.38757914877322824,0.49375
Ssa_SK36,S. sanguinis,SSA_RS02090,0.4810126582278481,0.36945697650651343,0.45147679324894513
Ssa_SK36,S. sanguinis,SSA_RS02095,0.3783783783783784,0.36727694185854987,0.3813813813813814
Ssa_SK36,S. sanguinis,SSA_RS02100,0.4924114671163575,0.35999776120692945,0.4530635188308038
Ssa_SK36,S. sanguinis,SSA_RS02105,0.5370370370370371,0.38027545662749906,0.48092031425364756
Ssa_SK36,S. sanguinis,SSA_RS02110,0.5859030837004405,0.34082162299060653,0.48751835535976507
Ssa_SK36,S. sanguinis,SSA_RS02115,0.5513698630136986,0.28316163211929335,0.4840182648401826
Ssa_SK36,S. sanguinis,SSA_RS02120,0.4748201438848921,0.3752233543286508,0.43884892086330934
Ssa_SK36,S. sanguinis,SSA_RS02125,0.5485436893203883,0.2753300642903805,0.470873786407767
Ssa_SK36,S. sanguinis,SSA_RS02130,0.5518672199170125,0.37050421400151995,0.43983402489626555
Ssa_SK36,S. sanguinis,SSA_RS02135,0.5241157556270096,0.3774928743215147,0.45444801714898175
Ssa_SK36,S. sanguinis,SSA_RS02140,0.4870689655172414,0.36459614594871326,0.4166666666666667
Ssa_SK36,S. sanguinis,SSA_RS02145,0.5511551155115512,0.33030274763670114,0.45874587458745875
Ssa_SK36,S. sanguinis,SSA_RS02150,0.4805194805194805,0.36656174641505646,0.42712842712842713
Ssa_SK36,S. sanguinis,SSA_RS02155,0.48221343873517786,0.3641879305892283,0.42555994729907776
Ssa_SK36,S. sanguinis,SSA_RS02160,0.6072607260726073,0.33106928315618717,0.48734873487348734
Ssa_SK36,S. sanguinis,SSA_RS02165,0.5452961672473867,0.3294574771492947,0.4930313588850174
Ssa_SK36,S. sanguinis,SSA_RS02170,0.4435483870967742,0.35799514725470216,0.41397849462365593
Ssa_SK36,S. sanguinis,SSA_RS02175,0.5817174515235457,0.32446415409172835,0.4801477377654663
Ssa_SK36,S. sanguinis,SSA_RS02180,0.4434087882822903,0.5698874169216979,0.46116289391921883
Ssa_SK36,S. sanguinis,SSA_RS02185,0.4709897610921502,0.364007231904006,0.4539249146757679
Ssa_SK36,S. sanguinis,SSA_RS02190,0.5301587301587302,0.29572861562740627,0.4835978835978836
Ssa_SK36,S. sanguinis,SSA_RS02195,0.48257372654155495,0.3146749937534227,0.49463806970509383
Ssa_SK36,S. sanguinis,SSA_RS02200,0.5195729537366548,0.34386478399127723,0.501779359430605
Ssa_SK36,S. sanguinis,SSA_RS02205,0.5175879396984925,0.3617399539754963,0.4807370184254606
Ssa_SK36,S. sanguinis,SSA_RS02210,0.48258706467661694,0.3485276004200486,0.5074626865671642
Ssa_SK36,S. sanguinis,SSA_RS02215,0.5253164556962026,0.32084894776716266,0.4704641350210971
Ssa_SK36,S. sanguinis,SSA_RS02220,0.5953947368421053,0.35929588089578657,0.48793859649122806
Ssa_SK36,S. sanguinis,SSA_RS02225,0.56,0.31757644806965346,0.46476190476190476
Ssa_SK36,S. sanguinis,SSA_RS02230,0.5547445255474452,0.3835065813041413,0.48905109489051096
Ssa_SK36,S. sanguinis,SSA_RS02235,0.5863770977295163,0.3137492837936709,0.4784468575189207
Ssa_SK36,S. sanguinis,SSA_RS02240,0.5303030303030303,0.36700255226515605,0.48787878787878786
Ssa_SK36,S. sanguinis,SSA_RS02245,0.3508771929824561,0.425745154449762,0.3469785575048733
Ssa_SK36,S. sanguinis,SSA_RS02250,0.4708171206225681,0.468078717895908,0.48249027237354086
Ssa_SK36,S. sanguinis,SSA_RS02255,0.38802660753880264,0.4358400511059435,0.42719881744271987
Ssa_SK36,S. sanguinis,SSA_RS02260,0.5,0.3020064074483362,0.47
Ssa_SK36,S. sanguinis,SSA_RS02265,0.45698924731182794,0.48686492511325535,0.482078853046595
Ssa_SK36,S. sanguinis,SSA_RS02270,0.4688995215311005,0.4268180285947258,0.49122807017543857
Ssa_SK36,S. sanguinis,SSA_RS02275,0.48,0.5233036120463195,0.4711111111111111
Ssa_SK36,S. sanguinis,SSA_RS02280,0.4771048744460857,0.5339430194937113,0.4707040866568193
Ssa_SK36,S. sanguinis,SSA_RS02285,0.495260663507109,0.3970429980055691,0.4913112164296998
Ssa_SK36,S. sanguinis,SSA_RS02295,0.43636363636363634,0.4896896645567639,0.47474747474747475
Ssa_SK36,S. sanguinis,SSA_RS02305,0.4520547945205479,0.3542418225290863,0.4048706240487062
Ssa_SK36,S. sanguinis,SSA_RS02310,0.40336134453781514,0.3448892521751563,0.4061624649859944
Ssa_SK36,S. sanguinis,SSA_RS02315,0.44320297951582865,0.3024661174727264,0.4127870887647424
Ssa_SK36,S. sanguinis,SSA_RS02325,0.5511111111111111,0.38366535550474457,0.48148148148148145
Ssa_SK36,S. sanguinis,SSA_RS02330,0.6190476190476191,0.34157221140083016,0.455026455026455
Ssa_SK36,S. sanguinis,SSA_RS02335,0.5370762711864406,0.36185974709510493,0.5028248587570622
Ssa_SK36,S. sanguinis,SSA_RS02340,0.4915254237288136,0.3883942973084283,0.467984934086629
Ssa_SK36,S. sanguinis,SSA_RS02345,0.3315508021390374,0.637947702926831,0.40641711229946526
Ssa_SK36,S. sanguinis,SSA_RS02350,0.3923076923076923,0.4963594713075572,0.44871794871794873
Ssa_SK36,S. sanguinis,SSA_RS02355,0.5069444444444444,0.3510739256684064,0.46296296296296297
Ssa_SK36,S. sanguinis,SSA_RS02360,0.43354943273906,0.41389070425195934,0.45191788222582385
Ssa_SK36,S. sanguinis,SSA_RS02365,0.5186335403726708,0.3670196121563726,0.46790890269151136
Ssa_SK36,S. sanguinis,SSA_RS02370,0.4865979381443299,0.465986662377288,0.4618556701030928
Ssa_SK36,S. sanguinis,SSA_RS02375,0.29984301412872844,0.5466778885099948,0.42124542124542125
Ssa_SK36,S. sanguinis,SSA_RS02380,0.4166666666666667,0.4247734394282802,0.4777777777777778
Ssa_SK36,S. sanguinis,SSA_RS02385,0.49635036496350365,0.3420393956461268,0.45985401459854014
Ssa_SK36,S. sanguinis,SSA_RS02390,0.41964285714285715,0.37516521217552,0.44642857142857145
Ssa_SK36,S. sanguinis,SSA_RS02395,0.5098039215686274,0.32872485791303946,0.42483660130718953
Ssa_SK36,S. sanguinis,SSA_RS02400,0.5110356536502547,0.3521877650564148,0.4742501414827391
Ssa_SK36,S. sanguinis,SSA_RS02405,0.5477815699658704,0.36960075664121617,0.4732650739476678
Ssa_SK36,S. sanguinis,SSA_RS02410,0.4922737306843267,0.3444460425204197,0.4915378955114054
Ssa_SK36,S. sanguinis,SSA_RS02415,0.5520504731861199,0.30821251246088743,0.4942166140904311
Ssa_SK36,S. sanguinis,SSA_RS02420,0.47639484978540775,0.3567961642365869,0.4563662374821173
Ssa_SK36,S. sanguinis,SSA_RS02425,0.4723404255319149,0.3799416891081283,0.46382978723404256
Ssa_SK36,S. sanguinis,SSA_RS02430,0.5079787234042553,0.3330754132779713,0.49113475177304966
Ssa_SK36,S. sanguinis,SSA_RS02435,0.5118483412322274,0.36008826659218374,0.4755134281200632
Ssa_SK36,S. sanguinis,SSA_RS02440,0.5684210526315789,0.30080163199605925,0.512280701754386
Ssa_SK36,S. sanguinis,SSA_RS02445,0.5581395348837209,0.36185793836086116,0.49612403100775193
Ssa_SK36,S. sanguinis,SSA_RS02450,0.5169491525423728,0.3381645411850803,0.507532956685499
Ssa_SK36,S. sanguinis,SSA_RS02455,0.43388429752066116,0.4424852986490713,0.4490358126721763
Ssa_SK36,S. sanguinis,SSA_RS02460,0.58,0.34194399031100997,0.516
Ssa_SK36,S. sanguinis,SSA_RS02465,0.5,0.3651577736693475,0.5006944444444444
Ssa_SK36,S. sanguinis,SSA_RS02470,0.50390625,0.33430276417196086,0.484375
Ssa_SK36,S. sanguinis,SSA_RS02475,0.5811965811965812,0.33165027260440744,0.4928774928774929
Ssa_SK36,S. sanguinis,SSA_RS02480,0.47346938775510206,0.4784040366959036,0.4435374149659864
Ssa_SK36,S. sanguinis,SSA_RS02485,0.4215686274509804,0.497469347588157,0.42483660130718953
Ssa_SK36,S. sanguinis,SSA_RS02490,0.5244444444444445,0.31137735699276115,0.43407407407407406
Ssa_SK36,S. sanguinis,SSA_RS02495,0.5698529411764706,0.32263809370217517,0.48161764705882354
Ssa_SK36,S. sanguinis,SSA_RS02500,0.564,0.318077160681011,0.5086666666666667
Ssa_SK36,S. sanguinis,SSA_RS02505,0.5885416666666666,0.3035459485036084,0.5086805555555556
Ssa_SK36,S. sanguinis,SSA_RS02510,0.5833333333333334,0.271363576724272,0.5046296296296297
Ssa_SK36,S. sanguinis,SSA_RS02515,0.5550239234449761,0.3204185039034373,0.48086124401913877
Ssa_SK36,S. sanguinis,SSA_RS02520,0.5667752442996743,0.3275125345387895,0.5352877307274702
Ssa_SK36,S. sanguinis,SSA_RS02525,0.5165289256198347,0.2831011887666451,0.4972451790633609
Ssa_SK36,S. sanguinis,SSA_RS02530,0.5339506172839507,0.3181140973946734,0.5082304526748971
Ssa_SK36,S. sanguinis,SSA_RS02535,0.5334872979214781,0.33756142609400747,0.5127020785219399
Ssa_SK36,S. sanguinis,SSA_RS02540,0.5487179487179488,0.2970173333566158,0.535042735042735
Ssa_SK36,S. sanguinis,SSA_RS02545,0.551440329218107,0.28268107270611004,0.49794238683127573
Ssa_SK36,S. sanguinis,SSA_RS02550,0.5392670157068062,0.3292485485160635,0.5130890052356021
Ssa_SK36,S. sanguinis,SSA_RS02555,0.5434782608695652,0.3277692326835244,0.5163043478260869
Ssa_SK36,S. sanguinis,SSA_RS02560,0.4774436090225564,0.42513918865273154,0.4605263157894737
Ssa_SK36,S. sanguinis,SSA_RS02565,0.5593869731800766,0.2762525294740113,0.508301404853129
Ssa_SK36,S. sanguinis,SSA_RS02570,0.6108949416342413,0.27882952116700416,0.5201037613488976
Ssa_SK36,S. sanguinis,SSA_RS02575,0.5853658536585366,0.2905791752747286,0.5142276422764228
Ssa_SK36,S. sanguinis,SSA_RS02580,0.5512048192771084,0.2887963944153897,0.4939759036144578
Ssa_SK36,S. sanguinis,SSA_RS02585,0.6333333333333333,0.30684081896281107,0.5
Ssa_SK36,S. sanguinis,SSA_RS02590,0.48872180451127817,0.45798008404273544,0.44548872180451127
Ssa_SK36,S. sanguinis,SSA_RS02595,0.5318471337579618,0.27216128836133063,0.4575371549893843
Ssa_SK36,S. sanguinis,SSA_RS02600,0.516728624535316,0.2936370805975227,0.4510532837670384
Ssa_SK36,S. sanguinis,SSA_RS02605,0.5833333333333334,0.2974593658639594,0.4936868686868687
Ssa_SK36,S. sanguinis,SSA_RS02610,0.5443037974683544,0.31980985552399327,0.47960618846694797
Ssa_SK36,S. sanguinis,SSA_RS02615,0.5677083333333334,0.4182766525068137,0.4722222222222222
Ssa_SK36,S. sanguinis,SSA_RS02620,0.5721784776902887,0.3740490963139593,0.4864391951006124
Ssa_SK36,S. sanguinis,SSA_RS02625,0.4611872146118721,0.4162096452991962,0.3622526636225266
Ssa_SK36,S. sanguinis,SSA_RS02630,0.47380410022779046,0.4396209522125285,0.43887623386484437
Ssa_SK36,S. sanguinis,SSA_RS02635,0.4689655172413793,0.36599714923201243,0.4528735632183908
Ssa_SK36,S. sanguinis,SSA_RS02640,0.4821917808219178,0.33498881448861795,0.4858447488584475
Ssa_SK36,S. sanguinis,SSA_RS02645,0.5294117647058824,0.2862532868150672,0.5017301038062284
Ssa_SK36,S. sanguinis,SSA_RS02650,0.49157303370786515,0.36452164443511137,0.48782771535580527
Ssa_SK36,S. sanguinis,SSA_RS02655,0.455,0.36991978853904384,0.45166666666666666
Ssa_SK36,S. sanguinis,SSA_RS02660,0.4120734908136483,0.4125446395495904,0.45231846019247596
Ssa_SK36,S. sanguinis,SSA_RS02665,0.4260869565217391,0.4245728811705417,0.45507246376811594
Ssa_SK36,S. sanguinis,SSA_RS02670,0.4583333333333333,0.342660330592169,0.4270833333333333
Ssa_SK36,S. sanguinis,SSA_RS02675,0.46764091858037576,0.35768088268714343,0.4405010438413361
Ssa_SK36,S. sanguinis,SSA_RS02680,0.46234309623430964,0.3712909905903379,0.45397489539748953
Ssa_SK36,S. sanguinis,SSA_RS02685,0.4201312910284464,0.5249472219568709,0.437636761487965
Ssa_SK36,S. sanguinis,SSA_RS02690,0.39087947882736157,0.5166955406027277,0.44516829533116176
Ssa_SK36,S. sanguinis,SSA_RS02695,0.3348623853211009,0.48601013516690594,0.47706422018348627
Ssa_SK36,S. sanguinis,SSA_RS02700,0.35638297872340424,0.4055181403227547,0.4237588652482269
Ssa_SK36,S. sanguinis,SSA_RS02705,0.3813387423935091,0.4849793698202364,0.4489519945909398
Ssa_SK36,S. sanguinis,SSA_RS02720,0.38317757009345793,0.37097227104252395,0.4143302180685358
Ssa_SK36,S. sanguinis,SSA_RS02725,0.35406698564593303,0.4347160466659846,0.4370015948963317
Ssa_SK36,S. sanguinis,SSA_RS02730,0.4074074074074074,0.3735298373659021,0.4228395061728395
Ssa_SK36,S. sanguinis,SSA_RS02740,0.43561643835616437,0.4591502690712789,0.4557077625570776
Ssa_SK36,S. sanguinis,SSA_RS02745,0.42,0.46380421759088103,0.4622222222222222
Ssa_SK36,S. sanguinis,SSA_RS02750,0.3360655737704918,0.4625352627305692,0.4644808743169399
Ssa_SK36,S. sanguinis,SSA_RS02755,0.4296028880866426,0.43166656157179883,0.4741275571600481
Ssa_SK36,S. sanguinis,SSA_RS02760,0.3901345291479821,0.42344486844209944,0.45739910313901344
Ssa_SK36,S. sanguinis,SSA_RS02765,0.4127906976744186,0.427090544167777,0.4418604651162791
Ssa_SK36,S. sanguinis,SSA_RS02770,0.4620355411954766,0.34006916104736695,0.4781906300484653
Ssa_SK36,S. sanguinis,SSA_RS02775,0.4251968503937008,0.4010390418138437,0.47244094488188976
Ssa_SK36,S. sanguinis,SSA_RS02780,0.4594594594594595,0.33210384066073806,0.4666666666666667
Ssa_SK36,S. sanguinis,SSA_RS02785,0.4831932773109244,0.39947041460512067,0.4887955182072829
Ssa_SK36,S. sanguinis,SSA_RS02790,0.45,0.38423617046902997,0.43916666666666665
Ssa_SK36,S. sanguinis,SSA_RS02795,0.4607142857142857,0.4738774161435783,0.4630952380952381
Ssa_SK36,S. sanguinis,SSA_RS02800,0.4622093023255814,0.39511672576238377,0.46705426356589147
Ssa_SK36,S. sanguinis,SSA_RS02805,0.47093023255813954,0.3934177887633891,0.45348837209302323
Ssa_SK36,S. sanguinis,SSA_RS02810,0.47107438016528924,0.3112535351768009,0.4793388429752066
Ssa_SK36,S. sanguinis,SSA_RS02815,0.45799457994579945,0.36556505408052425,0.48870822041553746
Ssa_SK36,S. sanguinis,SSA_RS02820,0.5282738095238095,0.327035911865733,0.4935515873015873
Ssa_SK36,S. sanguinis,SSA_RS02830,0.5420560747663551,0.34082070142438564,0.4953271028037383
Ssa_SK36,S. sanguinis,SSA_RS02835,0.5021459227467812,0.3332380798833614,0.46494992846924177
Ssa_SK36,S. sanguinis,SSA_RS02840,0.3418803418803419,0.3944192025274207,0.42165242165242167
Ssa_SK36,S. sanguinis,SSA_RS02845,0.39655172413793105,0.3233471873877381,0.4109195402298851
Ssa_SK36,S. sanguinis,SSA_RS02850,0.3493150684931507,0.3640218030225965,0.4041095890410959
Ssa_SK36,S. sanguinis,SSA_RS02855,0.25396825396825395,0.47136171614031236,0.3148148148148148
Ssa_SK36,S. sanguinis,SSA_RS11760,0.37681159420289856,0.3612519283256621,0.3888888888888889
Ssa_SK36,S. sanguinis,SSA_RS11765,0.2857142857142857,0.4058367070227786,0.3873015873015873
Ssa_SK36,S. sanguinis,SSA_RS02865,0.24603174603174602,0.36569019854615176,0.3148148148148148
Ssa_SK36,S. sanguinis,SSA_RS02870,0.25,0.4999829019314133,0.30376344086021506
Ssa_SK36,S. sanguinis,SSA_RS02875,0.1978021978021978,0.3841853793961682,0.3131868131868132
Ssa_SK36,S. sanguinis,SSA_RS02880,0.23076923076923078,0.5074952258879046,0.32371794871794873
Ssa_SK36,S. sanguinis,SSA_RS02885,0.46357615894039733,0.395681533744165,0.45695364238410596
Ssa_SK36,S. sanguinis,SSA_RS02890,0.4666666666666667,0.42389496535445836,0.4576131687242798
Ssa_SK36,S. sanguinis,SSA_RS02895,0.32830626450116007,0.5176322910296709,0.45359628770301624
Ssa_SK36,S. sanguinis,SSA_RS02900,0.46387832699619774,0.39875936371363907,0.4461343472750317
Ssa_SK36,S. sanguinis,SSA_RS02905,0.3548387096774194,0.42585968108742356,0.4229390681003584
Ssa_SK36,S. sanguinis,SSA_RS02910,0.5008635578583766,0.3812711494750492,0.47725964306275187
Ssa_SK36,S. sanguinis,SSA_RS02915,0.46534653465346537,0.3886739847963096,0.46534653465346537
Ssa_SK36,S. sanguinis,SSA_RS02920,0.4703476482617587,0.4463557851500299,0.4723926380368098
Ssa_SK36,S. sanguinis,SSA_RS02925,0.5125523012552301,0.43017784640543105,0.4776847977684798
Ssa_SK36,S. sanguinis,SSA_RS02935,0.4269340974212034,0.4074342672117477,0.4775549188156638
Ssa_SK36,S. sanguinis,SSA_RS02940,0.569377990430622,0.37616689142019305,0.46411483253588515
Ssa_SK36,S. sanguinis,SSA_RS02945,0.5227272727272727,0.3608034855887411,0.45454545454545453
Ssa_SK36,S. sanguinis,SSA_RS02950,0.5121951219512195,0.38841007086014007,0.48148148148148145
Ssa_SK36,S. sanguinis,SSA_RS02955,0.5384615384615384,0.33623380820689225,0.4423076923076923
Ssa_SK36,S. sanguinis,SSA_RS02960,0.5687203791469194,0.3346809731959828,0.48657187993680884
Ssa_SK36,S. sanguinis,SSA_RS02965,0.56,0.30220415282609514,0.495
Ssa_SK36,S. sanguinis,SSA_RS02970,0.27976190476190477,0.47326669938745064,0.3373015873015873
Ssa_SK36,S. sanguinis,SSA_RS02975,0.4344262295081967,0.4580873883532729,0.4781420765027322
Ssa_SK36,S. sanguinis,SSA_RS02980,0.5673469387755102,0.3739127252693215,0.47619047619047616
Ssa_SK36,S. sanguinis,SSA_RS02985,0.5095890410958904,0.3044580250214885,0.4876712328767123
Ssa_SK36,S. sanguinis,SSA_RS02990,0.3582089552238806,0.41476256849011506,0.3880597014925373
Ssa_SK36,S. sanguinis,SSA_RS03000,0.3723849372384937,0.5014671561505407,0.4393305439330544
Ssa_SK36,S. sanguinis,SSA_RS03005,0.5039370078740157,0.34085184317174205,0.4978127734033246
Ssa_SK36,S. sanguinis,SSA_RS03010,0.45652173913043476,0.4446491240621806,0.42995169082125606
Ssa_SK36,S. sanguinis,SSA_RS03015,0.4772234273318872,0.40779324161881925,0.47071583514099785
Ssa_SK36,S. sanguinis,SSA_RS03020,0.46464646464646464,0.35215672021022465,0.4444444444444444
Ssa_SK36,S. sanguinis,SSA_RS03025,0.5177304964539007,0.3603571434372327,0.4716312056737589
Ssa_SK36,S. sanguinis,SSA_RS03030,0.46408839779005523,0.4200767634040476,0.4677716390423573
Ssa_SK36,S. sanguinis,SSA_RS03035,0.47112462006079026,0.5410383721967329,0.46099290780141844
Ssa_SK36,S. sanguinis,SSA_RS03040,0.44402985074626866,0.3440341175452732,0.43656716417910446
Ssa_SK36,S. sanguinis,SSA_RS03045,0.34782608695652173,0.3988519355372875,0.42995169082125606
Ssa_SK36,S. sanguinis,SSA_RS03050,0.43333333333333335,0.3499895172716023,0.42777777777777776
Ssa_SK36,S. sanguinis,SSA_RS03060,0.4803921568627451,0.3552216905772483,0.46405228758169936
Ssa_SK36,S. sanguinis,SSA_RS03070,0.5118110236220472,0.36230093475892594,0.4881889763779528
Ssa_SK36,S. sanguinis,SSA_RS03075,0.5604982206405694,0.3190411937319786,0.5
Ssa_SK36,S. sanguinis,SSA_RS03080,0.5376344086021505,0.2975868359737093,0.4755077658303465
Ssa_SK36,S. sanguinis,SSA_RS03085,0.2987012987012987,0.41558080268905045,0.37445887445887444
Ssa_SK36,S. sanguinis,SSA_RS03090,0.5252100840336135,0.3639328094827721,0.47058823529411764
Ssa_SK36,S. sanguinis,SSA_RS03095,0.5403225806451613,0.31475103972842655,0.4932795698924731
Ssa_SK36,S. sanguinis,SSA_RS03100,0.55198973042362,0.3324031931116554,0.46940522036799315
Ssa_SK36,S. sanguinis,SSA_RS03105,0.46261682242990654,0.3721700951421615,0.45794392523364486
Ssa_SK36,S. sanguinis,SSA_RS03110,0.42718446601941745,0.3815673921793226,0.4320388349514563
Ssa_SK36,S. sanguinis,SSA_RS03115,0.4263157894736842,0.5076078496361082,0.43333333333333335
Ssa_SK36,S. sanguinis,SSA_RS03120,0.44816053511705684,0.35730919483449586,0.48049052396878483
Ssa_SK36,S. sanguinis,SSA_RS03125,0.42517006802721086,0.3935589120806671,0.3979591836734694
Ssa_SK36,S. sanguinis,SSA_RS03130,0.41363926067558954,0.49909643643708723,0.4412577012959422
Ssa_SK36,S. sanguinis,SSA_RS03135,0.5120772946859904,0.3625711915067341,0.43800322061191627
Ssa_SK36,S. sanguinis,SSA_RS03140,0.46551724137931033,0.3830235577377763,0.435632183908046
Ssa_SK36,S. sanguinis,SSA_RS03145,0.4406779661016949,0.4018007097425252,0.4331450094161959
Ssa_SK36,S. sanguinis,SSA_RS03150,0.3671399594320487,0.5219638070504076,0.4482758620689655
Ssa_SK36,S. sanguinis,SSA_RS03160,0.52,0.3736720368600682,0.4826666666666667
Ssa_SK36,S. sanguinis,SSA_RS03165,0.5317796610169492,0.32344497198795785,0.4830508474576271
Ssa_SK36,S. sanguinis,SSA_RS03170,0.4823008849557522,0.3471733903536533,0.46017699115044247
Ssa_SK36,S. sanguinis,SSA_RS03175,0.4110429447852761,0.3795880221702966,0.39059304703476483
Ssa_SK36,S. sanguinis,SSA_RS03180,0.5409836065573771,0.2840515826800167,0.4808743169398907
Ssa_SK36,S. sanguinis,SSA_RS03185,0.4666666666666667,0.30083183114787243,0.43636363636363634
Ssa_SK36,S. sanguinis,SSA_RS03190,0.5028735632183908,0.3675753077164412,0.460727969348659
Ssa_SK36,S. sanguinis,SSA_RS03195,0.4587628865979381,0.4042526387111483,0.4329896907216495
Ssa_SK36,S. sanguinis,SSA_RS03200,0.5509641873278237,0.35883140678352843,0.4793388429752066
Ssa_SK36,S. sanguinis,SSA_RS03205,0.5111111111111111,0.3591918237624237,0.4351851851851852
Ssa_SK36,S. sanguinis,SSA_RS03210,0.4467005076142132,0.40265197301976285,0.4873096446700508
Ssa_SK36,S. sanguinis,SSA_RS03215,0.4900662251655629,0.3617538232728082,0.47093451066961
Ssa_SK36,S. sanguinis,SSA_RS03220,0.44148936170212766,0.39322589377760697,0.4521276595744681
Ssa_SK36,S. sanguinis,SSA_RS03225,0.47761194029850745,0.3442742570027306,0.4835820895522388
Ssa_SK36,S. sanguinis,SSA_RS03230,0.42578125,0.34169107073586563,0.4401041666666667
Ssa_SK36,S. sanguinis,SSA_RS03235,0.4387755102040816,0.3614211567198307,0.4880952380952381
Ssa_SK36,S. sanguinis,SSA_RS03240,0.4730392156862745,0.3464276886641671,0.505718954248366
Ssa_SK36,S. sanguinis,SSA_RS03245,0.45384615384615384,0.41683531732498047,0.45256410256410257
Ssa_SK36,S. sanguinis,SSA_RS03250,0.2966666666666667,0.40535861130655915,0.3477777777777778
Ssa_SK36,S. sanguinis,SSA_RS03255,0.37333333333333335,0.39930406113720657,0.4
Ssa_SK36,S. sanguinis,SSA_RS03260,0.49321266968325794,0.33653570178099146,0.4419306184012066
Ssa_SK36,S. sanguinis,SSA_RS03265,0.36627906976744184,0.5901443681824087,0.42248062015503873
Ssa_SK36,S. sanguinis,SSA_RS03275,0.3858267716535433,0.4265828504072359,0.42782152230971127
Ssa_SK36,S. sanguinis,SSA_RS03285,0.45867768595041325,0.3823354493642716,0.44214876033057854
Ssa_SK36,S. sanguinis,SSA_RS03290,0.37987012987012986,0.5989096166628566,0.4366883116883117
Ssa_SK36,S. sanguinis,SSA_RS03300,0.42572062084257206,0.41976144240069635,0.450849963045085
Ssa_SK36,S. sanguinis,SSA_RS03305,0.49859943977591037,0.35987331023601365,0.47245564892623715
Ssa_SK36,S. sanguinis,SSA_RS03310,0.40298507462686567,0.39814566107912974,0.41708126036484244
Ssa_SK36,S. sanguinis,SSA_RS03315,0.3620309050772627,0.4597115930237963,0.445916114790287
Ssa_SK36,S. sanguinis,SSA_RS03320,0.34507042253521125,0.5316017570371063,0.4812206572769953
Ssa_SK36,S. sanguinis,SSA_RS03325,0.375,0.4256829024286409,0.38392857142857145
Ssa_SK36,S. sanguinis,SSA_RS03330,0.42,0.40336379327494426,0.45166666666666666
Ssa_SK36,S. sanguinis,SSA_RS03340,0.40076335877862596,0.32042506205487786,0.40076335877862596
Ssa_SK36,S. sanguinis,SSA_RS03345,0.36981132075471695,0.5056824415959842,0.4377358490566038
Ssa_SK36,S. sanguinis,SSA_RS03350,0.4221267454350161,0.5222681159788598,0.4514858575008951
Ssa_SK36,S. sanguinis,SSA_RS03355,0.4605263157894737,0.38090064803276963,0.40789473684210525
Ssa_SK36,S. sanguinis,SSA_RS03365,0.31683168316831684,0.4859493899498559,0.35973597359735976
Ssa_SK36,S. sanguinis,SSA_RS03370,0.4666666666666667,0.45418110809984324,0.4666666666666667
Ssa_SK36,S. sanguinis,SSA_RS03375,0.46,0.3223141092747632,0.4311111111111111
Ssa_SK36,S. sanguinis,SSA_RS03380,0.4292682926829268,0.38195573640314967,0.4211382113821138
Ssa_SK36,S. sanguinis,SSA_RS03385,0.5191545574636723,0.4235501476130121,0.4900924702774108
Ssa_SK36,S. sanguinis,SSA_RS03395,0.44912280701754387,0.3571713293130955,0.47485380116959064
Ssa_SK36,S. sanguinis,SSA_RS03400,0.4186046511627907,0.3418788420978027,0.4289405684754522
Ssa_SK36,S. sanguinis,SSA_RS03405,0.48398576512455516,0.30813764414852773,0.49347568208778175
Ssa_SK36,S. sanguinis,SSA_RS03415,0.5234899328859061,0.30258060752603366,0.4862043251304996
Ssa_SK36,S. sanguinis,SSA_RS03425,0.4794520547945205,0.36505468994859824,0.4680365296803653
Ssa_SK36,S. sanguinis,SSA_RS03430,0.4963235294117647,0.31911078393600656,0.49264705882352944
Ssa_SK36,S. sanguinis,SSA_RS03435,0.5694444444444444,0.28817390998477577,0.45601851851851855
Ssa_SK36,S. sanguinis,SSA_RS03440,0.5406871609403255,0.335030750180147,0.4804098854731766
Ssa_SK36,S. sanguinis,SSA_RS03445,0.4279835390946502,0.35730699670159904,0.46364883401920437
Ssa_SK36,S. sanguinis,SSA_RS03450,0.42805755395683454,0.3849699359559328,0.4520383693045564
Ssa_SK36,S. sanguinis,SSA_RS03460,0.4230769230769231,0.462397530747218,0.45395081109366825
Ssa_SK36,S. sanguinis,SSA_RS03465,0.35514018691588783,0.46181314102158405,0.38006230529595014
Ssa_SK36,S. sanguinis,SSA_RS03470,0.527027027027027,0.3706945796639993,0.47072072072072074
Ssa_SK36,S. sanguinis,SSA_RS03475,0.38306451612903225,0.32591465795684205,0.39381720430107525
Ssa_SK36,S. sanguinis,SSA_RS03480,0.36796536796536794,0.709048865513301,0.4314574314574315
Ssa_SK36,S. sanguinis,SSA_RS03485,0.5587808417997098,0.32695213649866506,0.48572810836961783
Ssa_SK36,S. sanguinis,SSA_RS03490,0.5326633165829145,0.3733370315240525,0.490787269681742
Ssa_SK36,S. sanguinis,SSA_RS03495,0.49570200573065903,0.3453803155475674,0.47468958930276983
Ssa_SK36,S. sanguinis,SSA_RS03500,0.5295404814004376,0.36799709968378963,0.4850474106491612
Ssa_SK36,S. sanguinis,SSA_RS03505,0.3235294117647059,0.43853717740981984,0.39869281045751637
Ssa_SK36,S. sanguinis,SSA_RS03510,0.45414847161572053,0.3400249848214458,0.4163027656477438
Ssa_SK36,S. sanguinis,SSA_RS03515,0.5021834061135371,0.32548442770115626,0.43085880640465796
Ssa_SK36,S. sanguinis,SSA_RS03520,0.5553398058252427,0.38105421780806764,0.4802588996763754
Ssa_SK36,S. sanguinis,SSA_RS03530,0.2784313725490196,0.3554077708205757,0.3241830065359477
Ssa_SK36,S. sanguinis,SSA_RS03540,0.5016501650165016,0.3371917409885054,0.4235423542354235
Ssa_SK36,S. sanguinis,SSA_RS03545,0.41103603603603606,0.36034331793258917,0.45045045045045046
Ssa_SK36,S. sanguinis,SSA_RS03550,0.4932975871313673,0.3301201614608307,0.4691689008042895
Ssa_SK36,S. sanguinis,SSA_RS03555,0.4628712871287129,0.3410904386410216,0.4777227722772277
Ssa_SK36,S. sanguinis,SSA_RS03560,0.5263157894736842,0.27081256310839996,0.45363408521303256
Ssa_SK36,S. sanguinis,SSA_RS03570,0.4675572519083969,0.46939888141590247,0.4751908396946565
Ssa_SK36,S. sanguinis,SSA_RS03575,0.46987951807228917,0.3849001821396138,0.4190093708165997
Ssa_SK36,S. sanguinis,SSA_RS03580,0.5561797752808989,0.4004870109483766,0.43258426966292135
Ssa_SK36,S. sanguinis,SSA_RS03585,0.49480968858131485,0.39882697224001007,0.43829296424452135
Ssa_SK36,S. sanguinis,SSA_RS03595,0.5261044176706827,0.3331146672633041,0.46720214190093706
Ssa_SK36,S. sanguinis,SSA_RS03600,0.5512820512820513,0.3644910726207115,0.48675213675213674
Ssa_SK36,S. sanguinis,SSA_RS03605,0.44129554655870445,0.41532554182373077,0.4291497975708502
Ssa_SK36,S. sanguinis,SSA_RS03610,0.43169398907103823,0.3335572239816187,0.4225865209471767
Ssa_SK36,S. sanguinis,SSA_RS03615,0.4008810572687225,0.39549110990135383,0.461086637298091
Ssa_SK36,S. sanguinis,SSA_RS03620,0.43775100401606426,0.3235182236677519,0.4323962516733601
Ssa_SK36,S. sanguinis,SSA_RS03625,0.25205479452054796,0.6000335247204346,0.41643835616438357
Ssa_SK36,S. sanguinis,SSA_RS03630,0.4297994269340974,0.38909819810314417,0.4192932187201528
Ssa_SK36,S. sanguinis,SSA_RS03635,0.3564356435643564,0.6539881847844102,0.42574257425742573
Ssa_SK36,S. sanguinis,SSA_RS03640,0.4638888888888889,0.36571503420676765,0.43425925925925923
Ssa_SK36,S. sanguinis,SSA_RS03645,0.5218216318785579,0.3958782521697147,0.42567994939911447
Ssa_SK36,S. sanguinis,SSA_RS03650,0.4876543209876543,0.36017109918511486,0.4279835390946502
Ssa_SK36,S. sanguinis,SSA_RS03655,0.495,0.3562984750235843,0.45166666666666666
Ssa_SK36,S. sanguinis,SSA_RS03660,0.43272727272727274,0.3532652488053109,0.4509090909090909
Ssa_SK36,S. sanguinis,SSA_RS03665,0.5634920634920635,0.32778075027377246,0.4880952380952381
Ssa_SK36,S. sanguinis,SSA_RS03675,0.47058823529411764,0.33601250932894744,0.4196078431372549
Ssa_SK36,S. sanguinis,SSA_RS03685,0.4600760456273764,0.38555379447421245,0.4524714828897338
Ssa_SK36,S. sanguinis,SSA_RS03695,0.3493975903614458,0.3490434698688208,0.3453815261044177
Ssa_SK36,S. sanguinis,SSA_RS03700,0.45414847161572053,0.3720900319063697,0.42066957787481807
Ssa_SK36,S. sanguinis,SSA_RS03705,0.4,0.5852708052248822,0.432520325203252
Ssa_SK36,S. sanguinis,SSA_RS03710,0.3805309734513274,0.6633163489229849,0.4326450344149459
Ssa_SK36,S. sanguinis,SSA_RS03715,0.4050632911392405,0.5277749029322087,0.45675105485232065
Ssa_SK36,S. sanguinis,SSA_RS03720,0.44047619047619047,0.4835429088477092,0.4470899470899471
Ssa_SK36,S. sanguinis,SSA_RS03725,0.452914798206278,0.3778553775183253,0.4880418535127055
Ssa_SK36,S. sanguinis,SSA_RS03730,0.5095541401273885,0.3909650448492131,0.4543524416135881
Ssa_SK36,S. sanguinis,SSA_RS03735,0.5072886297376094,0.3559187220730634,0.49854227405247814
Ssa_SK36,S. sanguinis,SSA_RS03745,0.4533898305084746,0.3846178378974479,0.4519774011299435
Ssa_SK36,S. sanguinis,SSA_RS03750,0.44026548672566373,0.40816589864626457,0.42920353982300885
Ssa_SK36,S. sanguinis,SSA_RS03755,0.4846153846153846,0.3352888016385986,0.43333333333333335
Ssa_SK36,S. sanguinis,SSA_RS03760,0.47634069400630913,0.34281694986924854,0.45425867507886436
Ssa_SK36,S. sanguinis,SSA_RS03765,0.31007751937984496,0.3526465883330614,0.3333333333333333
Ssa_SK36,S. sanguinis,SSA_RS03770,0.47920133111480867,0.44512098958601737,0.44481419855795895
Ssa_SK36,S. sanguinis,SSA_RS03775,0.5219298245614035,0.3261515150329215,0.47953216374269003
Ssa_SK36,S. sanguinis,SSA_RS03780,0.42857142857142855,0.5483273393908756,0.4236111111111111
Ssa_SK36,S. sanguinis,SSA_RS03785,0.44329896907216493,0.3589238129744454,0.4054982817869416
Ssa_SK36,S. sanguinis,SSA_RS03790,0.46048109965635736,0.45946450612312806,0.48148148148148145
Ssa_SK36,S. sanguinis,SSA_RS03795,0.4340175953079179,0.3544134064921242,0.45161290322580644
Ssa_SK36,S. sanguinis,SSA_RS03800,0.4623115577889447,0.348005124368333,0.4723618090452261
Ssa_SK36,S. sanguinis,SSA_RS03805,0.4959349593495935,0.3291392485354675,0.4742547425474255
Ssa_SK36,S. sanguinis,SSA_RS03810,0.4776902887139108,0.3420542732446739,0.4794400699912511
Ssa_SK36,S. sanguinis,SSA_RS03820,0.3607843137254902,0.33851667565957577,0.3633986928104575
Ssa_SK36,S. sanguinis,SSA_RS03825,0.48066298342541436,0.3721688071427343,0.425414364640884
Ssa_SK36,S. sanguinis,SSA_RS03830,0.41452991452991456,0.36636868115776916,0.39886039886039887
Ssa_SK36,S. sanguinis,SSA_RS03835,0.44036697247706424,0.3941983991054215,0.3944954128440367
Ssa_SK36,S. sanguinis,SSA_RS03840,0.4542483660130719,0.4289102375411365,0.43681917211328974
Ssa_SK36,S. sanguinis,SSA_RS03845,0.584375,0.42206290521468637,0.4635416666666667
Ssa_SK36,S. sanguinis,SSA_RS03850,0.4888888888888889,0.4988614234046185,0.44907407407407407
Ssa_SK36,S. sanguinis,SSA_RS03865,0.40484429065743943,0.5976309380925943,0.45501730103806226
Ssa_SK36,S. sanguinis,SSA_RS03870,0.40421052631578946,0.49437800428684847,0.463859649122807
Ssa_SK36,S. sanguinis,SSA_RS03875,0.47566718995290425,0.4272701519086639,0.44427001569858715
Ssa_SK36,S. sanguinis,SSA_RS03880,0.4330708661417323,0.4852066328827178,0.4444444444444444
Ssa_SK36,S. sanguinis,SSA_RS03885,0.4342105263157895,0.4373678326583761,0.42894736842105263
Ssa_SK36,S. sanguinis,SSA_RS03890,0.46331236897274636,0.42937275600985475,0.46261355695317957
Ssa_SK36,S. sanguinis,SSA_RS03895,0.5168961201501877,0.4160914107357604,0.4659991656236963
Ssa_SK36,S. sanguinis,SSA_RS03900,0.5209580838323353,0.3332545885126958,0.48303393213572854
Ssa_SK36,S. sanguinis,SSA_RS03905,0.49363057324840764,0.36995540752029893,0.48089171974522293
Ssa_SK36,S. sanguinis,SSA_RS03915,0.4100418410041841,0.36915791677138965,0.398884239888424
Ssa_SK36,S. sanguinis,SSA_RS03920,0.42424242424242425,0.43847503869193916,0.4505050505050505
Ssa_SK36,S. sanguinis,SSA_RS03925,0.5139664804469274,0.3897836937008323,0.42830540037243947
Ssa_SK36,S. sanguinis,SSA_RS03930,0.45617529880478086,0.3963437023905331,0.48406374501992033
Ssa_SK36,S. sanguinis,SSA_RS03935,0.47959183673469385,0.3696055931498495,0.4603174603174603
Ssa_SK36,S. sanguinis,SSA_RS03940,0.47547974413646055,0.4033888596560663,0.4975124378109453
Ssa_SK36,S. sanguinis,SSA_RS03945,0.44680851063829785,0.37526774645385347,0.46808510638297873
Ssa_SK36,S. sanguinis,SSA_RS03955,0.5081967213114754,0.364599778761581,0.4996096799375488
Ssa_SK36,S. sanguinis,SSA_RS03965,0.5331010452961672,0.30480720074421863,0.4994192799070848
Ssa_SK36,S. sanguinis,SSA_RS03970,0.49583333333333335,0.3508560494262438,0.4722222222222222
Ssa_SK36,S. sanguinis,SSA_RS03975,0.4344262295081967,0.36198103941992577,0.39344262295081966
Ssa_SK36,S. sanguinis,SSA_RS03980,0.6139240506329114,0.3335509253462804,0.5073839662447257
Ssa_SK36,S. sanguinis,SSA_RS03985,0.5034722222222222,0.38454701096635924,0.42592592592592593
Ssa_SK36,S. sanguinis,SSA_RS03990,0.4543147208121827,0.3600883890119427,0.42470389170896783
Ssa_SK36,S. sanguinis,SSA_RS04000,0.5076335877862596,0.4192473047636092,0.45038167938931295
Ssa_SK36,S. sanguinis,SSA_RS04005,0.5089285714285714,0.35893027677264283,0.47023809523809523
Ssa_SK36,S. sanguinis,SSA_RS04010,0.5053003533568905,0.3306503228167719,0.4499411071849234
Ssa_SK36,S. sanguinis,SSA_RS04015,0.4980392156862745,0.3546037685696944,0.45359477124183006
Ssa_SK36,S. sanguinis,SSA_RS04020,0.4434589800443459,0.42587191847860506,0.47671840354767187
Ssa_SK36,S. sanguinis,SSA_RS04025,0.3741379310344828,0.48888497029691896,0.41206896551724137
Ssa_SK36,S. sanguinis,SSA_RS04035,0.4576659038901602,0.4073225051971537,0.4935163996948894
Ssa_SK36,S. sanguinis,SSA_RS04040,0.3937007874015748,0.4198966534289173,0.4435695538057743
Ssa_SK36,S. sanguinis,SSA_RS04045,0.531986531986532,0.39381498440025164,0.4691358024691358
Ssa_SK36,S. sanguinis,SSA_RS04050,0.49079754601226994,0.3508061676659454,0.46932515337423314
Ssa_SK36,S. sanguinis,SSA_RS04055,0.5493421052631579,0.35348531489342283,0.4791666666666667
Ssa_SK36,S. sanguinis,SSA_RS04060,0.49226006191950467,0.3940435689252464,0.4757481940144479
Ssa_SK36,S. sanguinis,SSA_RS04065,0.4533029612756264,0.4561455200558266,0.4654517843583903
Ssa_SK36,S. sanguinis,SSA_RS04070,0.5294117647058824,0.35876227489673257,0.45938375350140054
Ssa_SK36,S. sanguinis,SSA_RS04075,0.47619047619047616,0.36012205615895554,0.4523809523809524
Ssa_SK36,S. sanguinis,SSA_RS04080,0.4403292181069959,0.350462317835936,0.4554183813443073
Ssa_SK36,S. sanguinis,SSA_RS04085,0.45901639344262296,0.3943509685897339,0.43306010928961747
Ssa_SK36,S. sanguinis,SSA_RS04090,0.4868421052631579,0.3624588318799107,0.43128654970760233
Ssa_SK36,S. sanguinis,SSA_RS04100,0.4765625,0.5741494803431602,0.421875
Ssa_SK36,S. sanguinis,SSA_RS04105,0.5411764705882353,0.3081652370956915,0.47507002801120446
Ssa_SK36,S. sanguinis,SSA_RS04110,0.4636118598382749,0.4326089104625951,0.4716981132075472
Ssa_SK36,S. sanguinis,SSA_RS04115,0.5221238938053098,0.4176181171048847,0.45722713864306785
Ssa_SK36,S. sanguinis,SSA_RS04125,0.4857142857142857,0.38256174397110687,0.4523809523809524
Ssa_SK36,S. sanguinis,SSA_RS04135,0.3892988929889299,0.28040279806553564,0.516810168101681
Ssa_SK36,S. sanguinis,SSA_RS04140,0.5181395348837209,0.35028571338173115,0.4675968992248062
Ssa_SK36,S. sanguinis,SSA_RS04145,0.5850746268656717,0.3283755738008005,0.49651741293532337
Ssa_SK36,S. sanguinis,SSA_RS04150,0.5661764705882353,0.32205049818836307,0.45588235294117646
Ssa_SK36,S. sanguinis,SSA_RS04155,0.5692599620493358,0.3316320278344891,0.47438330170777987
Ssa_SK36,S. sanguinis,SSA_RS04160,0.5196078431372549,0.35616657138237484,0.47320261437908495
Ssa_SK36,S. sanguinis,SSA_RS04165,0.48125,0.3094116707491022,0.43125
Ssa_SK36,S. sanguinis,SSA_RS04170,0.5717884130982368,0.32353146372954644,0.49286314021830396
Ssa_SK36,S. sanguinis,SSA_RS04175,0.5226824457593688,0.3230982752394037,0.4812623274161736
Ssa_SK36,S. sanguinis,SSA_RS04180,0.546875,0.3163987212389471,0.48735119047619047
Ssa_SK36,S. sanguinis,SSA_RS04195,0.4645669291338583,0.42819060850158935,0.4225721784776903
Ssa_SK36,S. sanguinis,SSA_RS04200,0.49137931034482757,0.35034507669919496,0.47413793103448276
Ssa_SK36,S. sanguinis,SSA_RS04205,0.41007194244604317,0.37057503422473165,0.37410071942446044
Ssa_SK36,S. sanguinis,SSA_RS04210,0.4576271186440678,0.4166881509723998,0.4307909604519774
Ssa_SK36,S. sanguinis,SSA_RS04215,0.5014464802314368,0.3396719614598227,0.4651237544198007
Ssa_SK36,S. sanguinis,SSA_RS04220,0.37091988130563797,0.5775681490811658,0.4698318496538081
Ssa_SK36,S. sanguinis,SSA_RS04225,0.3286852589641434,0.7065621348217951,0.42363877822045154
Ssa_SK36,S. sanguinis,SSA_RS04230,0.41935483870967744,0.349530665060095,0.3942652329749104
Ssa_SK36,S. sanguinis,SSA_RS04235,0.2926829268292683,0.40973229460624655,0.3319783197831978
Ssa_SK36,S. sanguinis,SSA_RS04240,0.5162907268170426,0.3841603237866938,0.45614035087719296
Ssa_SK36,S. sanguinis,SSA_RS04245,0.5150720838794234,0.3410138913276529,0.4801223241590214
Ssa_SK36,S. sanguinis,SSA_RS04250,0.48872180451127817,0.3109399370024173,0.43107769423558895
Ssa_SK36,S. sanguinis,SSA_RS04255,0.4332552693208431,0.4018804792053582,0.4707259953161593
Ssa_SK36,S. sanguinis,SSA_RS04260,0.5048543689320388,0.3751109980649425,0.4552319309600863
Ssa_SK36,S. sanguinis,SSA_RS04265,0.37745098039215685,0.37606347421632025,0.3709150326797386
Ssa_SK36,S. sanguinis,SSA_RS04270,0.47368421052631576,0.4287571831657347,0.464327485380117
Ssa_SK36,S. sanguinis,SSA_RS04275,0.2964426877470356,0.724240337627295,0.4426877470355731
Ssa_SK36,S. sanguinis,SSA_RS04280,0.41045845272206305,0.4208698770792478,0.4567812798471824
Ssa_SK36,S. sanguinis,SSA_RS04285,0.529126213592233,0.3763762249258054,0.4603559870550162
Ssa_SK36,S. sanguinis,SSA_RS04290,0.5209876543209877,0.40504662937633223,0.4617283950617284
Ssa_SK36,S. sanguinis,SSA_RS04295,0.46296296296296297,0.44499301142884,0.4419753086419753
Ssa_SK36,S. sanguinis,SSA_RS04300,0.5184331797235023,0.36750219208556106,0.4592933947772657
Ssa_SK36,S. sanguinis,SSA_RS04305,0.49612403100775193,0.3939924747744645,0.4263565891472868
Ssa_SK36,S. sanguinis,SSA_RS04310,0.41713014460511677,0.47605765800313676,0.4549499443826474
Ssa_SK36,S. sanguinis,SSA_RS04315,0.36742424242424243,0.35396405707722867,0.40025252525252525
Ssa_SK36,S. sanguinis,SSA_RS04320,0.44947735191637633,0.37942036430784265,0.43205574912891986
Ssa_SK36,S. sanguinis,SSA_RS04325,0.5013698630136987,0.3931045637397615,0.4666666666666667
Ssa_SK36,S. sanguinis,SSA_RS04330,0.4588744588744589,0.4112474739485288,0.4603174603174603
Ssa_SK36,S. sanguinis,SSA_RS04335,0.3948220064724919,0.4083702204362993,0.3948220064724919
Ssa_SK36,S. sanguinis,SSA_RS04340,0.4460093896713615,0.39344553331116616,0.458528951486698
Ssa_SK36,S. sanguinis,SSA_RS04345,0.47975460122699387,0.3657554655750929,0.45112474437627814
Ssa_SK36,S. sanguinis,SSA_RS04350,0.47706422018348627,0.39377556297906424,0.4434250764525994
Ssa_SK36,S. sanguinis,SSA_RS04355,0.5036496350364964,0.3248744779033347,0.44768856447688565
Ssa_SK36,S. sanguinis,SSA_RS04360,0.4207650273224044,0.47170687506793263,0.47176684881602915
Ssa_SK36,S. sanguinis,SSA_RS04365,0.42857142857142855,0.39331802978344366,0.43738977072310403
Ssa_SK36,S. sanguinis,SSA_RS04370,0.46153846153846156,0.41395371454026125,0.47025641025641024
Ssa_SK36,S. sanguinis,SSA_RS04375,0.39652173913043476,0.4533018791952911,0.4081159420289855
Ssa_SK36,S. sanguinis,SSA_RS04380,0.2610619469026549,0.4243537566930121,0.31563421828908556
Ssa_SK36,S. sanguinis,SSA_RS04385,0.25675675675675674,0.38730179848734375,0.3183183183183183
Ssa_SK36,S. sanguinis,SSA_RS04390,0.4583333333333333,0.35137839609822413,0.470679012345679
Ssa_SK36,S. sanguinis,SSA_RS04395,0.4316353887399464,0.35644812843162804,0.49776586237712245
Ssa_SK36,S. sanguinis,SSA_RS04400,0.336283185840708,0.46683866081699094,0.3480825958702065
Ssa_SK36,S. sanguinis,SSA_RS04405,0.4666666666666667,0.4037862221725838,0.43777777777777777
Ssa_SK36,S. sanguinis,SSA_RS04410,0.28735632183908044,0.8380956840286696,0.42758620689655175
Ssa_SK36,S. sanguinis,SSA_RS04415,0.37583892617449666,0.37803658942058815,0.39149888143176736
Ssa_SK36,S. sanguinis,SSA_RS04425,0.4362017804154303,0.44971757116725225,0.4658753709198813
Ssa_SK36,S. sanguinis,SSA_RS04440,0.45260663507109006,0.35488337751771853,0.44549763033175355
Ssa_SK36,S. sanguinis,SSA_RS04445,0.5377777777777778,0.2959657316549096,0.4711111111111111
Ssa_SK36,S. sanguinis,SSA_RS04450,0.509090909090909,0.32641723150151974,0.45714285714285713
Ssa_SK36,S. sanguinis,SSA_RS04455,0.5296803652968036,0.3367799068617965,0.4535768645357686
Ssa_SK36,S. sanguinis,SSA_RS04460,0.5021834061135371,0.31529801462138835,0.45269286754002913
Ssa_SK36,S. sanguinis,SSA_RS04465,0.44783715012722647,0.3952797596745317,0.41899915182357933
Ssa_SK36,S. sanguinis,SSA_RS04470,0.4219512195121951,0.39638255136237044,0.46016260162601624
Ssa_SK36,S. sanguinis,SSA_RS04475,0.4708333333333333,0.42818291076476256,0.4583333333333333
Ssa_SK36,S. sanguinis,SSA_RS04480,0.4817073170731707,0.3539440082603061,0.44308943089430897
Ssa_SK36,S. sanguinis,SSA_RS04485,0.35707121364092276,0.4561676820218527,0.46684497938259223
Ssa_SK36,S. sanguinis,SSA_RS04490,0.33835616438356164,0.4708267115257472,0.4678082191780822
Ssa_SK36,S. sanguinis,SSA_RS04495,0.36554307116104867,0.4446130995548847,0.46279650436953806
Ssa_SK36,S. sanguinis,SSA_RS04500,0.52,0.3319122689178875,0.4684848484848485
Ssa_SK36,S. sanguinis,SSA_RS04505,0.42857142857142855,0.4592340962558356,0.44246031746031744
Ssa_SK36,S. sanguinis,SSA_RS04515,0.4838709677419355,0.31414717949121673,0.4637096774193548
Ssa_SK36,S. sanguinis,SSA_RS04520,0.4,0.3518669196222089,0.4204081632653061
Ssa_SK36,S. sanguinis,SSA_RS04525,0.5028571428571429,0.39829138058241265,0.4819047619047619
Ssa_SK36,S. sanguinis,SSA_RS04530,0.43529411764705883,0.4047953277456399,0.42549019607843136
Ssa_SK36,S. sanguinis,SSA_RS04535,0.4463840399002494,0.44888499523118286,0.47547797173732337
Ssa_SK36,S. sanguinis,SSA_RS04540,0.45038167938931295,0.3542848092658984,0.44274809160305345
Ssa_SK36,S. sanguinis,SSA_RS04545,0.3695652173913043,0.3626067674481661,0.4142512077294686
Ssa_SK36,S. sanguinis,SSA_RS04550,0.5235602094240838,0.43226364577769216,0.4860383944153578
Ssa_SK36,S. sanguinis,SSA_RS04555,0.3525641025641026,0.4177624177825494,0.4444444444444444
Ssa_SK36,S. sanguinis,SSA_RS04560,0.3786127167630058,0.4465432331648135,0.48265895953757226
Ssa_SK36,S. sanguinis,SSA_RS04565,0.4297520661157025,0.3567813791506963,0.44352617079889806
Ssa_SK36,S. sanguinis,SSA_RS04570,0.5024630541871922,0.33402437071325547,0.4351395730706076
Ssa_SK36,S. sanguinis,SSA_RS04575,0.4491525423728814,0.3789811360705761,0.4406779661016949
Ssa_SK36,S. sanguinis,SSA_RS04580,0.5135135135135135,0.33938109899033286,0.4804804804804805
Ssa_SK36,S. sanguinis,SSA_RS04585,0.4748201438848921,0.33035181983394035,0.45083932853717024
Ssa_SK36,S. sanguinis,SSA_RS04590,0.5098039215686274,0.35781929229208026,0.4738562091503268
Ssa_SK36,S. sanguinis,SSA_RS04595,0.44142614601018676,0.36148661660479225,0.45161290322580644
Ssa_SK36,S. sanguinis,SSA_RS04600,0.5171821305841925,0.3442750330960487,0.4627720504009164
Ssa_SK36,S. sanguinis,SSA_RS04605,0.29846153846153844,0.39505104478261494,0.3682051282051282
Ssa_SK36,S. sanguinis,SSA_RS04610,0.5589622641509434,0.3474310676252038,0.4583333333333333
Ssa_SK36,S. sanguinis,SSA_RS04615,0.2635135135135135,0.3766672710975822,0.3963963963963964
Ssa_SK36,S. sanguinis,SSA_RS04620,0.35447761194029853,0.3807119103935999,0.39925373134328357
Ssa_SK36,S. sanguinis,SSA_RS04625,0.5119453924914675,0.3036036421248962,0.4869169510807736
Ssa_SK36,S. sanguinis,SSA_RS04630,0.4290322580645161,0.33396306993028807,0.46236559139784944
Ssa_SK36,S. sanguinis,SSA_RS04635,0.40298507462686567,0.3703367999131944,0.417910447761194
Ssa_SK36,S. sanguinis,SSA_RS04645,0.5058365758754864,0.3402877997637434,0.4721141374837873
Ssa_SK36,S. sanguinis,SSA_RS04650,0.45057471264367815,0.3728638646713678,0.46360153256704983
Ssa_SK36,S. sanguinis,SSA_RS04655,0.4387755102040816,0.4436672769107508,0.4501133786848073
Ssa_SK36,S. sanguinis,SSA_RS04660,0.4117647058823529,0.3983400298797956,0.4444444444444444
Ssa_SK36,S. sanguinis,SSA_RS04665,0.4576271186440678,0.4034185139847722,0.4632768361581921
Ssa_SK36,S. sanguinis,SSA_RS04670,0.4962686567164179,0.3885633828018772,0.44029850746268656
Ssa_SK36,S. sanguinis,SSA_RS04675,0.48221343873517786,0.4011028742561459,0.4505928853754941
Ssa_SK36,S. sanguinis,SSA_RS04680,0.4541284403669725,0.4600466422298946,0.43730886850152906
Ssa_SK36,S. sanguinis,SSA_RS04685,0.24242424242424243,0.44368713175735247,0.32996632996632996
Ssa_SK36,S. sanguinis,SSA_RS04690,0.25,0.39418967611515765,0.3333333333333333
Ssa_SK36,S. sanguinis,SSA_RS04695,0.22065727699530516,0.4299073224188441,0.3114241001564945
Ssa_SK36,S. sanguinis,SSA_RS04700,0.2857142857142857,0.4076194499135527,0.3781094527363184
Ssa_SK36,S. sanguinis,SSA_RS04710,0.26605504587155965,0.36493055351996323,0.327217125382263
Ssa_SK36,S. sanguinis,SSA_RS04715,0.4297520661157025,0.4468732087210972,0.45375836284927196
Ssa_SK36,S. sanguinis,SSA_RS04720,0.3753644314868805,0.39278160571285703,0.45019436345966957
Ssa_SK36,S. sanguinis,SSA_RS04730,0.29357798165137616,0.33758211833268253,0.3394495412844037
Ssa_SK36,S. sanguinis,SSA_RS04735,0.3235294117647059,0.3268056708988672,0.3762254901960784
Ssa_SK36,S. sanguinis,SSA_RS04740,0.43870967741935485,0.4249191355816291,0.4752688172043011
Ssa_SK36,S. sanguinis,SSA_RS04745,0.38222222222222224,0.48078172463946744,0.4059259259259259
Ssa_SK36,S. sanguinis,SSA_RS04750,0.4547413793103448,0.3865343201837261,0.41738505747126436
Ssa_SK36,S. sanguinis,SSA_RS04755,0.3706070287539936,0.38753793205132775,0.3929712460063898
Ssa_SK36,S. sanguinis,SSA_RS04760,0.3953488372093023,0.44546075423961895,0.43669250645994834
Ssa_SK36,S. sanguinis,SSA_RS04765,0.5128755364806867,0.3754343077318095,0.45350500715307585
Ssa_SK36,S. sanguinis,SSA_RS04770,0.47527472527472525,0.37624760637846427,0.4468864468864469
Ssa_SK36,S. sanguinis,SSA_RS04775,0.47181008902077154,0.39835830690194507,0.4688427299703264
Ssa_SK36,S. sanguinis,SSA_RS04780,0.5,0.34607245549122284,0.4528301886792453
Ssa_SK36,S. sanguinis,SSA_RS04785,0.484304932735426,0.34120930879993266,0.43796711509715996
Ssa_SK36,S. sanguinis,SSA_RS04790,0.3082191780821918,0.37114800302897233,0.3584474885844749
Ssa_SK36,S. sanguinis,SSA_RS04795,0.2328767123287671,0.3637710732885664,0.3515981735159817
Ssa_SK36,S. sanguinis,SSA_RS04800,0.28104575163398693,0.39504713329053776,0.35294117647058826
Ssa_SK36,S. sanguinis,SSA_RS04805,0.313893653516295,0.41126435501226283,0.389937106918239
Ssa_SK36,S. sanguinis,SSA_RS04810,0.4423076923076923,0.34241617651976214,0.4391025641025641
Ssa_SK36,S. sanguinis,SSA_RS04815,0.38461538461538464,0.3733463256814571,0.391025641025641
Ssa_SK36,S. sanguinis,SSA_RS04820,0.43021032504780116,0.4307210839704171,0.4544295729764181
Ssa_SK36,S. sanguinis,SSA_RS04825,0.4595375722543353,0.3558444588758553,0.5
Ssa_SK36,S. sanguinis,SSA_RS04835,0.5010845986984815,0.33612573997285955,0.5010845986984815
Ssa_SK36,S. sanguinis,SSA_RS04840,0.5736040609137056,0.3791782603040025,0.467005076142132
Ssa_SK36,S. sanguinis,SSA_RS04845,0.4653846153846154,0.5366617646603351,0.46923076923076923
Ssa_SK36,S. sanguinis,SSA_RS04850,0.410958904109589,0.37187907501708195,0.4132420091324201
Ssa_SK36,S. sanguinis,SSA_RS04855,0.4196078431372549,0.4073285278814072,0.43790849673202614
Ssa_SK36,S. sanguinis,SSA_RS04860,0.4773662551440329,0.34095376002207334,0.46502057613168724
Ssa_SK36,S. sanguinis,SSA_RS04865,0.4161735700197239,0.38274458921802124,0.43984220907297833
Ssa_SK36,S. sanguinis,SSA_RS04870,0.3584905660377358,0.4199644122558292,0.4025157232704403
Ssa_SK36,S. sanguinis,SSA_RS04875,0.509009009009009,0.292629340501301,0.4774774774774775
Ssa_SK36,S. sanguinis,SSA_RS04880,0.46747967479674796,0.3537408834385828,0.4132791327913279
Ssa_SK36,S. sanguinis,SSA_RS04885,0.5354330708661418,0.4073026781066396,0.468503937007874
Ssa_SK36,S. sanguinis,SSA_RS04890,0.4484536082474227,0.3418171693924221,0.43470790378006874
Ssa_SK36,S. sanguinis,SSA_RS04895,0.35609756097560974,0.4328235310212583,0.36260162601626017
Ssa_SK36,S. sanguinis,SSA_RS04900,0.40096618357487923,0.40100374757903395,0.41545893719806765
Ssa_SK36,S. sanguinis,SSA_RS04905,0.2446043165467626,0.40723737358258,0.3537170263788969
Ssa_SK36,S. sanguinis,SSA_RS04910,0.4457831325301205,0.37923439179622714,0.43373493975903615
Ssa_SK36,S. sanguinis,SSA_RS04915,0.4883303411131059,0.33641723061154516,0.47277079593058047
Ssa_SK36,S. sanguinis,SSA_RS04925,0.5480769230769231,0.35628625228845573,0.4775641025641026
Ssa_SK36,S. sanguinis,SSA_RS04930,0.5329341317365269,0.38460782443504044,0.47305389221556887
Ssa_SK36,S. sanguinis,SSA_RS04935,0.41155234657039713,0.39116046894826745,0.4139590854392298
Ssa_SK36,S. sanguinis,SSA_RS04940,0.3786407766990291,0.366669232666903,0.42394822006472493
Ssa_SK36,S. sanguinis,SSA_RS04945,0.36904761904761907,0.4334160396207679,0.4253968253968254
Ssa_SK36,S. sanguinis,SSA_RS04950,0.4602076124567474,0.38726325612194906,0.419838523644752
Ssa_SK36,S. sanguinis,SSA_RS04955,0.4028776978417266,0.41709934508287794,0.3764988009592326
Ssa_SK36,S. sanguinis,SSA_RS04960,0.4315352697095436,0.4328386615781132,0.41839557399723376
Ssa_SK36,S. sanguinis,SSA_RS04965,0.46701846965699206,0.4309295368182505,0.4599824098504837
Ssa_SK36,S. sanguinis,SSA_RS04970,0.44783715012722647,0.39039007400237263,0.46564885496183206
Ssa_SK36,S. sanguinis,SSA_RS04980,0.5263157894736842,0.3607904092185978,0.4851551956815115
Ssa_SK36,S. sanguinis,SSA_RS04985,0.46706586826347307,0.3956090820341766,0.48602794411177647
Ssa_SK36,S. sanguinis,SSA_RS04990,0.5786802030456852,0.2981213533831894,0.467005076142132
Ssa_SK36,S. sanguinis,SSA_RS04995,0.47115384615384615,0.3353656692082359,0.4719551282051282
Ssa_SK36,S. sanguinis,SSA_RS05000,0.5734597156398105,0.35131663810180314,0.4913112164296998
Ssa_SK36,S. sanguinis,SSA_RS05005,0.4742268041237113,0.326604869672597,0.46849942726231386
Ssa_SK36,S. sanguinis,SSA_RS05010,0.5633333333333334,0.33562084114920065,0.4444444444444444
Ssa_SK36,S. sanguinis,SSA_RS05015,0.5193236714975845,0.3257174927431813,0.4834943639291465
Ssa_SK36,S. sanguinis,SSA_RS05020,0.4353932584269663,0.3437698610858916,0.44288389513108617
Ssa_SK36,S. sanguinis,SSA_RS05025,0.41568241469816275,0.4271030385621304,0.4525371828521435
Ssa_SK36,S. sanguinis,SSA_RS05030,0.3333333333333333,0.5009304850195171,0.4242048740190004
Ssa_SK36,S. sanguinis,SSA_RS05035,0.38461538461538464,0.3844074127427413,0.37393162393162394
Ssa_SK36,S. sanguinis,SSA_RS05040,0.4355300859598854,0.35877027647369103,0.47182425978987586
Ssa_SK36,S. sanguinis,SSA_RS05045,0.3844086021505376,0.34265074064118,0.41935483870967744
Ssa_SK36,S. sanguinis,SSA_RS05050,0.3329596412556054,0.40629997920769334,0.4020926756352765
Ssa_SK36,S. sanguinis,SSA_RS05055,0.45194274028629855,0.435403548808268,0.4403544648943422
Ssa_SK36,S. sanguinis,SSA_RS05060,0.4153225806451613,0.3992812416502667,0.43951612903225806
Ssa_SK36,S. sanguinis,SSA_RS05065,0.5036630036630036,0.3586016785918557,0.4242979242979243
Ssa_SK36,S. sanguinis,SSA_RS05070,0.3992248062015504,0.3594414309519278,0.42118863049095606
Ssa_SK36,S. sanguinis,SSA_RS05075,0.41637010676156583,0.4474838969606014,0.43534994068801897
Ssa_SK36,S. sanguinis,SSA_RS05080,0.4479166666666667,0.3576837165237012,0.3854166666666667
Ssa_SK36,S. sanguinis,SSA_RS05085,0.47126436781609193,0.35716685104773316,0.4272030651340996
Ssa_SK36,S. sanguinis,SSA_RS05095,0.46905537459283386,0.4219957745641802,0.41042345276872966
Ssa_SK36,S. sanguinis,SSA_RS05100,0.4336734693877551,0.3720082133493115,0.43197278911564624
Ssa_SK36,S. sanguinis,SSA_RS05105,0.392018779342723,0.44054848708359895,0.44366197183098594
Ssa_SK36,S. sanguinis,SSA_RS05110,0.3936651583710407,0.44418830122092123,0.4555052790346908
Ssa_SK36,S. sanguinis,SSA_RS05115,0.38461538461538464,0.3727753570643654,0.43846153846153846
Ssa_SK36,S. sanguinis,SSA_RS05120,0.26136363636363635,0.6680105137448062,0.41382575757575757
Ssa_SK36,S. sanguinis,SSA_RS05125,0.3828125,0.47219293377673355,0.4361979166666667
Ssa_SK36,S. sanguinis,SSA_RS05130,0.3315068493150685,0.45804941895495427,0.42191780821917807
Ssa_SK36,S. sanguinis,SSA_RS05135,0.4482758620689655,0.46215708869737276,0.45245559038662486
Ssa_SK36,S. sanguinis,SSA_RS05140,0.39751552795031053,0.4065053160481065,0.422360248447205
Ssa_SK36,S. sanguinis,SSA_RS05145,0.3752913752913753,0.49249821235502317,0.4366744366744367
Ssa_SK36,S. sanguinis,SSA_RS05150,0.4463667820069204,0.3865426678804056,0.4544405997693195
Ssa_SK36,S. sanguinis,SSA_RS05155,0.3717105263157895,0.40937375601049797,0.40789473684210525
Ssa_SK36,S. sanguinis,SSA_RS05160,0.4337748344370861,0.40378793014988656,0.4624724061810154
Ssa_SK36,S. sanguinis,SSA_RS05165,0.4792746113989637,0.43054166204654115,0.4585492227979275
Ssa_SK36,S. sanguinis,SSA_RS05170,0.5613382899628253,0.33827240994541113,0.4510532837670384
Ssa_SK36,S. sanguinis,SSA_RS05175,0.49224806201550386,0.40593211484217123,0.4263565891472868
Ssa_SK36,S. sanguinis,SSA_RS05180,0.4789915966386555,0.38961304809243896,0.42857142857142855
Ssa_SK36,S. sanguinis,SSA_RS05185,0.3597122302158273,0.5456377826650564,0.42206235011990406
Ssa_SK36,S. sanguinis,SSA_RS05190,0.4794050343249428,0.40185041130227134,0.4755911517925248
Ssa_SK36,S. sanguinis,SSA_RS05195,0.43333333333333335,0.3515161367975778,0.41904761904761906
Ssa_SK36,S. sanguinis,SSA_RS05200,0.4835164835164835,0.3601854155548495,0.43101343101343104
Ssa_SK36,S. sanguinis,SSA_RS05205,0.5133437990580848,0.36042963194739264,0.4484563055991627
Ssa_SK36,S. sanguinis,SSA_RS05210,0.4409448818897638,0.3495140076757692,0.45056867891513563
Ssa_SK36,S. sanguinis,SSA_RS05215,0.4962962962962963,0.3893598244837266,0.4707818930041152
Ssa_SK36,S. sanguinis,SSA_RS05220,0.3218390804597701,0.4119135719138319,0.35823754789272033
Ssa_SK36,S. sanguinis,SSA_RS05225,0.2436548223350254,0.4077961278428972,0.33671742808798644
Ssa_SK36,S. sanguinis,SSA_RS05230,0.29523809523809524,0.7456856865644692,0.4095238095238095
Ssa_SK36,S. sanguinis,SSA_RS05235,0.41739130434782606,0.3603461605172727,0.43478260869565216
Ssa_SK36,S. sanguinis,SSA_RS05245,0.2682926829268293,0.43728288902161255,0.4138950480413895
Ssa_SK36,S. sanguinis,SSA_RS05250,0.39271255060728744,0.4319652028587804,0.4048582995951417
Ssa_SK36,S. sanguinis,SSA_RS05255,0.39764201500535906,0.39969327226625195,0.45480528760271527
Ssa_SK36,S. sanguinis,SSA_RS05260,0.4235474006116208,0.48903718470850593,0.4306829765545362
Ssa_SK36,S. sanguinis,SSA_RS05265,0.4125874125874126,0.3403740391130372,0.4324009324009324
Ssa_SK36,S. sanguinis,SSA_RS05270,0.4983388704318937,0.3647311539564264,0.44739756367663347
Ssa_SK36,S. sanguinis,SSA_RS05275,0.4551282051282051,0.3827640589493919,0.4017094017094017
Ssa_SK36,S. sanguinis,SSA_RS05280,0.45484949832775917,0.38895805606863665,0.48717948717948717
Ssa_SK36,S. sanguinis,SSA_RS05285,0.43243243243243246,0.4062062993770203,0.46306306306306305
Ssa_SK36,S. sanguinis,SSA_RS05290,0.4655581947743468,0.34697758722815936,0.47743467933491684
Ssa_SK36,S. sanguinis,SSA_RS05295,0.40298507462686567,0.3363414264901133,0.48134328358208955
Ssa_SK36,S. sanguinis,SSA_RS05300,0.5039787798408488,0.36315031887415106,0.44916003536693194
Ssa_SK36,S. sanguinis,SSA_RS05305,0.5101214574898786,0.35259918885264335,0.4493927125506073
Ssa_SK36,S. sanguinis,SSA_RS05310,0.48638132295719844,0.3485356013401242,0.47341115434500647
Ssa_SK36,S. sanguinis,SSA_RS05315,0.4,0.4036759723906701,0.373015873015873
Ssa_SK36,S. sanguinis,SSA_RS05320,0.3567073170731707,0.4361815849292909,0.37703252032520324
Ssa_SK36,S. sanguinis,SSA_RS05325,0.4032258064516129,0.3526313467572835,0.4166666666666667
Ssa_SK36,S. sanguinis,SSA_RS05330,0.40789473684210525,0.4061598530409376,0.43969298245614036
Ssa_SK36,S. sanguinis,SSA_RS05335,0.3504531722054381,0.5113097399845525,0.4395770392749245
Ssa_SK36,S. sanguinis,SSA_RS05340,0.368,0.44241368960941085,0.38666666666666666
Ssa_SK36,S. sanguinis,SSA_RS05345,0.4134275618374558,0.3691693418287766,0.4381625441696113
Ssa_SK36,S. sanguinis,SSA_RS05350,0.39453125,0.3940458275121826,0.4557291666666667
Ssa_SK36,S. sanguinis,SSA_RS05355,0.4425,0.4021119029071691,0.455
Ssa_SK36,S. sanguinis,SSA_RS05360,0.4959871589085072,0.3648665986923211,0.4537185660781166
Ssa_SK36,S. sanguinis,SSA_RS05365,0.2755102040816326,0.3120062206935082,0.32482993197278914
Ssa_SK36,S. sanguinis,SSA_RS05370,0.41605839416058393,0.3443886432603813,0.39902676399026765
Ssa_SK36,S. sanguinis,SSA_RS05375,0.41875,0.48986594094774855,0.46145833333333336
Ssa_SK36,S. sanguinis,SSA_RS05380,0.4785714285714286,0.4637649314667171,0.425
Ssa_SK36,S. sanguinis,SSA_RS05385,0.4327485380116959,0.3969945052705586,0.41325536062378165
Ssa_SK36,S. sanguinis,SSA_RS05390,0.43902439024390244,0.45243523190263113,0.45203252032520325
Ssa_SK36,S. sanguinis,SSA_RS05395,0.4030612244897959,0.4242846034938471,0.41836734693877553
Ssa_SK36,S. sanguinis,SSA_RS05400,0.3605150214592275,0.47034878371951117,0.41630901287553645
Ssa_SK36,S. sanguinis,SSA_RS05405,0.3670886075949367,0.37874851285069816,0.439873417721519
Ssa_SK36,S. sanguinis,SSA_RS05410,0.4323308270676692,0.43072738829017365,0.424812030075188
Ssa_SK36,S. sanguinis,SSA_RS05415,0.3175355450236967,0.40994636881696306,0.40780862107876326
Ssa_SK36,S. sanguinis,SSA_RS05420,0.351123595505618,0.36936887697383874,0.4101123595505618
Ssa_SK36,S. sanguinis,SSA_RS05425,0.26216216216216215,0.3677186553216819,0.36126126126126124
Ssa_SK36,S. sanguinis,SSA_RS05430,0.3157894736842105,0.4694662162487641,0.3538011695906433
Ssa_SK36,S. sanguinis,SSA_RS05435,0.291866028708134,0.4020252501732765,0.3333333333333333
Ssa_SK36,S. sanguinis,SSA_RS05440,0.2694610778443114,0.7226005094019982,0.44510978043912175
Ssa_SK36,S. sanguinis,SSA_RS05445,0.21138211382113822,0.8198602834842228,0.42005420054200543
Ssa_SK36,S. sanguinis,SSA_RS05450,0.3616,0.4056496362454265,0.4046222222222222
Ssa_SK36,S. sanguinis,SSA_RS05455,0.5094991364421416,0.3415278857393681,0.46862406447898675
Ssa_SK36,S. sanguinis,SSA_RS05460,0.4822934232715008,0.37544943452919965,0.44294547498594716
Ssa_SK36,S. sanguinis,SSA_RS05465,0.3567567567567568,0.406340559313258,0.3783783783783784
Ssa_SK36,S. sanguinis,SSA_RS05470,0.40857787810383744,0.40300627705852315,0.42814145974416856
Ssa_SK36,S. sanguinis,SSA_RS05475,0.30798479087452474,0.5180326066457531,0.41254752851711024
Ssa_SK36,S. sanguinis,SSA_RS05480,0.3948497854077253,0.37884577338408015,0.41201716738197425
Ssa_SK36,S. sanguinis,SSA_RS05485,0.4,0.3547672861106121,0.4077294685990338
Ssa_SK36,S. sanguinis,SSA_RS05490,0.4345991561181435,0.3456953919985225,0.4388185654008439
Ssa_SK36,S. sanguinis,SSA_RS05495,0.514018691588785,0.5418048194086628,0.37694704049844235
Ssa_SK36,S. sanguinis,SSA_RS05500,0.4521276595744681,0.4471209990373257,0.40602836879432624
Ssa_SK36,S. sanguinis,SSA_RS05505,0.42162162162162165,0.4508330274428218,0.43243243243243246
Ssa_SK36,S. sanguinis,SSA_RS05510,0.42857142857142855,0.3651926922165073,0.4204081632653061
Ssa_SK36,S. sanguinis,SSA_RS05515,0.47007042253521125,0.37555041068725303,0.4424882629107981
Ssa_SK36,S. sanguinis,SSA_RS05520,0.4406779661016949,0.3703250168040062,0.4152542372881356
Ssa_SK36,S. sanguinis,SSA_RS05525,0.3697916666666667,0.48202210898939196,0.4305555555555556
Ssa_SK36,S. sanguinis,SSA_RS05530,0.3783132530120482,0.5934665524016882,0.43614457831325304
Ssa_SK36,S. sanguinis,SSA_RS05535,0.3811881188118812,0.5888688300362122,0.40924092409240925
Ssa_SK36,S. sanguinis,SSA_RS05540,0.44871794871794873,0.3511371190523524,0.4551282051282051
Ssa_SK36,S. sanguinis,SSA_RS05545,0.35076252723311546,0.6123306217334197,0.4037763253449528
Ssa_SK36,S. sanguinis,SSA_RS05550,0.5028901734104047,0.3479365250891214,0.4611432241490045
Ssa_SK36,S. sanguinis,SSA_RS05555,0.4742268041237113,0.44701228173338853,0.43757159221076747
Ssa_SK36,S. sanguinis,SSA_RS05560,0.5161290322580645,0.4040723509219912,0.4739454094292804
Ssa_SK36,S. sanguinis,SSA_RS05565,0.49559082892416223,0.36650604652274243,0.44562022339800117
Ssa_SK36,S. sanguinis,SSA_RS05570,0.49372384937238495,0.3436277680715771,0.4407252440725244
Ssa_SK36,S. sanguinis,SSA_RS05580,0.422680412371134,0.40607899247520984,0.43986254295532645
Ssa_SK36,S. sanguinis,SSA_RS05585,0.4107142857142857,0.36090066089515493,0.4226190476190476
Ssa_SK36,S. sanguinis,SSA_RS05590,0.42112299465240643,0.35904941442356636,0.4483065953654189
Ssa_SK36,S. sanguinis,SSA_RS05595,0.3691275167785235,0.3823053449598209,0.4407158836689038
Ssa_SK36,S. sanguinis,SSA_RS05600,0.3854748603351955,0.42765784359045306,0.45344506517690875
Ssa_SK36,S. sanguinis,SSA_RS05605,0.4069767441860465,0.4588144728328662,0.4583333333333333
Ssa_SK36,S. sanguinis,SSA_RS05610,0.4023809523809524,0.3941595730567488,0.46904761904761905
Ssa_SK36,S. sanguinis,SSA_RS05620,0.4458874458874459,0.3362532146547926,0.4458874458874459
Ssa_SK36,S. sanguinis,SSA_RS05625,0.4327217125382263,0.4354155476013376,0.42048929663608564
Ssa_SK36,S. sanguinis,SSA_RS05630,0.410958904109589,0.40892625167854657,0.3607305936073059
Ssa_SK36,S. sanguinis,SSA_RS05635,0.3153153153153153,0.3579526336957385,0.3993993993993994
Ssa_SK36,S. sanguinis,SSA_RS05645,0.3830275229357798,0.46759758479697383,0.4029051987767584
Ssa_SK36,S. sanguinis,SSA_RS05650,0.3304904051172708,0.38455312267576497,0.39658848614072495
Ssa_SK36,S. sanguinis,SSA_RS05660,0.5078534031413613,0.41092025222732215,0.43804537521815007
Ssa_SK36,S. sanguinis,SSA_RS05665,0.46944444444444444,0.4300181343872915,0.47129629629629627
Ssa_SK36,S. sanguinis,SSA_RS05670,0.44765342960288806,0.37710677120793884,0.4608904933814681
Ssa_SK36,S. sanguinis,SSA_RS05675,0.40609137055837563,0.3680265562852346,0.4467005076142132
Ssa_SK36,S. sanguinis,SSA_RS05680,0.39429928741092635,0.510372171984051,0.45209817893903403
Ssa_SK36,S. sanguinis,SSA_RS05685,0.47384615384615386,0.4178657100010591,0.4153846153846154
Ssa_SK36,S. sanguinis,SSA_RS05690,0.5074626865671642,0.3623876685784178,0.4311774461028192
Ssa_SK36,S. sanguinis,SSA_RS05695,0.4070175438596491,0.4174804971981879,0.4105263157894737
Ssa_SK36,S. sanguinis,SSA_RS05700,0.4709480122324159,0.4619235772333738,0.43425076452599387
Ssa_SK36,S. sanguinis,SSA_RS05705,0.44881889763779526,0.3728186680790964,0.4041994750656168
Ssa_SK36,S. sanguinis,SSA_RS05710,0.418426103646833,0.5408753888732485,0.45297504798464494
Ssa_SK36,S. sanguinis,SSA_RS05715,0.5150214592274678,0.3216239001876796,0.4678111587982833
Ssa_SK36,S. sanguinis,SSA_RS05720,0.5135135135135135,0.35354700147788437,0.42042042042042044
Ssa_SK36,S. sanguinis,SSA_RS05730,0.4819047619047619,0.4231362197591875,0.4653968253968254
Ssa_SK36,S. sanguinis,SSA_RS05735,0.19148936170212766,0.4374935050648833,0.30141843971631205
Ssa_SK36,S. sanguinis,SSA_RS05740,0.4141791044776119,0.3521963116448878,0.4054726368159204
Ssa_SK36,S. sanguinis,SSA_RS05745,0.21865889212827988,0.41958785497405204,0.2691933916423712
Ssa_SK36,S. sanguinis,SSA_RS05750,0.4649859943977591,0.3381318546169992,0.4276377217553688
Ssa_SK36,S. sanguinis,SSA_RS05755,0.4131455399061033,0.40264171719979225,0.41158059467918623
Ssa_SK36,S. sanguinis,SSA_RS05760,0.44545454545454544,0.49563868924391374,0.42323232323232324
Ssa_SK36,S. sanguinis,SSA_RS05765,0.4094903339191564,0.5514085632376383,0.45811364967779733
Ssa_SK36,S. sanguinis,SSA_RS05770,0.4425287356321839,0.45532639828156884,0.44061302681992337
Ssa_SK36,S. sanguinis,SSA_RS05780,0.4179566563467492,0.515478981432684,0.4458204334365325
Ssa_SK36,S. sanguinis,SSA_RS05785,0.4267352185089974,0.46006497780576877,0.43273350471293914
Ssa_SK36,S. sanguinis,SSA_RS05790,0.46558704453441296,0.45091580421029853,0.4574898785425101
Ssa_SK36,S. sanguinis,SSA_RS05795,0.4763636363636364,0.38899812342417145,0.43393939393939396
Ssa_SK36,S. sanguinis,SSA_RS05800,0.4247191011235955,0.4057063379672336,0.46441947565543074
Ssa_SK36,S. sanguinis,SSA_RS05805,0.41358024691358025,0.41368188300738984,0.4279835390946502
Ssa_SK36,S. sanguinis,SSA_RS05810,0.46275071633237824,0.4122339706772052,0.444603629417383
Ssa_SK36,S. sanguinis,SSA_RS05815,0.38434163701067614,0.3618101446025017,0.4211150652431791
Ssa_SK36,S. sanguinis,SSA_RS05820,0.3670212765957447,0.44688582384864034,0.43439716312056736
Ssa_SK36,S. sanguinis,SSA_RS05825,0.47686832740213525,0.39846970062668363,0.41043890865954924
Ssa_SK36,S. sanguinis,SSA_RS05830,0.40784313725490196,0.3939234205232764,0.43790849673202614
Ssa_SK36,S. sanguinis,SSA_RS05835,0.44366197183098594,0.386378103485817,0.431924882629108
Ssa_SK36,S. sanguinis,SSA_RS05840,0.40707964601769914,0.41131209434608323,0.4247787610619469
Ssa_SK36,S. sanguinis,SSA_RS05845,0.3,0.4138018847462678,0.34
Ssa_SK36,S. sanguinis,SSA_RS05850,0.38782051282051283,0.45112748592264784,0.4444444444444444
Ssa_SK36,S. sanguinis,SSA_RS05855,0.34540389972144847,0.5163639057014056,0.44196843082636955
Ssa_SK36,S. sanguinis,SSA_RS05860,0.3028571428571429,0.3610631263637328,0.38095238095238093
Ssa_SK36,S. sanguinis,SSA_RS05865,0.4423963133640553,0.31729961080463087,0.42089093701996927
Ssa_SK36,S. sanguinis,SSA_RS05870,0.4411764705882353,0.43377254051436437,0.41830065359477125
Ssa_SK36,S. sanguinis,SSA_RS05875,0.4157303370786517,0.3974131290066782,0.4419475655430712
Ssa_SK36,S. sanguinis,SSA_RS05880,0.3752244165170557,0.4739795065738313,0.4530221424296828
Ssa_SK36,S. sanguinis,SSA_RS05885,0.4298245614035088,0.3794148458606369,0.4342105263157895
Ssa_SK36,S. sanguinis,SSA_RS05890,0.42391304347826086,0.4026230461291165,0.44565217391304346
Ssa_SK36,S. sanguinis,SSA_RS05895,0.4308510638297872,0.41707132349978243,0.4237588652482269
Ssa_SK36,S. sanguinis,SSA_RS05900,0.38219895287958117,0.5898837479777504,0.44502617801047123
Ssa_SK36,S. sanguinis,SSA_RS05905,0.31896551724137934,0.5958368881301387,0.4224137931034483
Ssa_SK36,S. sanguinis,SSA_RS05910,0.4134366925064599,0.37519888172607274,0.4384151593453919
Ssa_SK36,S. sanguinis,SSA_RS05915,0.40797546012269936,0.4777598600801005,0.4560327198364008
Ssa_SK36,S. sanguinis,SSA_RS05920,0.4358108108108108,0.36559051875708515,0.4313063063063063
Ssa_SK36,S. sanguinis,SSA_RS05925,0.42124542124542125,0.3548374884402412,0.4236874236874237
Ssa_SK36,S. sanguinis,SSA_RS05930,0.44642857142857145,0.3644282038618558,0.43452380952380953
Ssa_SK36,S. sanguinis,SSA_RS05935,0.4627659574468085,0.41928567734360866,0.4095744680851064
Ssa_SK36,S. sanguinis,SSA_RS05940,0.4169278996865204,0.40756625160390403,0.44200626959247646
Ssa_SK36,S. sanguinis,SSA_RS05945,0.3746630727762803,0.39536019827974594,0.42677448337825696
Ssa_SK36,S. sanguinis,SSA_RS05950,0.41379310344827586,0.5243836456136566,0.367816091954023
Ssa_SK36,S. sanguinis,SSA_RS05960,0.36574074074074076,0.4084075210075241,0.4012345679012346
Ssa_SK36,S. sanguinis,SSA_RS05965,0.36796536796536794,0.47028293990827236,0.4155844155844156
Ssa_SK36,S. sanguinis,SSA_RS05970,0.4605263157894737,0.33813581845352897,0.4195906432748538
Ssa_SK36,S. sanguinis,SSA_RS05975,0.3968253968253968,0.3832074269020514,0.4007936507936508
Ssa_SK36,S. sanguinis,SSA_RS05980,0.4121951219512195,0.43761011838948016,0.4556910569105691
Ssa_SK36,S. sanguinis,SSA_RS05985,0.3404255319148936,0.7577731436361234,0.4376899696048632
Ssa_SK36,S. sanguinis,SSA_RS05990,0.35251798561151076,0.3896379918434013,0.38848920863309355
Ssa_SK36,S. sanguinis,SSA_RS06025,0.5177478580171359,0.3762782699483964,0.4740922072623419
Ssa_SK36,S. sanguinis,SSA_RS06030,0.5311355311355311,0.36872136251326676,0.47619047619047616
Ssa_SK36,S. sanguinis,SSA_RS06040,0.5582329317269076,0.34449979613654225,0.48728246318607765
Ssa_SK36,S. sanguinis,SSA_RS06045,0.2810810810810811,0.3929513420355158,0.3207207207207207
Ssa_SK36,S. sanguinis,SSA_RS06050,0.64,0.3420242984445743,0.5323076923076923
Ssa_SK36,S. sanguinis,SSA_RS06055,0.48847926267281105,0.35128570780685753,0.4485407066052227
Ssa_SK36,S. sanguinis,SSA_RS06060,0.40555555555555556,0.47662251725717025,0.4740740740740741
Ssa_SK36,S. sanguinis,SSA_RS06065,0.4326241134751773,0.40925844673777445,0.4641449960598897
Ssa_SK36,S. sanguinis,SSA_RS06070,0.49032258064516127,0.387290051820724,0.46236559139784944
Ssa_SK36,S. sanguinis,SSA_RS06075,0.43119266055045874,0.3821772011178683,0.45565749235474007
Ssa_SK36,S. sanguinis,SSA_RS06080,0.4262948207171315,0.39737135205615715,0.43691899070385126
Ssa_SK36,S. sanguinis,SSA_RS06085,0.4697855750487329,0.3223666948203831,0.4191033138401559
Ssa_SK36,S. sanguinis,SSA_RS06090,0.44761904761904764,0.4444497172037711,0.46825396825396826
Ssa_SK36,S. sanguinis,SSA_RS06095,0.48484848484848486,0.4243807578688524,0.47619047619047616
Ssa_SK36,S. sanguinis,SSA_RS06100,0.4185303514376997,0.3759214027983065,0.4728434504792332
Ssa_SK36,S. sanguinis,SSA_RS06105,0.4275092936802974,0.36099766508497955,0.4634448574969021
Ssa_SK36,S. sanguinis,SSA_RS06115,0.5511551155115512,0.37913219775986157,0.44554455445544555
Ssa_SK36,S. sanguinis,SSA_RS06120,0.2920168067226891,0.4240433859604954,0.33053221288515405
Ssa_SK36,S. sanguinis,SSA_RS06125,0.2717678100263852,0.395031666964615,0.376429199648197
Ssa_SK36,S. sanguinis,SSA_RS06130,0.33993399339933994,0.41704984803558387,0.385038503850385
Ssa_SK36,S. sanguinis,SSA_RS06135,0.2911392405063291,0.42726632568148426,0.37130801687763715
Ssa_SK36,S. sanguinis,SSA_RS06140,0.2283464566929134,0.4035085218129653,0.31758530183727035
Ssa_SK36,S. sanguinis,SSA_RS06145,0.3563968668407311,0.40115037790982655,0.4086161879895561
Ssa_SK36,S. sanguinis,SSA_RS06150,0.5183673469387755,0.27217284722337554,0.4530612244897959
Ssa_SK36,S. sanguinis,SSA_RS06160,0.3574144486692015,0.3417419173732246,0.38022813688212925
Ssa_SK36,S. sanguinis,SSA_RS06165,0.5284552845528455,0.35042673123201934,0.47560975609756095
Ssa_SK36,S. sanguinis,SSA_RS06170,0.42913385826771655,0.3252772394338759,0.4304461942257218
Ssa_SK36,S. sanguinis,SSA_RS06175,0.4125,0.5027441669044306,0.4375
Ssa_SK36,S. sanguinis,SSA_RS06180,0.36162361623616235,0.5279126955234182,0.45141451414514144
Ssa_SK36,S. sanguinis,SSA_RS06185,0.42574257425742573,0.5382263303448425,0.45792079207920794
Ssa_SK36,S. sanguinis,SSA_RS06190,0.4247787610619469,0.41269855045040377,0.45427728613569324
Ssa_SK36,S. sanguinis,SSA_RS06195,0.574235807860262,0.3673742172285025,0.49344978165938863
Ssa_SK36,S. sanguinis,SSA_RS06200,0.3617886178861789,0.4155899336069828,0.4065040650406504
Ssa_SK36,S. sanguinis,SSA_RS06210,0.35344827586206895,0.715269234629113,0.46264367816091956
Ssa_SK36,S. sanguinis,SSA_RS06215,0.45871559633027525,0.3447880335066435,0.41896024464831805
Ssa_SK36,S. sanguinis,SSA_RS06220,0.4,0.3208484248743904,0.44
Ssa_SK36,S. sanguinis,SSA_RS06230,0.49023861171366595,0.36478436306169953,0.45408532176428057
Ssa_SK36,S. sanguinis,SSA_RS06235,0.43537414965986393,0.4543127651454758,0.45351473922902497
Ssa_SK36,S. sanguinis,SSA_RS06240,0.44551282051282054,0.422294033928289,0.46153846153846156
Ssa_SK36,S. sanguinis,SSA_RS06250,0.3219814241486068,0.5986216902557738,0.3931888544891641
Ssa_SK36,S. sanguinis,SSA_RS06265,0.39271255060728744,0.46859248302311535,0.4291497975708502
Ssa_SK36,S. sanguinis,SSA_RS06270,0.38095238095238093,0.41932419654544595,0.4126984126984127
Ssa_SK36,S. sanguinis,SSA_RS06275,0.48909657320872274,0.3455005577830262,0.4714434060228453
Ssa_SK36,S. sanguinis,SSA_RS06285,0.5030674846625767,0.4361332958937426,0.41513292433537835
Ssa_SK36,S. sanguinis,SSA_RS06290,0.4307692307692308,0.41826116720408496,0.4307692307692308
Ssa_SK36,S. sanguinis,SSA_RS06295,0.36673773987206826,0.5036549803398963,0.44136460554371004
Ssa_SK36,S. sanguinis,SSA_RS06300,0.36633663366336633,0.42701410947722634,0.4273927392739274
Ssa_SK36,S. sanguinis,SSA_RS06305,0.25842696629213485,0.3761121927315066,0.3202247191011236
Ssa_SK36,S. sanguinis,SSA_RS06310,0.25157232704402516,0.4240101584305851,0.2851153039832285
Ssa_SK36,S. sanguinis,SSA_RS06315,0.2037037037037037,0.4441280594415321,0.29218106995884774
Ssa_SK36,S. sanguinis,SSA_RS06320,0.2422360248447205,0.4063034352829307,0.29606625258799174
Ssa_SK36,S. sanguinis,SSA_RS06325,0.2236024844720497,0.4133194675207893,0.3022774327122153
Ssa_SK36,S. sanguinis,SSA_RS06335,0.27044025157232704,0.39031295887846695,0.2914046121593291
Ssa_SK36,S. sanguinis,SSA_RS06340,0.2072072072072072,0.3164885137303953,0.27927927927927926
Ssa_SK36,S. sanguinis,SSA_RS06345,0.39204545454545453,0.3550718557422298,0.4375
Ssa_SK36,S. sanguinis,SSA_RS06350,0.2875,0.4429504743871858,0.4270833333333333
Ssa_SK36,S. sanguinis,SSA_RS06355,0.38362068965517243,0.3661096969651544,0.3922413793103448
Ssa_SK36,S. sanguinis,SSA_RS06360,0.33035714285714285,0.42915531225476394,0.36904761904761907
Ssa_SK36,S. sanguinis,SSA_RS06365,0.3333333333333333,0.3635190817062537,0.3680555555555556
Ssa_SK36,S. sanguinis,SSA_RS06370,0.5212418300653595,0.34160409462251073,0.46296296296296297
Ssa_SK36,S. sanguinis,SSA_RS06375,0.3436754176610978,0.6519460928301024,0.4232299124900557
Ssa_SK36,S. sanguinis,SSA_RS06380,0.5143487858719646,0.4791724786139445,0.4451802796173657
Ssa_SK36,S. sanguinis,SSA_RS06385,0.46953405017921146,0.48525655092851444,0.4074074074074074
Ssa_SK36,S. sanguinis,SSA_RS06390,0.30327868852459017,0.49702649266942756,0.4426229508196721
Ssa_SK36,S. sanguinis,SSA_RS06395,0.4730290456431535,0.35322717496288547,0.4661134163208852
Ssa_SK36,S. sanguinis,SSA_RS06400,0.4913294797687861,0.44477010128822597,0.43159922928709055
Ssa_SK36,S. sanguinis,SSA_RS06405,0.48760330578512395,0.37664420862636644,0.4903581267217631
Ssa_SK36,S. sanguinis,SSA_RS06410,0.42702702702702705,0.393357702665293,0.418018018018018
Ssa_SK36,S. sanguinis,SSA_RS06415,0.509009009009009,0.38157190865490054,0.466966966966967
Ssa_SK36,S. sanguinis,SSA_RS06420,0.4777777777777778,0.34100374406036044,0.4533333333333333
Ssa_SK36,S. sanguinis,SSA_RS06425,0.41847826086956524,0.320978602015587,0.4583333333333333
Ssa_SK36,S. sanguinis,SSA_RS06440,0.4826086956521739,0.34813340273562604,0.44782608695652176
Ssa_SK36,S. sanguinis,SSA_RS06445,0.3592233009708738,0.4115547957209469,0.3581445523193096
Ssa_SK36,S. sanguinis,SSA_RS06450,0.43884892086330934,0.37267321001770815,0.4460431654676259
Ssa_SK36,S. sanguinis,SSA_RS06455,0.4909090909090909,0.40248649427231625,0.4404040404040404
Ssa_SK36,S. sanguinis,SSA_RS06460,0.44651162790697674,0.37104602816951343,0.4248062015503876
Ssa_SK36,S. sanguinis,SSA_RS06465,0.4810606060606061,0.3962460458025273,0.42045454545454547
Ssa_SK36,S. sanguinis,SSA_RS06475,0.555921052631579,0.3653428747351883,0.48903508771929827
Ssa_SK36,S. sanguinis,SSA_RS06480,0.4963235294117647,0.42321818822289897,0.4742647058823529
Ssa_SK36,S. sanguinis,SSA_RS06485,0.5163934426229508,0.3190988375813377,0.4972677595628415
Ssa_SK36,S. sanguinis,SSA_RS06490,0.4767123287671233,0.3792220941538584,0.4365296803652968
Ssa_SK36,S. sanguinis,SSA_RS06495,0.4766355140186916,0.32863510884859876,0.46261682242990654
Ssa_SK36,S. sanguinis,SSA_RS06500,0.47685185185185186,0.31210266117453234,0.4398148148148148
Ssa_SK36,S. sanguinis,SSA_RS06505,0.4881889763779528,0.3286013893077423,0.4409448818897638
Ssa_SK36,S. sanguinis,SSA_RS06510,0.44357976653696496,0.3045688574913242,0.4876783398184176
Ssa_SK36,S. sanguinis,SSA_RS06515,0.5343137254901961,0.42784211650548787,0.4877450980392157
Ssa_SK36,S. sanguinis,SSA_RS06520,0.30978260869565216,0.3682292172661635,0.3333333333333333
Ssa_SK36,S. sanguinis,SSA_RS06525,0.2756756756756757,0.36465903353701246,0.3171171171171171
Ssa_SK36,S. sanguinis,SSA_RS06530,0.3174061433447099,0.4016063931658406,0.3902161547212742
Ssa_SK36,S. sanguinis,SSA_RS06535,0.30128205128205127,0.35682064949853326,0.37606837606837606
Ssa_SK36,S. sanguinis,SSA_RS06540,0.33181818181818185,0.4392136119494116,0.3696969696969697
Ssa_SK36,S. sanguinis,SSA_RS06545,0.2727272727272727,0.4470973198337352,0.337995337995338
Ssa_SK36,S. sanguinis,SSA_RS06550,0.2971887550200803,0.4419845872697286,0.3453815261044177
Ssa_SK36,S. sanguinis,SSA_RS06555,0.27044025157232704,0.3999503784198477,0.31236897274633124
Ssa_SK36,S. sanguinis,SSA_RS06560,0.25806451612903225,0.3458873038531733,0.35304659498207885
Ssa_SK36,S. sanguinis,SSA_RS06565,0.27472527472527475,0.3948633885597581,0.315018315018315
Ssa_SK36,S. sanguinis,SSA_RS06575,0.31,0.3648042400230826,0.33666666666666667
Ssa_SK36,S. sanguinis,SSA_RS06580,0.24431818181818182,0.37008824722007644,0.35795454545454547
Ssa_SK36,S. sanguinis,SSA_RS06585,0.46785109983079526,0.3777494894164787,0.47659334461364916
Ssa_SK36,S. sanguinis,SSA_RS06590,0.49201277955271566,0.3276811971182778,0.47710330138445156
Ssa_SK36,S. sanguinis,SSA_RS06595,0.5179245283018868,0.37338564743693875,0.4949685534591195
Ssa_SK36,S. sanguinis,SSA_RS06600,0.5041782729805014,0.34756706586916336,0.4818941504178273
Ssa_SK36,S. sanguinis,SSA_RS06605,0.48366013071895425,0.44707709434668497,0.45751633986928103
Ssa_SK36,S. sanguinis,SSA_RS06610,0.5280373831775701,0.3770911678502983,0.47741433021806856
Ssa_SK36,S. sanguinis,SSA_RS06615,0.5375722543352601,0.3644825552288159,0.48940269749518306
Ssa_SK36,S. sanguinis,SSA_RS06620,0.4881516587677725,0.36969326416631443,0.4028436018957346
Ssa_SK36,S. sanguinis,SSA_RS06625,0.5132743362831859,0.41417369572613205,0.4631268436578171
Ssa_SK36,S. sanguinis,SSA_RS06630,0.5142857142857142,0.37725454097054023,0.44571428571428573
Ssa_SK36,S. sanguinis,SSA_RS06635,0.47191011235955055,0.3449931321821903,0.47191011235955055
Ssa_SK36,S. sanguinis,SSA_RS06645,0.4551282051282051,0.43284470368887884,0.45085470085470086
Ssa_SK36,S. sanguinis,SSA_RS06650,0.37583892617449666,0.39735895214735545,0.3422818791946309
Ssa_SK36,S. sanguinis,SSA_RS06655,0.510989010989011,0.35395335164201247,0.45054945054945056
Ssa_SK36,S. sanguinis,SSA_RS06660,0.42168674698795183,0.392764246278843,0.40763052208835343
Ssa_SK36,S. sanguinis,SSA_RS06665,0.25096525096525096,0.40957146232646113,0.32432432432432434
Ssa_SK36,S. sanguinis,SSA_RS06670,0.5701357466063348,0.37166198191653044,0.4962292609351433
Ssa_SK36,S. sanguinis,SSA_RS06675,0.4272151898734177,0.3880027070776934,0.4282700421940928
Ssa_SK36,S. sanguinis,SSA_RS06680,0.47266881028938906,0.3578879136925138,0.4640943193997856
Ssa_SK36,S. sanguinis,SSA_RS06685,0.5034578146611342,0.45094530408609607,0.45550945136007376
Ssa_SK36,S. sanguinis,SSA_RS06690,0.5344129554655871,0.44854585183202184,0.48043184885290147
Ssa_SK36,S. sanguinis,SSA_RS06700,0.4536256323777403,0.33623919027416,0.4575604272062957
Ssa_SK36,S. sanguinis,SSA_RS06715,0.511744966442953,0.37965163905167937,0.4670022371364653
Ssa_SK36,S. sanguinis,SSA_RS06720,0.4797047970479705,0.3169526421893221,0.4489544895448955
Ssa_SK36,S. sanguinis,SSA_RS06725,0.4983164983164983,0.3868720208991119,0.4601571268237935
Ssa_SK36,S. sanguinis,SSA_RS06735,0.550098231827112,0.31033751311521957,0.49377865094957435
Ssa_SK36,S. sanguinis,SSA_RS06740,0.5112262521588946,0.3183961181492891,0.4726540011514105
Ssa_SK36,S. sanguinis,SSA_RS06745,0.5266781411359724,0.3269108817709713,0.48479632816982215
Ssa_SK36,S. sanguinis,SSA_RS06750,0.4772727272727273,0.3414763421101123,0.41919191919191917
Ssa_SK36,S. sanguinis,SSA_RS06755,0.4298440979955457,0.5438919839283672,0.44766146993318484
Ssa_SK36,S. sanguinis,SSA_RS06760,0.371900826446281,0.42701312044413875,0.4462809917355372
Ssa_SK36,S. sanguinis,SSA_RS06765,0.39316239316239315,0.34028571191498963,0.42450142450142453
Ssa_SK36,S. sanguinis,SSA_RS06770,0.4444444444444444,0.33296091039032055,0.4377104377104377
Ssa_SK36,S. sanguinis,SSA_RS06775,0.39285714285714285,0.28868793373971025,0.40714285714285714
Ssa_SK36,S. sanguinis,SSA_RS06780,0.3987341772151899,0.36199229786482173,0.40717299578059074
Ssa_SK36,S. sanguinis,SSA_RS06785,0.467005076142132,0.37748218715306325,0.47715736040609136
Ssa_SK36,S. sanguinis,SSA_RS06790,0.4601226993865031,0.3536760108599931,0.4396728016359918
Ssa_SK36,S. sanguinis,SSA_RS06795,0.4228187919463087,0.45389321430393464,0.4004474272930649
Ssa_SK36,S. sanguinis,SSA_RS06800,0.3825136612021858,0.6462755419887835,0.47176684881602915
Ssa_SK36,S. sanguinis,SSA_RS06805,0.2,0.4215484744333501,0.30333333333333334
Ssa_SK36,S. sanguinis,SSA_RS06810,0.3131868131868132,0.33177053549266045,0.32051282051282054
Ssa_SK36,S. sanguinis,SSA_RS06815,0.2265193370165746,0.3744140947136555,0.29097605893186
Ssa_SK36,S. sanguinis,SSA_RS06820,0.24864864864864866,0.3703242978607846,0.2864864864864865
Ssa_SK36,S. sanguinis,SSA_RS06825,0.3148148148148148,0.4392049344332332,0.360082304526749
Ssa_SK36,S. sanguinis,SSA_RS06830,0.3459715639810427,0.33950489632599734,0.34913112164297
Ssa_SK36,S. sanguinis,SSA_RS06835,0.3235294117647059,0.3902781901270534,0.3762254901960784
Ssa_SK36,S. sanguinis,SSA_RS06840,0.325,0.3886159296611016,0.34444444444444444
Ssa_SK36,S. sanguinis,SSA_RS06850,0.4609053497942387,0.3726050392284303,0.45267489711934156
Ssa_SK36,S. sanguinis,SSA_RS06855,0.5230769230769231,0.32990525191383413,0.42735042735042733
Ssa_SK36,S. sanguinis,SSA_RS06860,0.44155844155844154,0.3702529508849971,0.4199134199134199
Ssa_SK36,S. sanguinis,SSA_RS06865,0.6111111111111112,0.3580740368871849,0.4737654320987654
Ssa_SK36,S. sanguinis,SSA_RS06870,0.3544973544973545,0.3433081937359072,0.4109347442680776
Ssa_SK36,S. sanguinis,SSA_RS06875,0.47058823529411764,0.3701794014133718,0.4463667820069204
Ssa_SK36,S. sanguinis,SSA_RS06880,0.5,0.34558520085405203,0.44393939393939397
Ssa_SK36,S. sanguinis,SSA_RS06885,0.5120689655172413,0.3449132790907042,0.45804597701149424
Ssa_SK36,S. sanguinis,SSA_RS06890,0.5146299483648882,0.3183603672117319,0.4710269650028686
Ssa_SK36,S. sanguinis,SSA_RS06895,0.5089285714285714,0.33668503415010065,0.45089285714285715
Ssa_SK36,S. sanguinis,SSA_RS06900,0.46919431279620855,0.3716377327460867,0.4755134281200632
Ssa_SK36,S. sanguinis,SSA_RS06905,0.4355400696864111,0.3156464306607921,0.429732868757259
Ssa_SK36,S. sanguinis,SSA_RS06910,0.485,0.3615607031873629,0.44333333333333336
Ssa_SK36,S. sanguinis,SSA_RS06915,0.46418338108882523,0.5217812378173254,0.45463228271251194
Ssa_SK36,S. sanguinis,SSA_RS06920,0.4292929292929293,0.4630247295396585,0.4511784511784512
Ssa_SK36,S. sanguinis,SSA_RS06925,0.40344827586206894,0.4932341228757028,0.4425287356321839
Ssa_SK36,S. sanguinis,SSA_RS06930,0.5018181818181818,0.33829921540886576,0.5042424242424243
Ssa_SK36,S. sanguinis,SSA_RS06935,0.4394904458598726,0.3463660683598859,0.4267515923566879
Ssa_SK36,S. sanguinis,SSA_RS06940,0.473972602739726,0.3676467596000111,0.4940639269406393
Ssa_SK36,S. sanguinis,SSA_RS06945,0.4323308270676692,0.3909489235112733,0.45363408521303256
Ssa_SK36,S. sanguinis,SSA_RS06950,0.48695652173913045,0.3463142312974451,0.4855072463768116
Ssa_SK36,S. sanguinis,SSA_RS06955,0.4828897338403042,0.3926277442461912,0.4752851711026616
Ssa_SK36,S. sanguinis,SSA_RS06960,0.4977973568281938,0.3901051353307639,0.4566813509544787
Ssa_SK36,S. sanguinis,SSA_RS06965,0.4713375796178344,0.39491487494252736,0.4447983014861996
Ssa_SK36,S. sanguinis,SSA_RS06970,0.4502923976608187,0.48623596554125353,0.47368421052631576
Ssa_SK36,S. sanguinis,SSA_RS06975,0.4817813765182186,0.3913622502182766,0.46243814664867294
Ssa_SK36,S. sanguinis,SSA_RS06980,0.47715736040609136,0.31913034161079173,0.4602368866328257
Ssa_SK36,S. sanguinis,SSA_RS11795,0.5467980295566502,0.28786665537864564,0.42857142857142855
Ssa_SK36,S. sanguinis,SSA_RS11800,0.4503311258278146,0.3723370181484114,0.4392935982339956
Ssa_SK36,S. sanguinis,SSA_RS06990,0.459915611814346,0.3950174327832368,0.44163150492264414
Ssa_SK36,S. sanguinis,SSA_RS06995,0.4722222222222222,0.34436210880395146,0.4470899470899471
Ssa_SK36,S. sanguinis,SSA_RS07000,0.5161290322580645,0.36758370320880357,0.4838709677419355
Ssa_SK36,S. sanguinis,SSA_RS07005,0.4855769230769231,0.34362414975405703,0.46474358974358976
Ssa_SK36,S. sanguinis,SSA_RS07010,0.5617433414043583,0.3318194920360048,0.483454398708636
Ssa_SK36,S. sanguinis,SSA_RS07015,0.5830508474576271,0.2762289289088954,0.5220338983050847
Ssa_SK36,S. sanguinis,SSA_RS07025,0.48120300751879697,0.33875275003324207,0.40601503759398494
Ssa_SK36,S. sanguinis,SSA_RS07030,0.33116883116883117,0.43725408668162213,0.37662337662337664
Ssa_SK36,S. sanguinis,SSA_RS07035,0.2977346278317152,0.3989446891238843,0.3592233009708738
Ssa_SK36,S. sanguinis,SSA_RS07040,0.5222929936305732,0.3207845262243516,0.4585987261146497
Ssa_SK36,S. sanguinis,SSA_RS07045,0.56,0.35281531033365293,0.4786666666666667
Ssa_SK36,S. sanguinis,SSA_RS07050,0.6095238095238096,0.2916709367644332,0.5174603174603175
Ssa_SK36,S. sanguinis,SSA_RS07055,0.5130434782608696,0.438917205370468,0.4811594202898551
Ssa_SK36,S. sanguinis,SSA_RS07060,0.5691699604743083,0.3343896851342155,0.5375494071146245
Ssa_SK36,S. sanguinis,SSA_RS07065,0.5435684647302904,0.3242496421643176,0.5062240663900415
Ssa_SK36,S. sanguinis,SSA_RS07070,0.5,0.34343974311078274,0.5128205128205128
Ssa_SK36,S. sanguinis,SSA_RS07075,0.5538461538461539,0.3403487000605225,0.5025641025641026
Ssa_SK36,S. sanguinis,SSA_RS07080,0.5034802784222738,0.35007800263912664,0.5019334880123744
Ssa_SK36,S. sanguinis,SSA_RS07085,0.5627906976744186,0.3035255260019433,0.4992248062015504
Ssa_SK36,S. sanguinis,SSA_RS07090,0.5454545454545454,0.29272454800323855,0.49797979797979797
Ssa_SK36,S. sanguinis,SSA_RS07095,0.5297450424929179,0.3122696187208534,0.4948064211520302
Ssa_SK36,S. sanguinis,SSA_RS07100,0.4019607843137255,0.3900772245933144,0.4117647058823529
Ssa_SK36,S. sanguinis,SSA_RS07105,0.5134693877551021,0.3352054358817943,0.47891156462585033
Ssa_SK36,S. sanguinis,SSA_RS07110,0.5329067641681902,0.3150129695819981,0.49116392443631934
Ssa_SK36,S. sanguinis,SSA_RS07115,0.46153846153846156,0.3115474851280111,0.4326923076923077
Ssa_SK36,S. sanguinis,SSA_RS07120,0.4929078014184397,0.38256405541914307,0.41252955082742315
Ssa_SK36,S. sanguinis,SSA_RS07125,0.40331491712707185,0.3445065048148685,0.39226519337016574
Ssa_SK36,S. sanguinis,SSA_RS07130,0.20437956204379562,0.4111106757785889,0.30170316301703165
Ssa_SK36,S. sanguinis,SSA_RS07140,0.422680412371134,0.36749365516779886,0.41809851088201605
Ssa_SK36,S. sanguinis,SSA_RS07145,0.2832764505119454,0.44880923738708445,0.3435722411831627
Ssa_SK36,S. sanguinis,SSA_RS07150,0.21678321678321677,0.39022154732170183,0.317016317016317
Ssa_SK36,S. sanguinis,SSA_RS07155,0.5185995623632386,0.37149265288541267,0.4777534646243618
Ssa_SK36,S. sanguinis,SSA_RS07160,0.5377777777777778,0.3846987839112624,0.47703703703703704
Ssa_SK36,S. sanguinis,SSA_RS07165,0.5143884892086331,0.3357713880950077,0.4748201438848921
Ssa_SK36,S. sanguinis,SSA_RS07170,0.5723270440251572,0.3286394059794019,0.4968553459119497
Ssa_SK36,S. sanguinis,SSA_RS07175,0.5046728971962616,0.36113394846625196,0.4984423676012461
Ssa_SK36,S. sanguinis,SSA_RS07180,0.5398230088495575,0.4032013011717738,0.45722713864306785
Ssa_SK36,S. sanguinis,SSA_RS07185,0.4715447154471545,0.3319211452801887,0.4751580849141825
Ssa_SK36,S. sanguinis,SSA_RS07190,0.493573264781491,0.37244150723688013,0.5021422450728363
Ssa_SK36,S. sanguinis,SSA_RS07195,0.5533707865168539,0.3341172757449158,0.4953183520599251
Ssa_SK36,S. sanguinis,SSA_RS07200,0.4421052631578947,0.35484037089752896,0.44678362573099417
Ssa_SK36,S. sanguinis,SSA_RS07205,0.4646017699115044,0.404315546561469,0.43215339233038347
Ssa_SK36,S. sanguinis,SSA_RS07210,0.43041237113402064,0.3873476699585961,0.43556701030927836
Ssa_SK36,S. sanguinis,SSA_RS07220,0.32,0.35505190789949564,0.3451851851851852
Ssa_SK36,S. sanguinis,SSA_RS07230,0.5150273224043715,0.39876292105504,0.4471766848816029
Ssa_SK36,S. sanguinis,SSA_RS07240,0.5246478873239436,0.3836476389981618,0.4624413145539906
Ssa_SK36,S. sanguinis,SSA_RS07245,0.5075125208681135,0.34989179425991696,0.4674457429048414
Ssa_SK36,S. sanguinis,SSA_RS07250,0.47127937336814624,0.3839957865007699,0.45691906005221933
Ssa_SK36,S. sanguinis,SSA_RS07255,0.42586750788643535,0.40400383395259926,0.4416403785488959
Ssa_SK36,S. sanguinis,SSA_RS07260,0.45788667687595713,0.35576278850979337,0.47473200612557426
Ssa_SK36,S. sanguinis,SSA_RS07265,0.37790697674418605,0.39559801550581947,0.3798449612403101
Ssa_SK36,S. sanguinis,SSA_RS07270,0.36054421768707484,0.4833112299332237,0.35827664399092973
Ssa_SK36,S. sanguinis,SSA_RS07275,0.4830508474576271,0.3878825700532935,0.4646892655367232
Ssa_SK36,S. sanguinis,SSA_RS07280,0.5,0.32852959002292303,0.46444444444444444
Ssa_SK36,S. sanguinis,SSA_RS07285,0.27002967359050445,0.43531417196641586,0.32047477744807124
Ssa_SK36,S. sanguinis,SSA_RS07290,0.5145631067961165,0.35053339553453766,0.42179072276159657
Ssa_SK36,S. sanguinis,SSA_RS07295,0.5034965034965035,0.3815006063497911,0.4965034965034965
Ssa_SK36,S. sanguinis,SSA_RS07300,0.5328638497652582,0.3252391159951997,0.4671361502347418
Ssa_SK36,S. sanguinis,SSA_RS07305,0.4945652173913043,0.30911389879015927,0.44021739130434784
Ssa_SK36,S. sanguinis,SSA_RS07310,0.44285714285714284,0.38709464692457907,0.4642857142857143
Ssa_SK36,S. sanguinis,SSA_RS07315,0.40554156171284633,0.432200254735031,0.47858942065491183
Ssa_SK36,S. sanguinis,SSA_RS07320,0.2978723404255319,0.38567974447358544,0.35697399527186763
Ssa_SK36,S. sanguinis,SSA_RS07325,0.5256410256410257,0.33378606728613963,0.4807692307692308
Ssa_SK36,S. sanguinis,SSA_RS07330,0.3333333333333333,0.7405137433011914,0.41944444444444445
Ssa_SK36,S. sanguinis,SSA_RS07340,0.3898305084745763,0.5280147801076194,0.4124293785310734
Ssa_SK36,S. sanguinis,SSA_RS07345,0.3805309734513274,0.3550854088793679,0.4469026548672566
Ssa_SK36,S. sanguinis,SSA_RS07350,0.4178082191780822,0.3920584692535,0.4634703196347032
Ssa_SK36,S. sanguinis,SSA_RS07360,0.4294478527607362,0.32689649478645555,0.38650306748466257
Ssa_SK36,S. sanguinis,SSA_RS07365,0.4349939246658566,0.3755096475932156,0.3973268529769137
Ssa_SK36,S. sanguinis,SSA_RS07370,0.42908438061041293,0.3612911565904312,0.4177139437462597
Ssa_SK36,S. sanguinis,SSA_RS07375,0.4552238805970149,0.41205425674374735,0.4286898839137645
Ssa_SK36,S. sanguinis,SSA_RS07380,0.48698884758364314,0.3919485869840637,0.40396530359355637
Ssa_SK36,S. sanguinis,SSA_RS07385,0.483974358974359,0.3454544272027,0.4519230769230769
Ssa_SK36,S. sanguinis,SSA_RS07390,0.46475195822454307,0.412214929671554,0.43690165361183636
Ssa_SK36,S. sanguinis,SSA_RS07395,0.43028846153846156,0.34492365821602683,0.42628205128205127
Ssa_SK36,S. sanguinis,SSA_RS07400,0.48394495412844035,0.357196179875343,0.4151376146788991
Ssa_SK36,S. sanguinis,SSA_RS07405,0.43259557344064387,0.3726560031899869,0.41616364855801474
Ssa_SK36,S. sanguinis,SSA_RS07410,0.45,0.379170346056638,0.40897435897435896
Ssa_SK36,S. sanguinis,SSA_RS07415,0.4583333333333333,0.3779934621187436,0.3388888888888889
Ssa_SK36,S. sanguinis,SSA_RS07420,0.36401673640167365,0.39452461857701016,0.39609483960948394
Ssa_SK36,S. sanguinis,SSA_RS07425,0.28703703703703703,0.4097543456982445,0.31275720164609055
Ssa_SK36,S. sanguinis,SSA_RS07430,0.25949367088607594,0.40339353727351,0.29957805907172996
Ssa_SK36,S. sanguinis,SSA_RS07435,0.20705882352941177,0.3780205195739999,0.28549019607843135
Ssa_SK36,S. sanguinis,SSA_RS07440,0.3634085213032581,0.7969902427677973,0.4477861319966583
Ssa_SK36,S. sanguinis,SSA_RS07445,0.4720758693361433,0.40159139318823917,0.4355461889708465
Ssa_SK36,S. sanguinis,SSA_RS07450,0.5012165450121655,0.32127045619774414,0.4420113544201135
Ssa_SK36,S. sanguinis,SSA_RS07455,0.4620253164556962,0.4117776730557489,0.4345991561181435
Ssa_SK36,S. sanguinis,SSA_RS07460,0.3811188811188811,0.4380757786229062,0.3997668997668998
Ssa_SK36,S. sanguinis,SSA_RS07465,0.4416961130742049,0.3774935892700119,0.4299175500588928
Ssa_SK36,S. sanguinis,SSA_RS07470,0.4506172839506173,0.3912432125539463,0.43415637860082307
Ssa_SK36,S. sanguinis,SSA_RS07475,0.47641509433962265,0.36126794619118996,0.4591194968553459
Ssa_SK36,S. sanguinis,SSA_RS07480,0.42655935613682094,0.5443073576743921,0.4493628437290409
Ssa_SK36,S. sanguinis,SSA_RS07485,0.4160756501182033,0.3815604544350843,0.44602048857368004
Ssa_SK36,S. sanguinis,SSA_RS07490,0.5107296137339056,0.3376214677391979,0.4721030042918455
Ssa_SK36,S. sanguinis,SSA_RS07495,0.3943298969072165,0.47485346205073037,0.4475945017182131
Ssa_SK36,S. sanguinis,SSA_RS07500,0.4288888888888889,0.4589125774580255,0.4748148148148148
Ssa_SK36,S. sanguinis,SSA_RS07505,0.4344262295081967,0.3874485347320934,0.45491803278688525
Ssa_SK36,S. sanguinis,SSA_RS07510,0.46153846153846156,0.3733016822208147,0.4523809523809524
Ssa_SK36,S. sanguinis,SSA_RS07520,0.48739495798319327,0.3979948245062682,0.4173669467787115
Ssa_SK36,S. sanguinis,SSA_RS07525,0.3611111111111111,0.43786878778299726,0.4228395061728395
Ssa_SK36,S. sanguinis,SSA_RS07530,0.4289044289044289,0.39191601181270136,0.47474747474747475
Ssa_SK36,S. sanguinis,SSA_RS07535,0.42258064516129035,0.40580579828789554,0.4161290322580645
Ssa_SK36,S. sanguinis,SSA_RS07540,0.33663366336633666,0.5160704117270372,0.3465346534653465
Ssa_SK36,S. sanguinis,SSA_RS07545,0.33540372670807456,0.5381798516918018,0.39544513457556935
Ssa_SK36,S. sanguinis,SSA_RS07550,0.39097744360902253,0.4155723037669126,0.39598997493734334
Ssa_SK36,S. sanguinis,SSA_RS07555,0.42366412213740456,0.3554268106820958,0.43384223918575066
Ssa_SK36,S. sanguinis,SSA_RS07560,0.4166666666666667,0.36327503628331803,0.4412393162393162
Ssa_SK36,S. sanguinis,SSA_RS07565,0.42073170731707316,0.38888877474517886,0.4491869918699187
Ssa_SK36,S. sanguinis,SSA_RS07575,0.4246575342465753,0.43634413943579176,0.4520547945205479
Ssa_SK36,S. sanguinis,SSA_RS07580,0.4571026722925457,0.3938083442996019,0.4692920768870136
Ssa_SK36,S. sanguinis,SSA_RS07585,0.5165562913907285,0.3285023741877413,0.45916114790286977
Ssa_SK36,S. sanguinis,SSA_RS07590,0.5091575091575091,0.37018627647188823,0.4346764346764347
Ssa_SK36,S. sanguinis,SSA_RS07595,0.4887063655030801,0.4122361836172677,0.459958932238193
Ssa_SK36,S. sanguinis,SSA_RS07600,0.36062378167641324,0.44639950964664754,0.4522417153996101
Ssa_SK36,S. sanguinis,SSA_RS07605,0.4175824175824176,0.4097657378788712,0.4444444444444444
Ssa_SK36,S. sanguinis,SSA_RS07610,0.49433962264150944,0.40636257477534243,0.4477987421383648
Ssa_SK36,S. sanguinis,SSA_RS07615,0.5122985581000848,0.3777447592450545,0.4775233248515691
Ssa_SK36,S. sanguinis,SSA_RS07620,0.4892703862660944,0.35521893970379986,0.45779685264663805
Ssa_SK36,S. sanguinis,SSA_RS07625,0.5083333333333333,0.30961941348564753,0.41388888888888886
Ssa_SK36,S. sanguinis,SSA_RS07630,0.5093632958801498,0.3647451004410227,0.46441947565543074
Ssa_SK36,S. sanguinis,SSA_RS07635,0.5044444444444445,0.35082772878056606,0.44962962962962966
Ssa_SK36,S. sanguinis,SSA_RS07640,0.45726495726495725,0.4637105078373258,0.45584045584045585
Ssa_SK36,S. sanguinis,SSA_RS07645,0.4251968503937008,0.45370386813001845,0.4330708661417323
Ssa_SK36,S. sanguinis,SSA_RS07650,0.41697416974169743,0.43285410257808166,0.4071340713407134
Ssa_SK36,S. sanguinis,SSA_RS07655,0.4845814977973568,0.3755738811321942,0.4581497797356828
Ssa_SK36,S. sanguinis,SSA_RS07660,0.44545454545454544,0.35030952572356006,0.4257575757575758
Ssa_SK36,S. sanguinis,SSA_RS07665,0.42857142857142855,0.4339412560353626,0.38847117794486213
Ssa_SK36,S. sanguinis,SSA_RS07670,0.49074074074074076,0.5154139944179372,0.4742798353909465
Ssa_SK36,S. sanguinis,SSA_RS07675,0.3674418604651163,0.359864018875782,0.4015503875968992
Ssa_SK36,S. sanguinis,SSA_RS07680,0.36645962732919257,0.4461184510326295,0.36853002070393376
Ssa_SK36,S. sanguinis,SSA_RS07685,0.46938775510204084,0.3405679589297071,0.4436885865457294
Ssa_SK36,S. sanguinis,SSA_RS07690,0.5015015015015015,0.3640736886117255,0.46346346346346345
Ssa_SK36,S. sanguinis,SSA_RS07695,0.408955223880597,0.4473956173080001,0.43084577114427863
Ssa_SK36,S. sanguinis,SSA_RS07700,0.49584487534626037,0.441954790312542,0.4616805170821791
Ssa_SK36,S. sanguinis,SSA_RS07705,0.4813753581661891,0.3588509825392252,0.46513849092645654
Ssa_SK36,S. sanguinis,SSA_RS07710,0.5436507936507936,0.33735087415455467,0.4695767195767196
Ssa_SK36,S. sanguinis,SSA_RS07715,0.49271137026239065,0.4103216621239511,0.4363459669582119
Ssa_SK36,S. sanguinis,SSA_RS07720,0.4675324675324675,0.346054162072777,0.44733044733044736
Ssa_SK36,S. sanguinis,SSA_RS07725,0.4642857142857143,0.30564860085963313,0.47023809523809523
Ssa_SK36,S. sanguinis,SSA_RS07730,0.3811188811188811,0.393146950964705,0.46503496503496505
Ssa_SK36,S. sanguinis,SSA_RS07735,0.38571428571428573,0.4415137968116688,0.4396825396825397
Ssa_SK36,S. sanguinis,SSA_RS07740,0.5231788079470199,0.3588050421712395,0.4878587196467991
Ssa_SK36,S. sanguinis,SSA_RS07745,0.5371024734982333,0.29987590962097055,0.4958775029446408
Ssa_SK36,S. sanguinis,SSA_RS07750,0.4900881057268722,0.3348268030627216,0.45851688693098386
Ssa_SK36,S. sanguinis,SSA_RS07755,0.5,0.3509594150288188,0.47150997150997154
Ssa_SK36,S. sanguinis,SSA_RS07760,0.44385026737967914,0.33719083276427564,0.39928698752228164
Ssa_SK36,S. sanguinis,SSA_RS07765,0.4685212298682284,0.39667976160584495,0.4612005856515373
Ssa_SK36,S. sanguinis,SSA_RS07770,0.44525547445255476,0.36526858957250447,0.4282238442822384
Ssa_SK36,S. sanguinis,SSA_RS07775,0.418018018018018,0.41486226088320405,0.44384384384384384
Ssa_SK36,S. sanguinis,SSA_RS07780,0.45942028985507244,0.423365671148415,0.4178743961352657
Ssa_SK36,S. sanguinis,SSA_RS07785,0.5069444444444444,0.3886282177200909,0.4861111111111111
Ssa_SK36,S. sanguinis,SSA_RS07790,0.271875,0.39382197212274994,0.3260416666666667
Ssa_SK36,S. sanguinis,SSA_RS07795,0.29721362229102166,0.36734962703625423,0.3539731682146543
Ssa_SK36,S. sanguinis,SSA_RS07800,0.26666666666666666,0.42878298266060727,0.3111111111111111
Ssa_SK36,S. sanguinis,SSA_RS07810,0.2953846153846154,0.3959270908138292,0.3261538461538461
Ssa_SK36,S. sanguinis,SSA_RS07815,0.6538461538461539,0.3177962545564969,0.5170940170940171
Ssa_SK36,S. sanguinis,SSA_RS07820,0.5517241379310345,0.3391617925714121,0.4836100468284376
Ssa_SK36,S. sanguinis,SSA_RS07825,0.25961538461538464,0.31556129818134576,0.3301282051282051
Ssa_SK36,S. sanguinis,SSA_RS11805,0.48877805486284287,0.28973151078085885,0.4763092269326683
Ssa_SK36,S. sanguinis,SSA_RS11810,0.4321608040201005,0.296286509210035,0.4723618090452261
Ssa_SK36,S. sanguinis,SSA_RS07850,0.509090909090909,0.29829769904691045,0.5054545454545455
Ssa_SK36,S. sanguinis,SSA_RS07855,0.4012738853503185,0.39655649684478095,0.4267515923566879
Ssa_SK36,S. sanguinis,SSA_RS07865,0.423841059602649,0.336240632450524,0.4337748344370861
Ssa_SK36,S. sanguinis,SSA_RS07870,0.57,0.36748876573980865,0.47333333333333333
Ssa_SK36,S. sanguinis,SSA_RS07875,0.48872180451127817,0.339901930498735,0.44360902255639095
Ssa_SK36,S. sanguinis,SSA_RS07880,0.5240963855421686,0.3938286844582556,0.463855421686747
Ssa_SK36,S. sanguinis,SSA_RS07890,0.4789473684210526,0.37068986713406077,0.443859649122807
Ssa_SK36,S. sanguinis,SSA_RS07895,0.39622641509433965,0.47545935333715267,0.49326145552560646
Ssa_SK36,S. sanguinis,SSA_RS07900,0.4909090909090909,0.32623843505156935,0.4717171717171717
Ssa_SK36,S. sanguinis,SSA_RS07910,0.5403508771929825,0.41849937944182714,0.48771929824561405
Ssa_SK36,S. sanguinis,SSA_RS07915,0.41935483870967744,0.5018325585185335,0.45161290322580644
Ssa_SK36,S. sanguinis,SSA_RS07920,0.4297520661157025,0.4403879787364572,0.4669421487603306
Ssa_SK36,S. sanguinis,SSA_RS07925,0.5454545454545454,0.35804827056929484,0.4641873278236915
Ssa_SK36,S. sanguinis,SSA_RS07930,0.3,0.7721594140532381,0.4246376811594203
Ssa_SK36,S. sanguinis,SSA_RS07935,0.29577464788732394,0.7371549264064375,0.431924882629108
Ssa_SK36,S. sanguinis,SSA_RS07940,0.5172413793103449,0.34195827236101733,0.3879310344827586
Ssa_SK36,S. sanguinis,SSA_RS07945,0.5426356589147286,0.3280312140589644,0.4909560723514212
Ssa_SK36,S. sanguinis,SSA_RS07950,0.48891786179921776,0.36668341368104207,0.4815297696653629
Ssa_SK36,S. sanguinis,SSA_RS07960,0.4642857142857143,0.3275948769293758,0.4738095238095238
Ssa_SK36,S. sanguinis,SSA_RS07965,0.4725274725274725,0.47332740763527636,0.442002442002442
Ssa_SK36,S. sanguinis,SSA_RS07975,0.33783783783783783,0.3584891186462456,0.39864864864864863
Ssa_SK36,S. sanguinis,SSA_RS07980,0.30416666666666664,0.4344127184831705,0.39305555555555555
Ssa_SK36,S. sanguinis,SSA_RS07985,0.3,0.3892006342440396,0.3909722222222222
Ssa_SK36,S. sanguinis,SSA_RS07990,0.33880903490759756,0.38043973716274926,0.40451745379876797
Ssa_SK36,S. sanguinis,SSA_RS07995,0.35043988269794724,0.37125090543570927,0.39589442815249265
Ssa_SK36,S. sanguinis,SSA_RS08000,0.5758754863813229,0.35173224350612825,0.5006485084306096
Ssa_SK36,S. sanguinis,SSA_RS08005,0.4368932038834951,0.39622109988938065,0.40129449838187703
Ssa_SK36,S. sanguinis,SSA_RS08010,0.4805194805194805,0.40536596126548874,0.47474747474747475
Ssa_SK36,S. sanguinis,SSA_RS08015,0.44680851063829785,0.35729293517324084,0.46099290780141844
Ssa_SK36,S. sanguinis,SSA_RS08020,0.483695652173913,0.3947212368900859,0.45471014492753625
Ssa_SK36,S. sanguinis,SSA_RS08025,0.45,0.4131108931342037,0.463768115942029
Ssa_SK36,S. sanguinis,SSA_RS08030,0.43018867924528303,0.42876600250476743,0.4075471698113208
Ssa_SK36,S. sanguinis,SSA_RS08035,0.49282296650717705,0.35139159123128033,0.42902711323763953
Ssa_SK36,S. sanguinis,SSA_RS08040,0.48,0.40460898862946487,0.47333333333333333
Ssa_SK36,S. sanguinis,SSA_RS08045,0.39655172413793105,0.46524769452674053,0.3793103448275862
Ssa_SK36,S. sanguinis,SSA_RS08050,0.47580645161290325,0.3836281152860986,0.46236559139784944
Ssa_SK36,S. sanguinis,SSA_RS08055,0.4617737003058104,0.3602899784683241,0.43017329255861364
Ssa_SK36,S. sanguinis,SSA_RS08060,0.5407725321888412,0.3610966758242886,0.5021459227467812
Ssa_SK36,S. sanguinis,SSA_RS08070,0.4774193548387097,0.37887568860718274,0.44946236559139785
Ssa_SK36,S. sanguinis,SSA_RS08075,0.2772585669781931,0.3918484624882611,0.3364485981308411
Ssa_SK36,S. sanguinis,SSA_RS08080,0.47183098591549294,0.3268832246165675,0.4835680751173709
Ssa_SK36,S. sanguinis,SSA_RS08085,0.41543026706231456,0.37440810672524777,0.42631058358061324
Ssa_SK36,S. sanguinis,SSA_RS08095,0.5224839400428265,0.365240255681474,0.4739471805852962
Ssa_SK36,S. sanguinis,SSA_RS08100,0.36199095022624433,0.37550021220984237,0.36852689793866267
Ssa_SK36,S. sanguinis,SSA_RS08105,0.5669291338582677,0.3243855997178593,0.489501312335958
Ssa_SK36,S. sanguinis,SSA_RS08110,0.39141414141414144,0.43139917081303475,0.4537037037037037
Ssa_SK36,S. sanguinis,SSA_RS08115,0.39285714285714285,0.47404020759306315,0.43915343915343913
Ssa_SK36,S. sanguinis,SSA_RS08120,0.5546558704453441,0.3442835979710932,0.45479082321187586
Ssa_SK36,S. sanguinis,SSA_RS08125,0.4223300970873786,0.4313377224874822,0.4546925566343042
Ssa_SK36,S. sanguinis,SSA_RS08135,0.4369747899159664,0.4066311207588452,0.4481792717086835
Ssa_SK36,S. sanguinis,SSA_RS08140,0.47413793103448276,0.42488869351032826,0.4511494252873563
Ssa_SK36,S. sanguinis,SSA_RS08145,0.47058823529411764,0.3562674388033602,0.41830065359477125
Ssa_SK36,S. sanguinis,SSA_RS08150,0.4559748427672956,0.39598430602868595,0.42348008385744235
Ssa_SK36,S. sanguinis,SSA_RS08160,0.5394736842105263,0.33942648134419273,0.4517543859649123
Ssa_SK36,S. sanguinis,SSA_RS08165,0.48226950354609927,0.3451817759327945,0.4302600472813239
Ssa_SK36,S. sanguinis,SSA_RS08170,0.49480968858131485,0.31168384936885374,0.47635524798154555
Ssa_SK36,S. sanguinis,SSA_RS08175,0.48875562218890556,0.3561279565093526,0.4367816091954023
Ssa_SK36,S. sanguinis,SSA_RS08180,0.5653846153846154,0.3316924233831368,0.4846153846153846
Ssa_SK36,S. sanguinis,SSA_RS08185,0.5317460317460317,0.35654678180529426,0.4576719576719577
Ssa_SK36,S. sanguinis,SSA_RS08190,0.4881889763779528,0.3219602249178126,0.4540682414698163
Ssa_SK36,S. sanguinis,SSA_RS08195,0.5107033639143731,0.37794080705234,0.44036697247706424
Ssa_SK36,S. sanguinis,SSA_RS08200,0.5589519650655022,0.3595991537349518,0.4570596797671033
Ssa_SK36,S. sanguinis,SSA_RS08205,0.5382716049382716,0.3718287848695841,0.4666666666666667
Ssa_SK36,S. sanguinis,SSA_RS08210,0.5263157894736842,0.378769730980078,0.4502923976608187
Ssa_SK36,S. sanguinis,SSA_RS08215,0.2727272727272727,0.5059186620215259,0.36185383244206776
Ssa_SK36,S. sanguinis,SSA_RS08220,0.3806818181818182,0.38334037786598923,0.3693181818181818
Ssa_SK36,S. sanguinis,SSA_RS08230,0.4157782515991471,0.47215979695250965,0.42786069651741293
Ssa_SK36,S. sanguinis,SSA_RS08235,0.4358523725834798,0.49566340345033255,0.45284124194493264
Ssa_SK36,S. sanguinis,SSA_RS08240,0.42452830188679247,0.4212208432637969,0.44339622641509435
Ssa_SK36,S. sanguinis,SSA_RS08245,0.4748201438848921,0.35278916768724833,0.43285371702637887
Ssa_SK36,S. sanguinis,SSA_RS08250,0.4434250764525994,0.5366447176140402,0.4597349643221203
Ssa_SK36,S. sanguinis,SSA_RS08255,0.35161290322580646,0.43742314488691664,0.4172043010752688
Ssa_SK36,S. sanguinis,SSA_RS08260,0.29069767441860467,0.6485810122545296,0.39147286821705424
Ssa_SK36,S. sanguinis,SSA_RS08265,0.4295774647887324,0.48035694448502675,0.45774647887323944
Ssa_SK36,S. sanguinis,SSA_RS08270,0.5,0.3267201407562237,0.44576719576719576
Ssa_SK36,S. sanguinis,SSA_RS08275,0.24881516587677724,0.3908719231870151,0.32701421800947866
Ssa_SK36,S. sanguinis,SSA_RS08280,0.4662668665667166,0.47274439888769415,0.4592703648175912
Ssa_SK36,S. sanguinis,SSA_RS08285,0.47393364928909953,0.3799664939771367,0.4312796208530806
Ssa_SK36,S. sanguinis,SSA_RS08290,0.45394736842105265,0.4098339549536695,0.40789473684210525
Ssa_SK36,S. sanguinis,SSA_RS08295,0.5108695652173914,0.4521958437241075,0.4867149758454106
Ssa_SK36,S. sanguinis,SSA_RS08300,0.3875968992248062,0.40584273228422146,0.4315245478036176
Ssa_SK36,S. sanguinis,SSA_RS08305,0.4090909090909091,0.4284924925812674,0.3956228956228956
Ssa_SK36,S. sanguinis,SSA_RS08310,0.46190476190476193,0.3966072978711008,0.4793650793650794
Ssa_SK36,S. sanguinis,SSA_RS08315,0.4830508474576271,0.36037878701610543,0.4463276836158192
Ssa_SK36,S. sanguinis,SSA_RS08320,0.45918367346938777,0.38969881106410736,0.46258503401360546
Ssa_SK36,S. sanguinis,SSA_RS08325,0.4835164835164835,0.38225363433412646,0.4633699633699634
Ssa_SK36,S. sanguinis,SSA_RS08330,0.2912621359223301,0.43819648288558155,0.35490830636461707
Ssa_SK36,S. sanguinis,SSA_RS08335,0.1751412429378531,0.3611716012303181,0.3013182674199623
Ssa_SK36,S. sanguinis,SSA_RS08340,0.3283582089552239,0.40155672603478487,0.3718905472636816
Ssa_SK36,S. sanguinis,SSA_RS08345,0.3310104529616725,0.3469290885396468,0.37282229965156793
Ssa_SK36,S. sanguinis,SSA_RS08350,0.4482758620689655,0.35076917792855306,0.46436781609195404
Ssa_SK36,S. sanguinis,SSA_RS08355,0.5471698113207547,0.3420201137087016,0.44654088050314467
Ssa_SK36,S. sanguinis,SSA_RS08360,0.468013468013468,0.32786990193610943,0.4489337822671156
Ssa_SK36,S. sanguinis,SSA_RS08365,0.5164319248826291,0.339171649920758,0.5039123630672926
Ssa_SK36,S. sanguinis,SSA_RS08370,0.4831081081081081,0.36552107037563625,0.4346846846846847
Ssa_SK36,S. sanguinis,SSA_RS08375,0.4383561643835616,0.4085318410755851,0.4353120243531202
Ssa_SK36,S. sanguinis,SSA_RS08380,0.4008438818565401,0.46032595867887294,0.45850914205344584
Ssa_SK36,S. sanguinis,SSA_RS08385,0.4666666666666667,0.3981840846936019,0.45751633986928103
Ssa_SK36,S. sanguinis,SSA_RS08390,0.44339622641509435,0.40645095451694907,0.4392033542976939
Ssa_SK36,S. sanguinis,SSA_RS08395,0.4482758620689655,0.37731827172665483,0.43908045977011495
Ssa_SK36,S. sanguinis,SSA_RS08400,0.3152454780361757,0.585863957179101,0.4151593453919035
Ssa_SK36,S. sanguinis,SSA_RS08410,0.4320388349514563,0.41150726047995045,0.4336569579288026
Ssa_SK36,S. sanguinis,SSA_RS08415,0.3476190476190476,0.532028273321001,0.4380952380952381
Ssa_SK36,S. sanguinis,SSA_RS08420,0.47237880496054113,0.3994667829737525,0.45020668921458096
Ssa_SK36,S. sanguinis,SSA_RS08425,0.27450980392156865,0.3874234192817956,0.35784313725490197
Ssa_SK36,S. sanguinis,SSA_RS08430,0.442159383033419,0.35034748937392896,0.455012853470437
Ssa_SK36,S. sanguinis,SSA_RS08435,0.4170984455958549,0.3669663716898606,0.45595854922279794
Ssa_SK36,S. sanguinis,SSA_RS08440,0.5027624309392266,0.36593356245753306,0.4585635359116022
Ssa_SK36,S. sanguinis,SSA_RS08445,0.49377593360995853,0.3797671151278976,0.46265560165975106
Ssa_SK36,S. sanguinis,SSA_RS08450,0.5375494071146245,0.3540991520772864,0.44664031620553357
Ssa_SK36,S. sanguinis,SSA_RS08455,0.5458015267175572,0.3285277742905715,0.4872773536895674
Ssa_SK36,S. sanguinis,SSA_RS08460,0.4166666666666667,0.44474222114615247,0.4081196581196581
Ssa_SK36,S. sanguinis,SSA_RS08470,0.4925373134328358,0.31103409876099647,0.4666666666666667
Ssa_SK36,S. sanguinis,SSA_RS08480,0.573394495412844,0.3165727005324005,0.45718654434250766
Ssa_SK36,S. sanguinis,SSA_RS08485,0.38011695906432746,0.3890166062301184,0.41325536062378165
Ssa_SK36,S. sanguinis,SSA_RS08490,0.3814102564102564,0.5772361012095371,0.44017094017094016
Ssa_SK36,S. sanguinis,SSA_RS08495,0.5111111111111111,0.3816681506523909,0.45925925925925926
Ssa_SK36,S. sanguinis,SSA_RS08500,0.42133333333333334,0.39146092416386347,0.4657777777777778
Ssa_SK36,S. sanguinis,SSA_RS08505,0.4963235294117647,0.38133363303552076,0.46262254901960786
Ssa_SK36,S. sanguinis,SSA_RS08510,0.3858858858858859,0.4638541024617331,0.44744744744744747
Ssa_SK36,S. sanguinis,SSA_RS08515,0.5378151260504201,0.36620979810050536,0.4495798319327731
Ssa_SK36,S. sanguinis,SSA_RS08520,0.2894736842105263,0.29979952250609354,0.3304093567251462
Ssa_SK36,S. sanguinis,SSA_RS08530,0.3564356435643564,0.37806252311836197,0.4158415841584158
Ssa_SK36,S. sanguinis,SSA_RS08535,0.30049261083743845,0.362225732398019,0.38587848932676516
Ssa_SK36,S. sanguinis,SSA_RS08540,0.23645320197044334,0.39657687758374316,0.3333333333333333
Ssa_SK36,S. sanguinis,SSA_RS08550,0.5011185682326622,0.36064351128549577,0.4429530201342282
Ssa_SK36,S. sanguinis,SSA_RS08555,0.5626666666666666,0.3312517262817785,0.4275555555555556
Ssa_SK36,S. sanguinis,SSA_RS08560,0.5169811320754717,0.33760714022064986,0.4880503144654088
Ssa_SK36,S. sanguinis,SSA_RS08565,0.581573896353167,0.31797399874920285,0.45873320537428025
Ssa_SK36,S. sanguinis,SSA_RS08570,0.344,0.3946392287363239,0.352
Ssa_SK36,S. sanguinis,SSA_RS08575,0.2,0.4074663137464396,0.30980392156862746
Ssa_SK36,S. sanguinis,SSA_RS08585,0.22641509433962265,0.3526702909353485,0.3218029350104822
Ssa_SK36,S. sanguinis,SSA_RS08590,0.2864321608040201,0.37257049821857585,0.3249581239530988
Ssa_SK36,S. sanguinis,SSA_RS08595,0.5652173913043478,0.3461985906208943,0.5
Ssa_SK36,S. sanguinis,SSA_RS08600,0.5443037974683544,0.33922383080621804,0.49156118143459915
Ssa_SK36,S. sanguinis,SSA_RS08605,0.5145631067961165,0.3357368513487315,0.511326860841424
Ssa_SK36,S. sanguinis,SSA_RS08610,0.543778801843318,0.3253179067657208,0.45161290322580644
Ssa_SK36,S. sanguinis,SSA_RS08615,0.3924731182795699,0.28921413483450975,0.37992831541218636
Ssa_SK36,S. sanguinis,SSA_RS08620,0.49404761904761907,0.3682545379074359,0.44841269841269843
Ssa_SK36,S. sanguinis,SSA_RS08625,0.5133333333333333,0.40630115927070426,0.45185185185185184
Ssa_SK36,S. sanguinis,SSA_RS08630,0.56875,0.3273212864267592,0.47291666666666665
Ssa_SK36,S. sanguinis,SSA_RS08640,0.5596707818930041,0.33117792769910787,0.4993141289437586
Ssa_SK36,S. sanguinis,SSA_RS08645,0.5052631578947369,0.31226946275771833,0.47017543859649125
Ssa_SK36,S. sanguinis,SSA_RS08650,0.5358649789029536,0.3338875282253246,0.4472573839662447
Ssa_SK36,S. sanguinis,SSA_RS08655,0.5204918032786885,0.3148508774033211,0.4453551912568306
Ssa_SK36,S. sanguinis,SSA_RS08660,0.5064935064935064,0.4279784335690253,0.43073593073593075
Ssa_SK36,S. sanguinis,SSA_RS08665,0.47701149425287354,0.3850481781562857,0.4559386973180077
Ssa_SK36,S. sanguinis,SSA_RS08670,0.5253731343283582,0.3748810686763944,0.4736318407960199
Ssa_SK36,S. sanguinis,SSA_RS08675,0.5169811320754717,0.32482216913053763,0.49433962264150944
Ssa_SK36,S. sanguinis,SSA_RS08685,0.460431654676259,0.3818229541894986,0.46682653876898483
Ssa_SK36,S. sanguinis,SSA_RS08690,0.4692982456140351,0.4285144654765172,0.42105263157894735
Ssa_SK36,S. sanguinis,SSA_RS08695,0.5121951219512195,0.32703803071656506,0.45934959349593496
Ssa_SK36,S. sanguinis,SSA_RS08700,0.3967611336032389,0.3555352756101792,0.43724696356275305
Ssa_SK36,S. sanguinis,SSA_RS08710,0.4837662337662338,0.43440939402788903,0.45346320346320346
Ssa_SK36,S. sanguinis,SSA_RS08715,0.49271844660194175,0.36597035380957704,0.4279935275080906
Ssa_SK36,S. sanguinis,SSA_RS08720,0.5512820512820513,0.36546259939007464,0.4843304843304843
Ssa_SK36,S. sanguinis,SSA_RS08725,0.5024154589371981,0.31050738312369536,0.463768115942029
Ssa_SK36,S. sanguinis,SSA_RS08730,0.37267080745341613,0.4969930248591413,0.43478260869565216
Ssa_SK36,S. sanguinis,SSA_RS08735,0.436,0.40172213673869556,0.44266666666666665
Ssa_SK36,S. sanguinis,SSA_RS08740,0.43023255813953487,0.44803658581634576,0.4437984496124031
Ssa_SK36,S. sanguinis,SSA_RS08745,0.4093567251461988,0.3318897290800181,0.4678362573099415
Ssa_SK36,S. sanguinis,SSA_RS08750,0.49887640449438203,0.39778948793410296,0.46292134831460674
Ssa_SK36,S. sanguinis,SSA_RS08755,0.48868778280542985,0.34955500908307,0.4494720965309201
Ssa_SK36,S. sanguinis,SSA_RS08760,0.4951644100580271,0.3612032365098557,0.45390070921985815
Ssa_SK36,S. sanguinis,SSA_RS08765,0.505720823798627,0.384587762135562,0.4683447749809306
Ssa_SK36,S. sanguinis,SSA_RS08770,0.41841004184100417,0.37559375044812554,0.4630404463040446
Ssa_SK36,S. sanguinis,SSA_RS08775,0.5633333333333334,0.3383929302424466,0.4822222222222222
Ssa_SK36,S. sanguinis,SSA_RS08780,0.22531645569620254,0.42411558551373835,0.30632911392405066
Ssa_SK36,S. sanguinis,SSA_RS08785,0.47468354430379744,0.32684067177151405,0.4578059071729958
Ssa_SK36,S. sanguinis,SSA_RS08790,0.43014705882352944,0.38735504503394624,0.4534313725490196
Ssa_SK36,S. sanguinis,SSA_RS08795,0.3652530779753762,0.621518912063865,0.4322845417236662
Ssa_SK36,S. sanguinis,SSA_RS08800,0.4782608695652174,0.3852096610137578,0.45507246376811594
Ssa_SK36,S. sanguinis,SSA_RS08805,0.4168421052631579,0.5472294247720549,0.45263157894736844
Ssa_SK36,S. sanguinis,SSA_RS08810,0.21271393643031786,0.3429504322279354,0.2982885085574572
Ssa_SK36,S. sanguinis,SSA_RS08815,0.2806451612903226,0.3686756676863277,0.3064516129032258
Ssa_SK36,S. sanguinis,SSA_RS08820,0.28634361233480177,0.3738185231672712,0.32599118942731276
Ssa_SK36,S. sanguinis,SSA_RS08825,0.26129032258064516,0.43886751099236887,0.32150537634408605
Ssa_SK36,S. sanguinis,SSA_RS08830,0.27105666156202146,0.3700871347902946,0.34252169474221544
Ssa_SK36,S. sanguinis,SSA_RS08835,0.2636871508379888,0.3729494647044898,0.33482309124767223
Ssa_SK36,S. sanguinis,SSA_RS08840,0.3049645390070922,0.30744126265681365,0.37115839243498816
Ssa_SK36,S. sanguinis,SSA_RS08845,0.5458663646659117,0.46952783862205866,0.49112872782181954
Ssa_SK36,S. sanguinis,SSA_RS08850,0.24281150159744408,0.33683647387648613,0.24387646432374868
Ssa_SK36,S. sanguinis,SSA_RS08855,0.44148936170212766,0.3149371015450936,0.48404255319148937
Ssa_SK36,S. sanguinis,SSA_RS08865,0.5462555066079295,0.3244558451961564,0.4911894273127753
Ssa_SK36,S. sanguinis,SSA_RS08875,0.49789915966386555,0.37045574485963617,0.43137254901960786
Ssa_SK36,S. sanguinis,SSA_RS08880,0.4433399602385686,0.506038350928952,0.45129224652087474
Ssa_SK36,S. sanguinis,SSA_RS08885,0.4794745484400657,0.46823602679412973,0.481663929939792
Ssa_SK36,S. sanguinis,SSA_RS08890,0.425531914893617,0.4353742519467737,0.48226950354609927
Ssa_SK36,S. sanguinis,SSA_RS08895,0.5689277899343544,0.3108324638092737,0.4865061998541211
Ssa_SK36,S. sanguinis,SSA_RS08900,0.4671814671814672,0.40543796062239273,0.462033462033462
Ssa_SK36,S. sanguinis,SSA_RS08905,0.44787644787644787,0.44245928322243405,0.38996138996138996
Ssa_SK36,S. sanguinis,SSA_RS08910,0.3539325842696629,0.4388344112918615,0.3782771535580524
Ssa_SK36,S. sanguinis,SSA_RS08915,0.46226415094339623,0.44079866927245104,0.3836477987421384
Ssa_SK36,S. sanguinis,SSA_RS08990,0.39779005524861877,0.47020014295223916,0.4106813996316759
Ssa_SK36,S. sanguinis,SSA_RS08995,0.34684684684684686,0.41031898266114913,0.3813813813813814
Ssa_SK36,S. sanguinis,SSA_RS09000,0.3695150115473441,0.33339438320901227,0.4257120862201694
Ssa_SK36,S. sanguinis,SSA_RS09005,0.38388625592417064,0.4115307399240183,0.42496050552922593
Ssa_SK36,S. sanguinis,SSA_RS09010,0.38387096774193546,0.48355123012931384,0.47419354838709676
Ssa_SK36,S. sanguinis,SSA_RS09015,0.38016528925619836,0.4213308002139777,0.4022038567493113
Ssa_SK36,S. sanguinis,SSA_RS09020,0.4004282655246253,0.40411703179554204,0.44967880085653106
Ssa_SK36,S. sanguinis,SSA_RS09025,0.46445497630331756,0.3873865323813334,0.4391785150078989
Ssa_SK36,S. sanguinis,SSA_RS09030,0.45294117647058824,0.34851085536070386,0.4303921568627451
Ssa_SK36,S. sanguinis,SSA_RS09035,0.4870689655172414,0.3317183092818514,0.4051724137931034
Ssa_SK36,S. sanguinis,SSA_RS09040,0.4336569579288026,0.4044298717465241,0.459546925566343
Ssa_SK36,S. sanguinis,SSA_RS09045,0.42105263157894735,0.47428262657201914,0.4399460188933873
Ssa_SK36,S. sanguinis,SSA_RS09050,0.44874715261959,0.35207540712133767,0.4419134396355353
Ssa_SK36,S. sanguinis,SSA_RS09055,0.47435897435897434,0.35089600495587925,0.4775641025641026
Ssa_SK36,S. sanguinis,SSA_RS09060,0.4861809045226131,0.3268219452844732,0.47822445561139026
Ssa_SK36,S. sanguinis,SSA_RS09065,0.38095238095238093,0.5062679649405079,0.44761904761904764
Ssa_SK36,S. sanguinis,SSA_RS09070,0.45023696682464454,0.37358290409640055,0.46445497630331756
Ssa_SK36,S. sanguinis,SSA_RS09075,0.42379182156133827,0.4306277922482612,0.45848822800495664
Ssa_SK36,S. sanguinis,SSA_RS09080,0.484472049689441,0.4808232805478745,0.46790890269151136
Ssa_SK36,S. sanguinis,SSA_RS09085,0.4049586776859504,0.4323972619689408,0.45385674931129477
Ssa_SK36,S. sanguinis,SSA_RS09090,0.41818181818181815,0.3724924757605948,0.4536796536796537
Ssa_SK36,S. sanguinis,SSA_RS09100,0.4132231404958678,0.459480865255524,0.42699724517906334
Ssa_SK36,S. sanguinis,SSA_RS09105,0.36363636363636365,0.42360555864184474,0.3560606060606061
Ssa_SK36,S. sanguinis,SSA_RS09110,0.46766169154228854,0.3094178089107686,0.41956882255389716
Ssa_SK36,S. sanguinis,SSA_RS09115,0.4635854341736695,0.43304093703811664,0.45284780578898226
Ssa_SK36,S. sanguinis,SSA_RS09120,0.47415730337078654,0.3820649492780431,0.45617977528089887
Ssa_SK36,S. sanguinis,SSA_RS09125,0.40106951871657753,0.40365394214579237,0.43493761140819964
Ssa_SK36,S. sanguinis,SSA_RS09130,0.4581818181818182,0.4369223428979546,0.48
Ssa_SK36,S. sanguinis,SSA_RS09135,0.45585215605749485,0.3945516956875069,0.44284736481861736
Ssa_SK36,S. sanguinis,SSA_RS09140,0.43934426229508194,0.41358437825226496,0.48633879781420764
Ssa_SK36,S. sanguinis,SSA_RS09150,0.43548387096774194,0.3500188385182746,0.44086021505376344
Ssa_SK36,S. sanguinis,SSA_RS09155,0.4777777777777778,0.36739733725747353,0.4567901234567901
Ssa_SK36,S. sanguinis,SSA_RS09160,0.5401785714285714,0.32851452396864433,0.484375
Ssa_SK36,S. sanguinis,SSA_RS09165,0.5579268292682927,0.38998632038041153,0.4654471544715447
Ssa_SK36,S. sanguinis,SSA_RS09170,0.4888597640891219,0.3514846534542835,0.4534731323722149
Ssa_SK36,S. sanguinis,SSA_RS09175,0.5092592592592593,0.29400977944810824,0.4444444444444444
Ssa_SK36,S. sanguinis,SSA_RS09180,0.48264984227129337,0.3679848295215543,0.47318611987381703
Ssa_SK36,S. sanguinis,SSA_RS09190,0.3898305084745763,0.42931418296600526,0.3860640301318267
Ssa_SK36,S. sanguinis,SSA_RS09195,0.39779005524861877,0.37977220799968114,0.4162062615101289
Ssa_SK36,S. sanguinis,SSA_RS09205,0.4970588235294118,0.43001110030866285,0.4823529411764706
Ssa_SK36,S. sanguinis,SSA_RS09210,0.5196078431372549,0.39582180267183953,0.49782135076252726
Ssa_SK36,S. sanguinis,SSA_RS09215,0.4094488188976378,0.3841601846029895,0.39501312335958005
Ssa_SK36,S. sanguinis,SSA_RS09220,0.44790975447909753,0.40222470394598664,0.4793187347931874
Ssa_SK36,S. sanguinis,SSA_RS09225,0.18518518518518517,0.4262477613134047,0.2825788751714678
Ssa_SK36,S. sanguinis,SSA_RS09230,0.20909090909090908,0.38410744437338296,0.30454545454545456
Ssa_SK36,S. sanguinis,SSA_RS09235,0.19073083778966132,0.40543036531698173,0.2727272727272727
Ssa_SK36,S. sanguinis,SSA_RS09240,0.16987179487179488,0.4286824275202362,0.2638888888888889
Ssa_SK36,S. sanguinis,SSA_RS09245,0.541501976284585,0.3345235908625999,0.48616600790513836
Ssa_SK36,S. sanguinis,SSA_RS09250,0.47019867549668876,0.2987204910425452,0.44150110375275936
Ssa_SK36,S. sanguinis,SSA_RS09255,0.549645390070922,0.3448369752372465,0.5189125295508275
Ssa_SK36,S. sanguinis,SSA_RS09265,0.4791666666666667,0.3936158980928469,0.4869791666666667
Ssa_SK36,S. sanguinis,SSA_RS09270,0.6068376068376068,0.363888729710341,0.4672364672364672
Ssa_SK36,S. sanguinis,SSA_RS09275,0.42320085929108486,0.4708393067362666,0.4833512352309345
Ssa_SK36,S. sanguinis,SSA_RS09290,0.43914081145584727,0.4669496697377849,0.46857597454256167
Ssa_SK36,S. sanguinis,SSA_RS09295,0.5153374233128835,0.3063480702275721,0.46421267893660534
Ssa_SK36,S. sanguinis,SSA_RS09300,0.5305164319248826,0.32151012172396387,0.4694835680751174
Ssa_SK36,S. sanguinis,SSA_RS09305,0.5358490566037736,0.33847112654935707,0.47547169811320755
Ssa_SK36,S. sanguinis,SSA_RS09310,0.4899713467048711,0.3273398882683709,0.44317096466093603
Ssa_SK36,S. sanguinis,SSA_RS09315,0.5204918032786885,0.3811936427941452,0.46311475409836067
Ssa_SK36,S. sanguinis,SSA_RS09320,0.39416058394160586,0.46256071880612526,0.44768856447688565
Ssa_SK36,S. sanguinis,SSA_RS09330,0.44552058111380144,0.3660484677929906,0.44713478611783697
Ssa_SK36,S. sanguinis,SSA_RS09335,0.3620689655172414,0.40385895740742733,0.41379310344827586
Ssa_SK36,S. sanguinis,SSA_RS09340,0.47619047619047616,0.34565388525727586,0.4671201814058957
Ssa_SK36,S. sanguinis,SSA_RS09345,0.4578059071729958,0.4116829728518274,0.4613220815752461
Ssa_SK36,S. sanguinis,SSA_RS09355,0.5166051660516605,0.4214520176175347,0.4403444034440344
Ssa_SK36,S. sanguinis,SSA_RS09360,0.37941176470588234,0.518716267275022,0.4774509803921569
Ssa_SK36,S. sanguinis,SSA_RS09365,0.4006024096385542,0.5766924275349762,0.46184738955823296
Ssa_SK36,S. sanguinis,SSA_RS09370,0.35687732342007433,0.588803308434789,0.4758364312267658
Ssa_SK36,S. sanguinis,SSA_RS09375,0.3630573248407643,0.610418854607408,0.42356687898089174
Ssa_SK36,S. sanguinis,SSA_RS09380,0.39669421487603307,0.43278531675510246,0.4049586776859504
Ssa_SK36,S. sanguinis,SSA_RS09385,0.33175355450236965,0.42623349694947993,0.41390205371248023
Ssa_SK36,S. sanguinis,SSA_RS09390,0.41968911917098445,0.41055500824851954,0.4058721934369603
Ssa_SK36,S. sanguinis,SSA_RS09395,0.478494623655914,0.3737906092626709,0.4229390681003584
Ssa_SK36,S. sanguinis,SSA_RS09400,0.43427230046948356,0.5262897834061661,0.460093896713615
Ssa_SK36,S. sanguinis,SSA_RS09405,0.47058823529411764,0.293368538219144,0.45206971677559915
Ssa_SK36,S. sanguinis,SSA_RS09410,0.4422535211267606,0.3544694292079468,0.4788732394366197
Ssa_SK36,S. sanguinis,SSA_RS09415,0.40437158469945356,0.4319688124119353,0.46083788706739526
Ssa_SK36,S. sanguinis,SSA_RS09420,0.4357976653696498,0.40868325522597004,0.4721141374837873
Ssa_SK36,S. sanguinis,SSA_RS09425,0.4166666666666667,0.4094523288883964,0.45601851851851855
Ssa_SK36,S. sanguinis,SSA_RS09430,0.43859649122807015,0.40224135050669757,0.472953216374269
Ssa_SK36,S. sanguinis,SSA_RS09435,0.41843971631205673,0.49265858697080295,0.4373522458628842
Ssa_SK36,S. sanguinis,SSA_RS09440,0.32515337423312884,0.4998198024996923,0.4539877300613497
Ssa_SK36,S. sanguinis,SSA_RS09445,0.35279805352798055,0.5102784404916227,0.4444444444444444
Ssa_SK36,S. sanguinis,SSA_RS09450,0.40408163265306124,0.41912716629847907,0.4557823129251701
Ssa_SK36,S. sanguinis,SSA_RS09455,0.3550488599348534,0.4336442009548605,0.4495114006514658
Ssa_SK36,S. sanguinis,SSA_RS09460,0.39692307692307693,0.4867930327516987,0.4676923076923077
Ssa_SK36,S. sanguinis,SSA_RS09470,0.36615384615384616,0.40347955958747755,0.4369230769230769
Ssa_SK36,S. sanguinis,SSA_RS09475,0.4689655172413793,0.2780520312182918,0.4206896551724138
Ssa_SK36,S. sanguinis,SSA_RS09480,0.3787878787878788,0.43326418132567424,0.43686868686868685
Ssa_SK36,S. sanguinis,SSA_RS09485,0.32537960954446854,0.47853578445089956,0.4150397686189443
Ssa_SK36,S. sanguinis,SSA_RS09515,0.36245954692556637,0.5017259576230719,0.4077669902912621
Ssa_SK36,S. sanguinis,SSA_RS09520,0.39325842696629215,0.47956927856105985,0.4344569288389513
Ssa_SK36,S. sanguinis,SSA_RS09525,0.4368932038834951,0.4683055149688492,0.4099244875943905
Ssa_SK36,S. sanguinis,SSA_RS09530,0.4088176352705411,0.4444803837616448,0.4141616566466266
Ssa_SK36,S. sanguinis,SSA_RS09535,0.3564954682779456,0.5476151007869756,0.41440080563947634
Ssa_SK36,S. sanguinis,SSA_RS09540,0.3942161339421613,0.47289418549631596,0.4287163876204972
Ssa_SK36,S. sanguinis,SSA_RS09545,0.38190184049079756,0.4979562283833891,0.4120654396728016
Ssa_SK36,S. sanguinis,SSA_RS09550,0.5119047619047619,0.40665332034841867,0.45634920634920634
Ssa_SK36,S. sanguinis,SSA_RS09555,0.4734607218683652,0.4015706098385309,0.45718329794762913
Ssa_SK36,S. sanguinis,SSA_RS09560,0.5205479452054794,0.34031495254267374,0.4863013698630137
Ssa_SK36,S. sanguinis,SSA_RS09565,0.5255474452554745,0.3276043711988788,0.49797242497972427
Ssa_SK36,S. sanguinis,SSA_RS09570,0.4679334916864608,0.46151634381300427,0.4655581947743468
Ssa_SK36,S. sanguinis,SSA_RS09575,0.4669260700389105,0.47788110039521664,0.45395590142671854
Ssa_SK36,S. sanguinis,SSA_RS09580,0.5012853470437018,0.34128975106105913,0.4541559554413025
Ssa_SK36,S. sanguinis,SSA_RS09585,0.4940239043824701,0.4052054051372667,0.44223107569721115
Ssa_SK36,S. sanguinis,SSA_RS09590,0.49466192170818507,0.38600972135651274,0.45077105575326215
Ssa_SK36,S. sanguinis,SSA_RS09595,0.48575949367088606,0.35544229527307303,0.46255274261603374
Ssa_SK36,S. sanguinis,SSA_RS09600,0.4827586206896552,0.42931427218345136,0.4540229885057471
Ssa_SK36,S. sanguinis,SSA_RS09605,0.562753036437247,0.38105903820435943,0.47638326585695007
Ssa_SK36,S. sanguinis,SSA_RS09615,0.45016077170418006,0.40895143690800895,0.4255091103965702
Ssa_SK36,S. sanguinis,SSA_RS09620,0.407673860911271,0.4325487749650012,0.4412470023980815
Ssa_SK36,S. sanguinis,SSA_RS09625,0.3313782991202346,0.6568482548068205,0.4310850439882698
Ssa_SK36,S. sanguinis,SSA_RS09630,0.44025157232704404,0.3466157870463858,0.4779874213836478
Ssa_SK36,S. sanguinis,SSA_RS09635,0.4532627865961199,0.4014647798850108,0.4626690182245738
Ssa_SK36,S. sanguinis,SSA_RS09640,0.42735042735042733,0.42874079514316626,0.36182336182336183
Ssa_SK36,S. sanguinis,SSA_RS09645,0.51,0.2965207214053985,0.4766666666666667
Ssa_SK36,S. sanguinis,SSA_RS09650,0.45231607629427795,0.32378323936623776,0.42779291553133514
Ssa_SK36,S. sanguinis,SSA_RS09655,0.4816326530612245,0.3700423785550937,0.4163265306122449
Ssa_SK36,S. sanguinis,SSA_RS09660,0.4691780821917808,0.3823448950988062,0.432648401826484
Ssa_SK36,S. sanguinis,SSA_RS09665,0.4039408866995074,0.428873877982731,0.4072249589490969
Ssa_SK36,S. sanguinis,SSA_RS09670,0.44324324324324327,0.49550730552021327,0.46306306306306305
Ssa_SK36,S. sanguinis,SSA_RS09675,0.36065573770491804,0.5115543368481326,0.39344262295081966
Ssa_SK36,S. sanguinis,SSA_RS09685,0.416289592760181,0.3980094339301084,0.416289592760181
Ssa_SK36,S. sanguinis,SSA_RS09690,0.47651006711409394,0.2933309892691748,0.41387024608501116
Ssa_SK36,S. sanguinis,SSA_RS11825,0.29914529914529914,0.40646950912474866,0.4239316239316239
Ssa_SK36,S. sanguinis,SSA_RS09705,0.40636042402826855,0.33493141423417266,0.5182567726737338
Ssa_SK36,S. sanguinis,SSA_RS09710,0.28730822873082285,0.40604543936522025,0.43235704323570434
Ssa_SK36,S. sanguinis,SSA_RS09720,0.3006535947712418,0.4601838789616424,0.3812636165577342
Ssa_SK36,S. sanguinis,SSA_RS09725,0.4580152671755725,0.3643179647658575,0.40076335877862596
Ssa_SK36,S. sanguinis,SSA_RS09730,0.5018315018315018,0.33427351636748315,0.4065934065934066
Ssa_SK36,S. sanguinis,SSA_RS09735,0.5105740181268882,0.3400102969255117,0.44511581067472306
Ssa_SK36,S. sanguinis,SSA_RS09740,0.3333333333333333,0.41426273931417323,0.39324618736383443
Ssa_SK36,S. sanguinis,SSA_RS09745,0.27743526510480887,0.42708307762925957,0.3929305384299219
Ssa_SK36,S. sanguinis,SSA_RS09750,0.35034013605442177,0.7960743643285645,0.4433106575963719
Ssa_SK36,S. sanguinis,SSA_RS09760,0.40145985401459855,0.42899068130549706,0.43552311435523117
Ssa_SK36,S. sanguinis,SSA_RS09765,0.49814126394052044,0.3522640367927779,0.49070631970260226
Ssa_SK36,S. sanguinis,SSA_RS09770,0.44541484716157204,0.32960880886927896,0.438136826783115
Ssa_SK36,S. sanguinis,SSA_RS09775,0.4517766497461929,0.5283591006876492,0.45516074450084604
Ssa_SK36,S. sanguinis,SSA_RS09780,0.348,0.3835329471746723,0.37866666666666665
Ssa_SK36,S. sanguinis,SSA_RS09785,0.37149532710280375,0.6740716377894852,0.4454828660436137
Ssa_SK36,S. sanguinis,SSA_RS09790,0.4627659574468085,0.32208666563204896,0.48404255319148937
Ssa_SK36,S. sanguinis,SSA_RS09795,0.45962732919254656,0.3773963055071977,0.4472049689440994
Ssa_SK36,S. sanguinis,SSA_RS09800,0.46303501945525294,0.344193068654239,0.4604409857328145
Ssa_SK36,S. sanguinis,SSA_RS09805,0.48,0.3299530108576371,0.476
Ssa_SK36,S. sanguinis,SSA_RS09810,0.4435695538057743,0.41629359979725483,0.4615923009623797
Ssa_SK36,S. sanguinis,SSA_RS09815,0.4444444444444444,0.4302929587659818,0.4973544973544973
Ssa_SK36,S. sanguinis,SSA_RS09820,0.3033175355450237,0.41743433549868414,0.36492890995260663
Ssa_SK36,S. sanguinis,SSA_RS09825,0.3524590163934426,0.6986207760060678,0.44153005464480877
Ssa_SK36,S. sanguinis,SSA_RS09830,0.40782122905027934,0.4949412164356518,0.4655493482309125
Ssa_SK36,S. sanguinis,SSA_RS09835,0.5449275362318841,0.35205454300118966,0.46859903381642515
Ssa_SK36,S. sanguinis,SSA_RS09840,0.4074074074074074,0.4115570642278067,0.3786008230452675
Ssa_SK36,S. sanguinis,SSA_RS09845,0.4357142857142857,0.38140528722757155,0.42857142857142855
Ssa_SK36,S. sanguinis,SSA_RS09850,0.43455497382198954,0.3717365975533139,0.39790575916230364
Ssa_SK36,S. sanguinis,SSA_RS09855,0.4351851851851852,0.3470214092417002,0.41975308641975306
Ssa_SK36,S. sanguinis,SSA_RS09860,0.4752851711026616,0.37642855987217966,0.47275031685678076
Ssa_SK36,S. sanguinis,SSA_RS09865,0.4592274678111588,0.37658892082483714,0.49356223175965663
Ssa_SK36,S. sanguinis,SSA_RS09870,0.49145299145299143,0.3160249184482872,0.5028490028490028
Ssa_SK36,S. sanguinis,SSA_RS09875,0.431438127090301,0.35130022158527596,0.431438127090301
Ssa_SK36,S. sanguinis,SSA_RS09880,0.5179372197309418,0.3733243202699959,0.4992526158445441
Ssa_SK36,S. sanguinis,SSA_RS09890,0.5202702702702703,0.3986747313038378,0.4945302445302445
Ssa_SK36,S. sanguinis,SSA_RS09895,0.4260869565217391,0.40146769517540404,0.4492753623188406
Ssa_SK36,S. sanguinis,SSA_RS09900,0.3906810035842294,0.4291240908061837,0.4014336917562724
Ssa_SK36,S. sanguinis,SSA_RS09905,0.4473684210526316,0.36804006580312976,0.4644381223328592
Ssa_SK36,S. sanguinis,SSA_RS09920,0.2849604221635884,0.4152368743082845,0.3720316622691293
Ssa_SK36,S. sanguinis,SSA_RS09935,0.3008849557522124,0.3659131333308475,0.3185840707964602
Ssa_SK36,S. sanguinis,SSA_RS09940,0.3170731707317073,0.36096391351825274,0.33983739837398375
Ssa_SK36,S. sanguinis,SSA_RS09945,0.35174418604651164,0.3845812069353418,0.374031007751938
Ssa_SK36,S. sanguinis,SSA_RS09965,0.458128078817734,0.5189667519548025,0.4663382594417077
Ssa_SK36,S. sanguinis,SSA_RS09975,0.26717557251908397,0.8434452400592392,0.4580152671755725
Ssa_SK36,S. sanguinis,SSA_RS09980,0.3288590604026846,0.7114796543536955,0.4272930648769575
Ssa_SK36,S. sanguinis,SSA_RS09985,0.4965277777777778,0.3378856930567459,0.4988425925925926
Ssa_SK36,S. sanguinis,SSA_RS09990,0.4885057471264368,0.3249391690633991,0.46551724137931033
Ssa_SK36,S. sanguinis,SSA_RS09995,0.551440329218107,0.3544626391496166,0.4897119341563786
Ssa_SK36,S. sanguinis,SSA_RS10000,0.5638629283489096,0.3061329239938439,0.49428868120456904
Ssa_SK36,S. sanguinis,SSA_RS10005,0.3698854337152209,0.40458359166424934,0.4064375340971086
Ssa_SK36,S. sanguinis,SSA_RS10010,0.34748010610079577,0.7085376561768628,0.4093722369584439
Ssa_SK36,S. sanguinis,SSA_RS10015,0.4863013698630137,0.3590133096841436,0.4452054794520548
Ssa_SK36,S. sanguinis,SSA_RS10020,0.6,0.32897013707122585,0.49876543209876545
Ssa_SK36,S. sanguinis,SSA_RS10025,0.5178571428571429,0.4055103581010626,0.484375
Ssa_SK36,S. sanguinis,SSA_RS10030,0.5114942528735632,0.3556892331268156,0.4616858237547893
Ssa_SK36,S. sanguinis,SSA_RS10035,0.47843137254901963,0.3852242948318801,0.47058823529411764
Ssa_SK36,S. sanguinis,SSA_RS10045,0.5533980582524272,0.34337501425974004,0.5372168284789643
Ssa_SK36,S. sanguinis,SSA_RS10050,0.43869209809264303,0.4934527567666987,0.4732061762034514
Ssa_SK36,S. sanguinis,SSA_RS10055,0.43171806167400884,0.34096389590935755,0.42731277533039647
Ssa_SK36,S. sanguinis,SSA_RS10060,0.5325542570951586,0.4216254699760366,0.48080133555926546
Ssa_SK36,S. sanguinis,SSA_RS11835,0.44029850746268656,0.32187195960804066,0.373134328358209
Ssa_SK36,S. sanguinis,SSA_RS10070,0.5047619047619047,0.4430055855384904,0.47619047619047616
Ssa_SK36,S. sanguinis,SSA_RS10080,0.4782608695652174,0.3300698694444529,0.43719806763285024
Ssa_SK36,S. sanguinis,SSA_RS10085,0.5048543689320388,0.4311851966910605,0.4746494066882416
Ssa_SK36,S. sanguinis,SSA_RS10100,0.48148148148148145,0.35117236789083933,0.48010973936899864
Ssa_SK36,S. sanguinis,SSA_RS10105,0.49743589743589745,0.3248880360092992,0.4623931623931624
Ssa_SK36,S. sanguinis,SSA_RS10110,0.5023696682464455,0.38592320882438175,0.4786729857819905
Ssa_SK36,S. sanguinis,SSA_RS10120,0.5120772946859904,0.40621011516538735,0.4927536231884058
Ssa_SK36,S. sanguinis,SSA_RS10125,0.314410480349345,0.40417126550841803,0.37117903930131
Ssa_SK36,S. sanguinis,SSA_RS10130,0.5912508544087491,0.3325096007730944,0.5042150831624516
Ssa_SK36,S. sanguinis,SSA_RS10135,0.3370165745856354,0.43216657045980666,0.3425414364640884
Ssa_SK36,S. sanguinis,SSA_RS10140,0.47244094488188976,0.38501704716833896,0.44881889763779526
Ssa_SK36,S. sanguinis,SSA_RS10145,0.5024311183144247,0.4177358694874615,0.4883846569421934
Ssa_SK36,S. sanguinis,SSA_RS10150,0.5536992840095465,0.3670133318298902,0.4733492442322991
Ssa_SK36,S. sanguinis,SSA_RS10155,0.48880597014925375,0.3505197461077643,0.46766169154228854
Ssa_SK36,S. sanguinis,SSA_RS10160,0.548,0.3524476979607447,0.4786666666666667
Ssa_SK36,S. sanguinis,SSA_RS10165,0.42857142857142855,0.45566023297368125,0.4523809523809524
Ssa_SK36,S. sanguinis,SSA_RS10170,0.40212443095599393,0.5333224859743553,0.48558421851289835
Ssa_SK36,S. sanguinis,SSA_RS10175,0.49175824175824173,0.468997723508082,0.45695970695970695
Ssa_SK36,S. sanguinis,SSA_RS10185,0.3643724696356275,0.40808405412898824,0.3508771929824561
Ssa_SK36,S. sanguinis,SSA_RS10190,0.6083032490974729,0.3315473986447453,0.4753309265944645
Ssa_SK36,S. sanguinis,SSA_RS10195,0.5027322404371585,0.3759486759886012,0.4918032786885246
Ssa_SK36,S. sanguinis,SSA_RS10200,0.46774193548387094,0.34296722843605704,0.44623655913978494
Ssa_SK36,S. sanguinis,SSA_RS10205,0.5059055118110236,0.3636521555654305,0.48293963254593175
Ssa_SK36,S. sanguinis,SSA_RS10210,0.48484848484848486,0.485258519655399,0.46464646464646464
Ssa_SK36,S. sanguinis,SSA_RS10215,0.5,0.4133709966432722,0.4573002754820937
Ssa_SK36,S. sanguinis,SSA_RS10220,0.5047021943573667,0.39110398898582593,0.477533960292581
Ssa_SK36,S. sanguinis,SSA_RS10225,0.49127906976744184,0.3757583123833203,0.46608527131782945
Ssa_SK36,S. sanguinis,SSA_RS10230,0.5091463414634146,0.3232074946327454,0.4410569105691057
Ssa_SK36,S. sanguinis,SSA_RS10235,0.4767932489451477,0.3957085198550091,0.5021097046413502
Ssa_SK36,S. sanguinis,SSA_RS10240,0.5034722222222222,0.3531479750303129,0.4791666666666667
Ssa_SK36,S. sanguinis,SSA_RS10245,0.45045045045045046,0.4317227178600847,0.4894894894894895
Ssa_SK36,S. sanguinis,SSA_RS10250,0.5,0.36165798591167947,0.4794238683127572
Ssa_SK36,S. sanguinis,SSA_RS10260,0.4711934156378601,0.44739981944312435,0.45747599451303156
Ssa_SK36,S. sanguinis,SSA_RS10280,0.46143057503506313,0.4555271624873326,0.4735857877512856
Ssa_SK36,S. sanguinis,SSA_RS10285,0.49019607843137253,0.34883683368052865,0.465359477124183
Ssa_SK36,S. sanguinis,SSA_RS10290,0.4672489082969432,0.3083698558992677,0.42503639010189226
Ssa_SK36,S. sanguinis,SSA_RS10295,0.5108225108225108,0.3055434416515825,0.4834054834054834
Ssa_SK36,S. sanguinis,SSA_RS10300,0.4440677966101695,0.4682736432182176,0.4429378531073446
Ssa_SK36,S. sanguinis,SSA_RS10305,0.47005988023952094,0.3999135226003165,0.49101796407185627
Ssa_SK36,S. sanguinis,SSA_RS10315,0.4355300859598854,0.3311022823902943,0.47373447946513847
Ssa_SK36,S. sanguinis,SSA_RS10320,0.6114285714285714,0.2904236920654391,0.5342857142857143
Ssa_SK36,S. sanguinis,SSA_RS10325,0.40066225165562913,0.4565093439376398,0.4530905077262693
Ssa_SK36,S. sanguinis,SSA_RS10330,0.2767857142857143,0.8744558423913613,0.4236111111111111
Ssa_SK36,S. sanguinis,SSA_RS10335,0.3530259365994236,0.740980224084973,0.4409221902017291
Ssa_SK36,S. sanguinis,SSA_RS10340,0.33121019108280253,0.7147232400125997,0.46496815286624205
Ssa_SK36,S. sanguinis,SSA_RS10345,0.30434782608695654,0.6661259513507215,0.4420289855072464
Ssa_SK36,S. sanguinis,SSA_RS10350,0.38064516129032255,0.3878704013990571,0.4559139784946237
Ssa_SK36,S. sanguinis,SSA_RS10355,0.4264705882352941,0.34322458032111314,0.42401960784313725
Ssa_SK36,S. sanguinis,SSA_RS10360,0.5015873015873016,0.3722063493461154,0.4582010582010582
Ssa_SK36,S. sanguinis,SSA_RS10365,0.5155131264916468,0.31594844408235884,0.4669848846459825
Ssa_SK36,S. sanguinis,SSA_RS10370,0.4075829383886256,0.3918535661521806,0.4296998420221169
Ssa_SK36,S. sanguinis,SSA_RS10375,0.42727272727272725,0.40772967102270874,0.46060606060606063
Ssa_SK36,S. sanguinis,SSA_RS10380,0.4709897610921502,0.36678880145324344,0.4539249146757679
Ssa_SK36,S. sanguinis,SSA_RS10385,0.40717029449423814,0.48011852154347795,0.44174135723431496
Ssa_SK36,S. sanguinis,SSA_RS10395,0.41911764705882354,0.3274149392121652,0.4019607843137255
Ssa_SK36,S. sanguinis,SSA_RS10400,0.5051546391752577,0.3423854683309263,0.4639175257731959
Ssa_SK36,S. sanguinis,SSA_RS10405,0.3894736842105263,0.381916211634145,0.3847953216374269
Ssa_SK36,S. sanguinis,SSA_RS10410,0.49238578680203043,0.34190993895329863,0.4805414551607445
Ssa_SK36,S. sanguinis,SSA_RS10415,0.48638132295719844,0.337694652869391,0.4876783398184176
Ssa_SK36,S. sanguinis,SSA_RS10420,0.4227053140096618,0.36084911240537676,0.3969404186795491
Ssa_SK36,S. sanguinis,SSA_RS10425,0.4171270718232044,0.3614403689512724,0.4014732965009208
Ssa_SK36,S. sanguinis,SSA_RS10430,0.5094339622641509,0.3735257700541527,0.44863731656184486
Ssa_SK36,S. sanguinis,SSA_RS10440,0.5,0.35199980336090436,0.4569209039548023
Ssa_SK36,S. sanguinis,SSA_RS10445,0.3582887700534759,0.32622298702781627,0.3689839572192513
Ssa_SK36,S. sanguinis,SSA_RS10450,0.3225806451612903,0.36541806463813065,0.3204301075268817
Ssa_SK36,S. sanguinis,SSA_RS10455,0.3592233009708738,0.40823308168110345,0.3333333333333333
Ssa_SK36,S. sanguinis,SSA_RS10465,0.5213270142180095,0.28697692917654793,0.4881516587677725
Ssa_SK36,S. sanguinis,SSA_RS10470,0.47368421052631576,0.4322703911942749,0.4580896686159844
Ssa_SK36,S. sanguinis,SSA_RS10475,0.5477941176470589,0.31778693273754527,0.4730392156862745
Ssa_SK36,S. sanguinis,SSA_RS10480,0.36666666666666664,0.40025089405535685,0.36666666666666664
Ssa_SK36,S. sanguinis,SSA_RS10485,0.5162689804772235,0.35259224749607865,0.48083875632682577
Ssa_SK36,S. sanguinis,SSA_RS10490,0.475,0.38546241071146636,0.4766666666666667
Ssa_SK36,S. sanguinis,SSA_RS10495,0.3915094339622642,0.3999669519830108,0.44654088050314467
Ssa_SK36,S. sanguinis,SSA_RS10500,0.522633744855967,0.4445473833045305,0.47530864197530864
Ssa_SK36,S. sanguinis,SSA_RS10505,0.5346153846153846,0.3702170815841916,0.4782051282051282
Ssa_SK36,S. sanguinis,SSA_RS10510,0.5197841726618705,0.41405003979269606,0.47961630695443647
Ssa_SK36,S. sanguinis,SSA_RS10520,0.25380710659898476,0.6478149984960015,0.38071065989847713
Ssa_SK36,S. sanguinis,SSA_RS10530,0.3711340206185567,0.4076986359244779,0.3694158075601375
Ssa_SK36,S. sanguinis,SSA_RS10540,0.2813765182186235,0.41055861587252934,0.30634278002699056
Ssa_SK36,S. sanguinis,SSA_RS10545,0.5059288537549407,0.33136406456435175,0.45849802371541504
Ssa_SK36,S. sanguinis,SSA_RS10550,0.5224913494809689,0.32216128914264286,0.4925028835063437
Ssa_SK36,S. sanguinis,SSA_RS10555,0.5,0.32327972289637924,0.4859437751004016
Ssa_SK36,S. sanguinis,SSA_RS10560,0.4525862068965517,0.37721515481175755,0.46839080459770116
Ssa_SK36,S. sanguinis,SSA_RS10565,0.38493723849372385,0.3796616120741035,0.4435146443514644
Ssa_SK36,S. sanguinis,SSA_RS10570,0.5394736842105263,0.3256131916675597,0.5007309941520468
Ssa_SK36,S. sanguinis,SSA_RS10575,0.35545023696682465,0.3398383418020097,0.4075829383886256
Ssa_SK36,S. sanguinis,SSA_RS10580,0.4476744186046512,0.33617390622487764,0.47093023255813954
Ssa_SK36,S. sanguinis,SSA_RS10585,0.49324324324324326,0.3789911576929581,0.49324324324324326
Ssa_SK36,S. sanguinis,SSA_RS10590,0.43333333333333335,0.41392367404000735,0.4111111111111111
Ssa_SK36,S. sanguinis,SSA_RS10595,0.4434782608695652,0.392949301328598,0.4463768115942029
Ssa_SK36,S. sanguinis,SSA_RS10600,0.43465045592705165,0.4544119194382724,0.4523809523809524
Ssa_SK36,S. sanguinis,SSA_RS11930,0.5247148288973384,0.3654713789997553,0.4803548795944233
Ssa_SK36,S. sanguinis,SSA_RS10610,0.5413005272407733,0.33624649131685425,0.47393087287639135
Ssa_SK36,S. sanguinis,SSA_RS10615,0.4809384164222874,0.3953910339866951,0.47214076246334313
Ssa_SK36,S. sanguinis,SSA_RS10620,0.5033112582781457,0.46025871302478016,0.46688741721854304
Ssa_SK36,S. sanguinis,SSA_RS10625,0.42105263157894735,0.3475378604174196,0.4137426900584795
Ssa_SK36,S. sanguinis,SSA_RS10630,0.46368715083798884,0.3701124364071977,0.44878957169459965
Ssa_SK36,S. sanguinis,SSA_RS10635,0.5158730158730159,0.3419748925442224,0.4973544973544973
Ssa_SK36,S. sanguinis,SSA_RS10640,0.48068669527896996,0.3990542932304749,0.5007153075822603
Ssa_SK36,S. sanguinis,SSA_RS10645,0.31438127090301005,0.3332338607770387,0.39464882943143814
Ssa_SK36,S. sanguinis,SSA_RS10650,0.3569023569023569,0.3765815797443502,0.3961840628507295
Ssa_SK36,S. sanguinis,SSA_RS10655,0.34146341463414637,0.3881211600512242,0.4065040650406504
Ssa_SK36,S. sanguinis,SSA_RS10660,0.26605504587155965,0.4140464320711893,0.36314984709480125
Ssa_SK36,S. sanguinis,SSA_RS10665,0.3816568047337278,0.40261961835488985,0.44871794871794873
Ssa_SK36,S. sanguinis,SSA_RS10670,0.36217948717948717,0.40671043635366805,0.41773504273504275
Ssa_SK36,S. sanguinis,SSA_RS10675,0.3741258741258741,0.4060228148191409,0.4125874125874126
Ssa_SK36,S. sanguinis,SSA_RS10680,0.3622222222222222,0.6993715463511286,0.42074074074074075
Ssa_SK36,S. sanguinis,SSA_RS10690,0.4394904458598726,0.36731613160123555,0.46709129511677283
Ssa_SK36,S. sanguinis,SSA_RS10695,0.48259860788863107,0.42305450240900744,0.48105181747873166
Ssa_SK36,S. sanguinis,SSA_RS10700,0.49533954727030627,0.3874625099944086,0.47492232578783844
Ssa_SK36,S. sanguinis,SSA_RS10705,0.40425531914893614,0.36801041735074613,0.42671394799054374
Ssa_SK36,S. sanguinis,SSA_RS10710,0.42482100238663484,0.42562681661790047,0.4311853619729515
Ssa_SK36,S. sanguinis,SSA_RS10715,0.42857142857142855,0.3817756041246331,0.47863247863247865
Ssa_SK36,S. sanguinis,SSA_RS10720,0.47079037800687284,0.4522747856080653,0.4753722794959908
Ssa_SK36,S. sanguinis,SSA_RS10725,0.48773006134969327,0.416994624996917,0.48261758691206547
Ssa_SK36,S. sanguinis,SSA_RS10730,0.324,0.42588943025000087,0.45066666666666666
Ssa_SK36,S. sanguinis,SSA_RS10735,0.5172413793103449,0.31296151604475875,0.47381864623243936
Ssa_SK36,S. sanguinis,SSA_RS10740,0.5330882352941176,0.3515354428746178,0.4742647058823529
Ssa_SK36,S. sanguinis,SSA_RS10745,0.45892351274787535,0.3961518651328227,0.45325779036827196
Ssa_SK36,S. sanguinis,SSA_RS10750,0.4626865671641791,0.47345569035172413,0.44029850746268656
Ssa_SK36,S. sanguinis,SSA_RS10755,0.4876543209876543,0.3207107235952207,0.43004115226337447
Ssa_SK36,S. sanguinis,SSA_RS10760,0.4637096774193548,0.3708814806003001,0.4731182795698925
Ssa_SK36,S. sanguinis,SSA_RS10765,0.5345679012345679,0.3564590875454319,0.5016460905349794
Ssa_SK36,S. sanguinis,SSA_RS10770,0.44516129032258067,0.34015038689425786,0.44731182795698926
Ssa_SK36,S. sanguinis,SSA_RS10775,0.4294478527607362,0.4019400204256785,0.4049079754601227
Ssa_SK36,S. sanguinis,SSA_RS10780,0.3333333333333333,0.7612649036470569,0.43486590038314177
Ssa_SK36,S. sanguinis,SSA_RS10785,0.3448275862068966,0.7650764271814284,0.43167305236270753
Ssa_SK36,S. sanguinis,SSA_RS10795,0.403921568627451,0.40048748654482175,0.4143790849673203
Ssa_SK36,S. sanguinis,SSA_RS10800,0.4972067039106145,0.42541953723196946,0.43202979515828677
Ssa_SK36,S. sanguinis,SSA_RS10805,0.7815126050420168,0.3077166614189086,0.5266106442577031
Ssa_SK36,S. sanguinis,SSA_RS10820,0.5033647375504711,0.35766568048173913,0.477792732166891
Ssa_SK36,S. sanguinis,SSA_RS10825,0.5273972602739726,0.32742901932613877,0.4897260273972603
Ssa_SK36,S. sanguinis,SSA_RS10830,0.5138461538461538,0.30254358741380716,0.4164102564102564
Ssa_SK36,S. sanguinis,SSA_RS10835,0.4574468085106383,0.3290803326371808,0.399290780141844
Ssa_SK36,S. sanguinis,SSA_RS10840,0.4171270718232044,0.34058016528215135,0.429097605893186
Ssa_SK36,S. sanguinis,SSA_RS10845,0.4149377593360996,0.3759821413033298,0.4315352697095436
Ssa_SK36,S. sanguinis,SSA_RS10850,0.3914027149321267,0.35946527428303454,0.3717948717948718
Ssa_SK36,S. sanguinis,SSA_RS10855,0.42207792207792205,0.38025963246501765,0.4015151515151515
Ssa_SK36,S. sanguinis,SSA_RS10860,0.4125,0.3260912855173825,0.41041666666666665
Ssa_SK36,S. sanguinis,SSA_RS10865,0.41198501872659177,0.3342238194825452,0.41947565543071164
Ssa_SK36,S. sanguinis,SSA_RS10870,0.42857142857142855,0.3465774207798858,0.413472706155633
Ssa_SK36,S. sanguinis,SSA_RS10875,0.42574257425742573,0.3722422567432462,0.4141914191419142
Ssa_SK36,S. sanguinis,SSA_RS10880,0.4292845257903494,0.34740358502445995,0.4248474764281753
Ssa_SK36,S. sanguinis,SSA_RS10885,0.4592274678111588,0.375016451319627,0.45064377682403434
Ssa_SK36,S. sanguinis,SSA_RS10890,0.5172413793103449,0.40814935917325296,0.46120689655172414
Ssa_SK36,S. sanguinis,SSA_RS10895,0.5122950819672131,0.3362186458116538,0.44808743169398907
Ssa_SK36,S. sanguinis,SSA_RS10900,0.46435845213849286,0.4069202705066223,0.43856076035302105
Ssa_SK36,S. sanguinis,SSA_RS10905,0.63,0.3046467431215099,0.5
Ssa_SK36,S. sanguinis,SSA_RS10910,0.46153846153846156,0.3232792924251791,0.46703296703296704
Ssa_SK36,S. sanguinis,SSA_RS10915,0.4578313253012048,0.303422591201809,0.4939759036144578
Ssa_SK36,S. sanguinis,SSA_RS10920,0.5546448087431693,0.35436002402024624,0.48633879781420764
Ssa_SK36,S. sanguinis,SSA_RS10925,0.4786821705426357,0.3360071798382633,0.45155038759689925
Ssa_SK36,S. sanguinis,SSA_RS10930,0.546875,0.38116540448991176,0.45703125
Ssa_SK36,S. sanguinis,SSA_RS10935,0.45,0.3739588999249548,0.4875
Ssa_SK36,S. sanguinis,SSA_RS10940,0.49878345498783455,0.31240138884073543,0.48661800486618007
Ssa_SK36,S. sanguinis,SSA_RS10945,0.4230769230769231,0.5203147417373476,0.4166666666666667
Ssa_SK36,S. sanguinis,SSA_RS10950,0.5428571428571428,0.311121601095716,0.4928571428571429
Ssa_SK36,S. sanguinis,SSA_RS10960,0.4972375690607735,0.42043720400053347,0.43830570902394106
Ssa_SK36,S. sanguinis,SSA_RS10965,0.47643979057591623,0.35031619129844427,0.43455497382198954
Ssa_SK36,S. sanguinis,SSA_RS10970,0.3082706766917293,0.5245783381022978,0.38596491228070173
Ssa_SK36,S. sanguinis,SSA_RS10975,0.4073107049608355,0.5125745423326066,0.45691906005221933
Ssa_SK36,S. sanguinis,SSA_RS10980,0.4677804295942721,0.31241978723077923,0.48448687350835323
Ssa_SK36,S. sanguinis,SSA_RS10985,0.5620437956204379,0.393154063340211,0.4282238442822384
Ssa_SK36,S. sanguinis,SSA_RS10990,0.23780487804878048,0.41434190299008394,0.30284552845528456
Ssa_SK36,S. sanguinis,SSA_RS10995,0.2548076923076923,0.3684432773316051,0.32211538461538464
Ssa_SK36,S. sanguinis,SSA_RS11000,0.26626323751891073,0.3650809770573011,0.31265758951084216
Ssa_SK36,S. sanguinis,SSA_RS11005,0.17699115044247787,0.42942384119070043,0.30678466076696165
Ssa_SK36,S. sanguinis,SSA_RS11010,0.26501766784452296,0.3942448485821166,0.32273262661955243
Ssa_SK36,S. sanguinis,SSA_RS11025,0.43243243243243246,0.4300059128460537,0.40540540540540543
Ssa_SK36,S. sanguinis,SSA_RS11030,0.5532994923857868,0.4055092455497219,0.4703891708967851
Ssa_SK36,S. sanguinis,SSA_RS11035,0.4260355029585799,0.45473051708029577,0.40236686390532544
Ssa_SK36,S. sanguinis,SSA_RS11040,0.41954022988505746,0.4043489035734547,0.43486590038314177
Ssa_SK36,S. sanguinis,SSA_RS11045,0.5432098765432098,0.32583039802407776,0.4897119341563786
Ssa_SK36,S. sanguinis,SSA_RS11050,0.28832951945080093,0.44183567086988323,0.4073226544622426
Ssa_SK36,S. sanguinis,SSA_RS11055,0.2801724137931034,0.38763286016094967,0.35344827586206895
Ssa_SK36,S. sanguinis,SSA_RS11060,0.5611764705882353,0.3185288103749363,0.504313725490196
Ssa_SK36,S. sanguinis,SSA_RS11065,0.4726027397260274,0.3105414219535545,0.4657534246575342
Ssa_SK36,S. sanguinis,SSA_RS11070,0.5133214920071048,0.4930898261846006,0.47424511545293074
Ssa_SK36,S. sanguinis,SSA_RS11075,0.49693251533742333,0.4097731554032051,0.43558282208588955
Ssa_SK36,S. sanguinis,SSA_RS11080,0.42196531791907516,0.3827604228398689,0.3969171483622351
Ssa_SK36,S. sanguinis,SSA_RS11085,0.5026525198938993,0.5869329375491088,0.4500442086648983
Ssa_SK36,S. sanguinis,SSA_RS11090,0.47023809523809523,0.4869272065463803,0.46494708994708994
Ssa_SK36,S. sanguinis,SSA_RS11095,0.551829268292683,0.3763605741566331,0.4695121951219512
Ssa_SK36,S. sanguinis,SSA_RS11100,0.56998556998557,0.3384600768640846,0.47763347763347763
Ssa_SK36,S. sanguinis,SSA_RS11105,0.5128205128205128,0.3235603392770381,0.4444444444444444
Ssa_SK36,S. sanguinis,SSA_RS11110,0.4905982905982906,0.42952097586719873,0.4831908831908832
Ssa_SK36,S. sanguinis,SSA_RS11120,0.26,0.43803462823864664,0.34
Ssa_SK36,S. sanguinis,SSA_RS11125,0.2669683257918552,0.37444777616943054,0.31825037707390647
Ssa_SK36,S. sanguinis,SSA_RS11130,0.34470377019748655,0.39581644078464606,0.40813883901855175
Ssa_SK36,S. sanguinis,SSA_RS11135,0.29508196721311475,0.346391707442989,0.3743169398907104
Ssa_SK36,S. sanguinis,SSA_RS11140,0.26356589147286824,0.41240735606265716,0.42118863049095606
Ssa_SK36,S. sanguinis,SSA_RS11145,0.5735593220338983,0.34020428459574603,0.4969491525423729
Ssa_SK36,S. sanguinis,SSA_RS11150,0.5023809523809524,0.3888824266967144,0.45476190476190476
Ssa_SK36,S. sanguinis,SSA_RS11160,0.45098039215686275,0.3221100263207754,0.43137254901960786
Ssa_SK36,S. sanguinis,SSA_RS11165,0.3891726251276813,0.4125285287634808,0.40892066734763366
Ssa_SK36,S. sanguinis,SSA_RS11175,0.45901639344262296,0.39271578658623973,0.4722872755659641
Ssa_SK36,S. sanguinis,SSA_RS11180,0.5350877192982456,0.38637491777151595,0.47076023391812866
Ssa_SK36,S. sanguinis,SSA_RS11185,0.4647887323943662,0.45172918105476995,0.5023474178403756
Ssa_SK36,S. sanguinis,SSA_RS11205,0.3170731707317073,0.3570593578550696,0.33983739837398375
Ssa_SK36,S. sanguinis,SSA_RS11210,0.3008849557522124,0.36762207170477645,0.32448377581120946
Ssa_SK36,S. sanguinis,SSA_RS11215,0.2521186440677966,0.36835465369246334,0.3163841807909605
Ssa_SK36,S. sanguinis,SSA_RS11220,0.22666666666666666,0.43591782265510104,0.36666666666666664
Ssa_SK36,S. sanguinis,SSA_RS11225,0.308411214953271,0.5193415614479568,0.38006230529595014
Ssa_SK36,S. sanguinis,SSA_RS11230,0.38419618528610355,0.38895128033557214,0.40236148955495005
Ssa_SK36,S. sanguinis,SSA_RS11235,0.3811881188118812,0.372969941124971,0.3795379537953795
Ssa_SK36,S. sanguinis,SSA_RS11240,0.40594059405940597,0.43144154277765506,0.3844884488448845
Ssa_SK36,S. sanguinis,SSA_RS11250,0.28199052132701424,0.41137608700726713,0.34913112164297
Ssa_SK36,S. sanguinis,SSA_RS11260,0.36180904522613067,0.4274239073696102,0.3953098827470687
Ssa_SK36,S. sanguinis,SSA_RS11265,0.4492753623188406,0.3922178433778445,0.45314009661835747
Ssa_SK36,S. sanguinis,SSA_RS11270,0.45791245791245794,0.33468948778269697,0.4287317620650954
Ssa_SK36,S. sanguinis,SSA_RS11275,0.4163934426229508,0.3904099844400085,0.3825136612021858
Ssa_SK36,S. sanguinis,SSA_RS11280,0.415,0.39797496039885405,0.45
Ssa_SK36,S. sanguinis,SSA_RS11285,0.5313653136531366,0.3426907563804718,0.45018450184501846
Ssa_SK36,S. sanguinis,SSA_RS11290,0.4422535211267606,0.3588321257992434,0.4375586854460094
Ssa_SK36,S. sanguinis,SSA_RS11295,0.3701657458563536,0.5617233745418823,0.4419889502762431
Ssa_SK36,S. sanguinis,SSA_RS11300,0.3929824561403509,0.41751990857074933,0.4631578947368421
Ssa_SK36,S. sanguinis,SSA_RS11305,0.48582230623818523,0.40462441421544637,0.4549464398235665
Ssa_SK36,S. sanguinis,SSA_RS11310,0.4793814432989691,0.4091847834058798,0.4175257731958763
Ssa_SK36,S. sanguinis,SSA_RS11315,0.47770700636942676,0.41563725787797884,0.44232130219391363
Ssa_SK36,S. sanguinis,SSA_RS11320,0.36088709677419356,0.38077680002389075,0.3951612903225806
Ssa_SK36,S. sanguinis,SSA_RS11325,0.33707865168539325,0.4121846672516343,0.3887640449438202
Ssa_SK36,S. sanguinis,SSA_RS11330,0.4049079754601227,0.34741204446933643,0.4376278118609407
Ssa_SK36,S. sanguinis,SSA_RS11335,0.4594594594594595,0.3854142409636882,0.4594594594594595
Ssa_SK36,S. sanguinis,SSA_RS11340,0.36666666666666664,0.5942940743968985,0.4288888888888889
Ssa_SK36,S. sanguinis,SSA_RS11345,0.3137254901960784,0.6054008323649779,0.41612200435729846
Ssa_SK36,S. sanguinis,SSA_RS11350,0.5476772616136919,0.3423756788565609,0.48166259168704156
Ssa_SK36,S. sanguinis,SSA_RS11355,0.5690140845070423,0.34396335597107713,0.504225352112676
Ssa_SK36,S. sanguinis,SSA_RS11360,0.4563279857397504,0.3921842213587636,0.45454545454545453
Ssa_SK36,S. sanguinis,SSA_RS11365,0.271244635193133,0.4136243731357515,0.3971387696709585
Ssa_SK36,S. sanguinis,SSA_RS11370,0.541095890410959,0.3632961333858133,0.4577625570776256
Ssa_SK36,S. sanguinis,SSA_RS11375,0.5402298850574713,0.36830247530963517,0.44061302681992337
Ssa_SK36,S. sanguinis,SSA_RS11380,0.5295629820051414,0.3136001701784546,0.4824335904027421
Ssa_SK36,S. sanguinis,SSA_RS11385,0.4584323040380047,0.34893288699226443,0.4505146476642914
Ssa_SK36,S. sanguinis,SSA_RS11390,0.4948453608247423,0.2704034965127359,0.506872852233677
Ssa_SK36,S. sanguinis,SSA_RS11395,0.2803030303030303,0.5462606332018265,0.41919191919191917
Ssa_SK36,S. sanguinis,SSA_RS11400,0.5381526104417671,0.38448797546049424,0.4578313253012048
Ssa_SK36,S. sanguinis,SSA_RS11405,0.5615942028985508,0.34020071450093214,0.4891304347826087
Ssa_SK36,S. sanguinis,SSA_RS11410,0.5370370370370371,0.3521795574310693,0.5061728395061729
Ssa_SK36,S. sanguinis,SSA_RS11415,0.557919621749409,0.3645024867364429,0.47832939322301027
Ssa_SK36,S. sanguinis,SSA_RS11425,0.5734939759036145,0.35503494232018307,0.45461847389558235
Ssa_SK36,S. sanguinis,SSA_RS11430,0.5570599613152805,0.35763048478912035,0.49194068343004516
Ssa_SK36,S. sanguinis,SSA_RS11440,0.49557522123893805,0.33071066445786673,0.4277286135693215
Ssa_SK36,S. sanguinis,SSA_RS11445,0.5,0.3937137827514581,0.46166666666666667
Ssa_SK36,S. sanguinis,SSA_RS11450,0.4697406340057637,0.39372867784933885,0.44668587896253603
Ssa_SK36,S. sanguinis,SSA_RS11455,0.5440251572327044,0.3290318796738402,0.4863731656184486
Ssa_SK36,S. sanguinis,SSA_RS11460,0.42028985507246375,0.41957158591061355,0.47020933977455714
Ssa_SK36,S. sanguinis,SSA_RS11465,0.5168067226890757,0.3525568398878245,0.44537815126050423
Ssa_SK36,S. sanguinis,SSA_RS11470,0.37995049504950495,0.3624218686892908,0.44265676567656764
Ssa_SK36,S. sanguinis,SSA_RS11490,0.4857142857142857,0.3335147442767792,0.4560846560846561
Ssa_SK36,S. sanguinis,SSA_RS11495,0.4595238095238095,0.3427764455754328,0.4531746031746032
Ssa_SK36,S. sanguinis,SSA_RS11500,0.4891304347826087,0.4033166981203523,0.4577294685990338
Ssa_SK36,S. sanguinis,SSA_RS11505,0.3691860465116279,0.3832526515366532,0.43992248062015504
Ssa_SK36,S. sanguinis,SSA_RS11510,0.3333333333333333,0.8065631760504856,0.4362745098039216
Ssa_SK36,S. sanguinis,SSA_RS11515,0.5684647302904564,0.2894671216019879,0.48132780082987553
Ssa_SK36,S. sanguinis,SSA_RS11520,0.48348348348348347,0.44402171686345654,0.42842842842842843
Ssa_SK36,S. sanguinis,SSA_RS11525,0.5697211155378487,0.29517297690727,0.4674634794156706
Ssa_SK36,S. sanguinis,SSA_RS11530,0.4423076923076923,0.41119887824883206,0.40064102564102566
Ssa_SK36,S. sanguinis,SSA_RS11540,0.49336283185840707,0.3298136981460468,0.4771386430678466
Ssa_SK36,S. sanguinis,SSA_RS11545,0.3841059602649007,0.438297602423932,0.423841059602649
Ssa_SK36,S. sanguinis,SSA_RS11550,0.4307228915662651,0.3796388566992678,0.4322289156626506
Ssa_SK36,S. sanguinis,SSA_RS11555,0.4229559748427673,0.40812282680168827,0.4449685534591195
Ssa_SK36,S. sanguinis,SSA_RS11560,0.42245989304812837,0.47637833374883365,0.4411764705882353
Ssa_SK36,S. sanguinis,SSA_RS11565,0.39285714285714285,0.425163268440172,0.41964285714285715
Ssa_SK36,S. sanguinis,SSA_RS11570,0.32646048109965636,0.46912173258627005,0.4570446735395189
Ssa_SK36,S. sanguinis,SSA_RS11575,0.3287037037037037,0.41624550188921977,0.3873456790123457
Ssa_SK36,S. sanguinis,SSA_RS11580,0.20304568527918782,0.5832962306642494,0.428087986463621
Ssa_SK36,S. sanguinis,SSA_RS11585,0.43018867924528303,0.3584104612239962,0.41132075471698115
Ssa_SK36,S. sanguinis,SSA_RS11590,0.3964285714285714,0.40230191093969375,0.43452380952380953
Ssa_SK36,S. sanguinis,SSA_RS11595,0.3942652329749104,0.40131393724066056,0.43130227001194743
Ssa_SK36,S. sanguinis,SSA_RS11600,0.35555555555555557,0.4054714258159847,0.37407407407407406
Ssa_SK36,S. sanguinis,SSA_RS11605,0.3894736842105263,0.36819901774997243,0.41637426900584795
Ssa_SK36,S. sanguinis,SSA_RS11610,0.3587962962962963,0.40638462789248636,0.3904320987654321
Ssa_SK36,S. sanguinis,SSA_RS11615,0.3485576923076923,0.4073978535156156,0.3798076923076923
Ssa_SK36,S. sanguinis,SSA_RS11620,0.3007518796992481,0.43967420774635146,0.37593984962406013
Ssa_SK36,S. sanguinis,SSA_RS11625,0.3452054794520548,0.4451980443528146,0.36712328767123287
Ssa_SK36,S. sanguinis,SSA_RS11630,0.3299595141700405,0.5120533218525516,0.4446693657219973
Ssa_SK36,S. sanguinis,SSA_RS11635,0.32456140350877194,0.4473977898671671,0.4093567251461988
Ssa_SK36,S. sanguinis,SSA_RS11640,0.3567467652495379,0.5329126181698721,0.3943314849044978
Ssa_SK36,S. sanguinis,SSA_RS11645,0.29814385150812067,0.4197687437540212,0.3333333333333333
Ssa_SK36,S. sanguinis,SSA_RS11660,0.26666666666666666,0.4318840490575685,0.31895424836601305
Ssa_SK36,S. sanguinis,SSA_RS11665,0.28314606741573034,0.43951749178701743,0.31985018726591763
Ssa_SK36,S. sanguinis,SSA_RS11680,0.2875,0.39895317422981397,0.35
Ssa_SK36,S. sanguinis,SSA_RS11685,0.23529411764705882,0.5135635575749747,0.3631713554987212
Ssa_SK36,S. sanguinis,SSA_RS11690,0.2795275590551181,0.40278125339435095,0.34776902887139105
Sgo_CH1,S. gordonii,SGO_RS00005,0.23503325942350334,0.43508451431865247,0.34885439763488546
Sgo_CH1,S. gordonii,SGO_RS00010,0.1662269129287599,0.5120569863179203,0.33421284080914687
Sgo_CH1,S. gordonii,SGO_RS00020,0.1676300578034682,0.5759420973497039,0.2813102119460501
Sgo_CH1,S. gordonii,SGO_RS00025,0.18497109826589594,0.46259615486898586,0.27398843930635836
Sgo_CH1,S. gordonii,SGO_RS00030,0.25508317929759705,0.5565701480140415,0.3573629081947012
Sgo_CH1,S. gordonii,SGO_RS00035,0.21114369501466276,0.4431757398704488,0.3567937438905181
Sgo_CH1,S. gordonii,SGO_RS00040,0.1902834008097166,0.6067940589637818,0.3967611336032389
Sgo_CH1,S. gordonii,SGO_RS00045,0.20165745856353592,0.43776797417853475,0.31123388581952116
Sgo_CH1,S. gordonii,SGO_RS00050,0.2366412213740458,0.39768928300923706,0.35368956743002544
Sgo_CH1,S. gordonii,SGO_RS00055,0.25240384615384615,0.40843468389920035,0.33413461538461536
Sgo_CH1,S. gordonii,SGO_RS00060,0.23842592592592593,0.41553315697222015,0.33641975308641975
Sgo_CH1,S. gordonii,SGO_RS00065,0.2888086642599278,0.36931886256948754,0.38267148014440433
Sgo_CH1,S. gordonii,SGO_RS00070,0.4,0.38399995473130827,0.3888888888888889
Sgo_CH1,S. gordonii,SGO_RS00075,0.3054545454545455,0.45904831313513966,0.38545454545454544
Sgo_CH1,S. gordonii,SGO_RS00080,0.2571428571428571,0.4746139183264923,0.38095238095238093
Sgo_CH1,S. gordonii,SGO_RS00085,0.28679245283018867,0.35518778252120137,0.35094339622641507
Sgo_CH1,S. gordonii,SGO_RS00090,0.18095238095238095,0.5818023026303938,0.40634920634920635
Sgo_CH1,S. gordonii,SGO_RS00095,0.281786941580756,0.4637885157378111,0.44215349369988544
Sgo_CH1,S. gordonii,SGO_RS00100,0.27232142857142855,0.3952964652932768,0.37797619047619047
Sgo_CH1,S. gordonii,SGO_RS00105,0.2074468085106383,0.45711921993000926,0.36524822695035464
Sgo_CH1,S. gordonii,SGO_RS00110,0.41361256544502617,0.44382476304161184,0.4406631762652705
Sgo_CH1,S. gordonii,SGO_RS00115,0.2634146341463415,0.3952091622297409,0.35121951219512193
Sgo_CH1,S. gordonii,SGO_RS00120,0.371875,0.41487545391796626,0.4276041666666667
Sgo_CH1,S. gordonii,SGO_RS00125,0.31212121212121213,0.4198928955301305,0.3893939393939394
Sgo_CH1,S. gordonii,SGO_RS00130,0.31788079470198677,0.4852099912173933,0.3973509933774834
Sgo_CH1,S. gordonii,SGO_RS00135,0.37389380530973454,0.42111301789281724,0.4284660766961652
Sgo_CH1,S. gordonii,SGO_RS00145,0.3434343434343434,0.39261478423154117,0.4065656565656566
Sgo_CH1,S. gordonii,SGO_RS00150,0.3563218390804598,0.3826395216097516,0.388250319284802
Sgo_CH1,S. gordonii,SGO_RS00155,0.31736526946107785,0.3909448214481053,0.4241516966067864
Sgo_CH1,S. gordonii,SGO_RS00165,0.3601694915254237,0.49617882645722483,0.3785310734463277
Sgo_CH1,S. gordonii,SGO_RS00170,0.3333333333333333,0.4474351346869531,0.4254807692307692
Sgo_CH1,S. gordonii,SGO_RS00175,0.39501039501039503,0.42444082980558706,0.45252945252945254
Sgo_CH1,S. gordonii,SGO_RS00180,0.45454545454545453,0.45312126485328574,0.4789833822091887
Sgo_CH1,S. gordonii,SGO_RS00185,0.4945652173913043,0.3564141951230674,0.4855072463768116
Sgo_CH1,S. gordonii,SGO_RS00190,0.2145922746781116,0.4293734210431063,0.2832618025751073
Sgo_CH1,S. gordonii,SGO_RS00195,0.4748062015503876,0.4525256459596279,0.4838501291989664
Sgo_CH1,S. gordonii,SGO_RS00200,0.3389121338912134,0.4239419715595835,0.3793584379358438
Sgo_CH1,S. gordonii,SGO_RS00205,0.3727422003284072,0.3772120761964496,0.41050903119868637
Sgo_CH1,S. gordonii,SGO_RS00210,0.39622641509433965,0.46854355708690265,0.44234800838574423
Sgo_CH1,S. gordonii,SGO_RS00215,0.3180327868852459,0.5756262500247802,0.4371584699453552
Sgo_CH1,S. gordonii,SGO_RS00220,0.46715328467153283,0.5693803200930585,0.4245742092457421
Sgo_CH1,S. gordonii,SGO_RS00225,0.4264705882352941,0.47638404299904386,0.41911764705882354
Sgo_CH1,S. gordonii,SGO_RS00230,0.38917525773195877,0.3617565501031125,0.43556701030927836
Sgo_CH1,S. gordonii,SGO_RS00235,0.3159420289855073,0.40697568850193433,0.41835748792270533
Sgo_CH1,S. gordonii,SGO_RS00240,0.3727810650887574,0.35459057695979573,0.41420118343195267
Sgo_CH1,S. gordonii,SGO_RS00245,0.39378238341968913,0.35988639678730117,0.4214162348877375
Sgo_CH1,S. gordonii,SGO_RS00250,0.42727272727272725,0.33067961050587946,0.37575757575757573
Sgo_CH1,S. gordonii,SGO_RS00260,0.39571150097465885,0.4573033668263028,0.4262508122157245
Sgo_CH1,S. gordonii,SGO_RS00265,0.46875,0.3531337777171605,0.40544871794871795
Sgo_CH1,S. gordonii,SGO_RS00275,0.408983451536643,0.3776621007877477,0.4160756501182033
Sgo_CH1,S. gordonii,SGO_RS00280,0.3950617283950617,0.32946931843389005,0.4382716049382716
Sgo_CH1,S. gordonii,SGO_RS00290,0.3582089552238806,0.41723685730106597,0.3990049751243781
Sgo_CH1,S. gordonii,SGO_RS00295,0.4144736842105263,0.3227708003887966,0.43201754385964913
Sgo_CH1,S. gordonii,SGO_RS00305,0.423444976076555,0.38349443344492323,0.43301435406698563
Sgo_CH1,S. gordonii,SGO_RS00310,0.47046843177189407,0.3346686296785029,0.45168590178773477
Sgo_CH1,S. gordonii,SGO_RS00315,0.17759562841530055,0.39387536999623607,0.26138433515482695
Sgo_CH1,S. gordonii,SGO_RS00320,0.29411764705882354,0.4400333090415083,0.34967320261437906
Sgo_CH1,S. gordonii,SGO_RS00325,0.21473684210526317,0.4510282507909818,0.33403508771929824
Sgo_CH1,S. gordonii,SGO_RS00330,0.25280898876404495,0.44244067869710135,0.3052434456928839
Sgo_CH1,S. gordonii,SGO_RS00335,0.24864864864864866,0.3774736471994717,0.3261261261261261
Sgo_CH1,S. gordonii,SGO_RS00340,0.21481481481481482,0.4814229533097081,0.3111111111111111
Sgo_CH1,S. gordonii,SGO_RS00350,0.28378378378378377,0.377710197972667,0.3108108108108108
Sgo_CH1,S. gordonii,SGO_RS00355,0.32075471698113206,0.41235240768033654,0.33962264150943394
Sgo_CH1,S. gordonii,SGO_RS11000,0.2746987951807229,0.42117907996941395,0.3566265060240964
Sgo_CH1,S. gordonii,SGO_RS00365,0.23684210526315788,0.36212753358065586,0.256140350877193
Sgo_CH1,S. gordonii,SGO_RS00370,0.25,0.41004220806483554,0.32107843137254904
Sgo_CH1,S. gordonii,SGO_RS00380,0.3488372093023256,0.3217347843436955,0.3462532299741602
Sgo_CH1,S. gordonii,SGO_RS00385,0.3235294117647059,0.368852164006221,0.34068627450980393
Sgo_CH1,S. gordonii,SGO_RS00390,0.25,0.38495950989998245,0.33045977011494254
Sgo_CH1,S. gordonii,SGO_RS00395,0.23076923076923078,0.3947283895922907,0.3046757164404223
Sgo_CH1,S. gordonii,SGO_RS00400,0.31210191082802546,0.4311771050725583,0.3609341825902335
Sgo_CH1,S. gordonii,SGO_RS10550,0.2345679012345679,0.4342731839750759,0.3885949441504997
Sgo_CH1,S. gordonii,SGO_RS00410,0.2648401826484018,0.38461142760734374,0.3120243531202435
Sgo_CH1,S. gordonii,SGO_RS00415,0.29523809523809524,0.4769399057226801,0.33650793650793653
Sgo_CH1,S. gordonii,SGO_RS00420,0.5543478260869565,0.3161122120946029,0.4939613526570048
Sgo_CH1,S. gordonii,SGO_RS00425,0.5381526104417671,0.3091415062503424,0.46318607764390896
Sgo_CH1,S. gordonii,SGO_RS00430,0.29927007299270075,0.5714844125368552,0.41605839416058393
Sgo_CH1,S. gordonii,SGO_RS00435,0.42159383033419023,0.3559256424449177,0.43359040274207367
Sgo_CH1,S. gordonii,SGO_RS00440,0.46551724137931033,0.31847036989792205,0.43103448275862066
Sgo_CH1,S. gordonii,SGO_RS00445,0.47719298245614034,0.3262594583664196,0.43391812865497076
Sgo_CH1,S. gordonii,SGO_RS00450,0.4293785310734463,0.38972331926927284,0.3822975517890772
Sgo_CH1,S. gordonii,SGO_RS00455,0.38985148514851486,0.3624859470008394,0.44554455445544555
Sgo_CH1,S. gordonii,SGO_RS00460,0.3821138211382114,0.40303551355408335,0.3861788617886179
Sgo_CH1,S. gordonii,SGO_RS00465,0.46255506607929514,0.37041937262539815,0.4185022026431718
Sgo_CH1,S. gordonii,SGO_RS00470,0.37767220902612825,0.4213037729074005,0.4552652414885194
Sgo_CH1,S. gordonii,SGO_RS00475,0.5283018867924528,0.3166287715043171,0.4769392033542977
Sgo_CH1,S. gordonii,SGO_RS00480,0.44075829383886256,0.3330987403914792,0.4186413902053712
Sgo_CH1,S. gordonii,SGO_RS00485,0.4176470588235294,0.30936776982004965,0.4
Sgo_CH1,S. gordonii,SGO_RS00490,0.35294117647058826,0.44182456022115446,0.39215686274509803
Sgo_CH1,S. gordonii,SGO_RS00495,0.44269340974212035,0.39683061626859084,0.43600764087870103
Sgo_CH1,S. gordonii,SGO_RS00500,0.3951367781155015,0.3837699491813842,0.4194528875379939
Sgo_CH1,S. gordonii,SGO_RS00505,0.40298507462686567,0.4109923130450538,0.36691542288557216
Sgo_CH1,S. gordonii,SGO_RS00510,0.42704626334519574,0.4497152149445675,0.4045077105575326
Sgo_CH1,S. gordonii,SGO_RS00515,0.43287037037037035,0.4982360428932772,0.4097222222222222
Sgo_CH1,S. gordonii,SGO_RS00520,0.26303317535545023,0.7431424411735009,0.3981042654028436
Sgo_CH1,S. gordonii,SGO_RS00525,0.33849129593810445,0.5275407640782229,0.4081237911025145
Sgo_CH1,S. gordonii,SGO_RS00530,0.4151193633952255,0.6909435770784315,0.40893015030946067
Sgo_CH1,S. gordonii,SGO_RS00535,0.2791783380018674,0.53827220726346,0.3952692187986306
Sgo_CH1,S. gordonii,SGO_RS00540,0.37237237237237236,0.38331282369318775,0.42542542542542544
Sgo_CH1,S. gordonii,SGO_RS00545,0.30569948186528495,0.37090941917520814,0.3626943005181347
Sgo_CH1,S. gordonii,SGO_RS00550,0.3617021276595745,0.44102854541550995,0.3947990543735225
Sgo_CH1,S. gordonii,SGO_RS00555,0.32608695652173914,0.4425817628460689,0.3743961352657005
Sgo_CH1,S. gordonii,SGO_RS00560,0.34545454545454546,0.38753374487938314,0.4038567493112948
Sgo_CH1,S. gordonii,SGO_RS00565,0.334841628959276,0.6206716628472276,0.43024132730015086
Sgo_CH1,S. gordonii,SGO_RS00570,0.3406113537117904,0.4038465980549885,0.3813682678311499
Sgo_CH1,S. gordonii,SGO_RS00585,0.3034188034188034,0.40588516801960445,0.41025641025641024
Sgo_CH1,S. gordonii,SGO_RS00590,0.2251655629139073,0.45856075155955855,0.3443708609271523
Sgo_CH1,S. gordonii,SGO_RS00595,0.23725055432372505,0.5537171989249527,0.35033259423503327
Sgo_CH1,S. gordonii,SGO_RS00600,0.3423728813559322,0.40421486398315687,0.37175141242937854
Sgo_CH1,S. gordonii,SGO_RS00605,0.2841726618705036,0.4412266200049627,0.34772182254196643
Sgo_CH1,S. gordonii,SGO_RS00610,0.29891304347826086,0.5306681480564509,0.40217391304347827
Sgo_CH1,S. gordonii,SGO_RS00615,0.41830065359477125,0.40860952510026743,0.45098039215686275
Sgo_CH1,S. gordonii,SGO_RS00620,0.4,0.3992705478048431,0.45875706214689266
Sgo_CH1,S. gordonii,SGO_RS00625,0.36363636363636365,0.3718333033827391,0.38484848484848483
Sgo_CH1,S. gordonii,SGO_RS00630,0.35789473684210527,0.34281277714832,0.4
Sgo_CH1,S. gordonii,SGO_RS00635,0.49074074074074076,0.2664825573973324,0.4567901234567901
Sgo_CH1,S. gordonii,SGO_RS00640,0.5398773006134969,0.2752996110958607,0.49079754601226994
Sgo_CH1,S. gordonii,SGO_RS00645,0.475,0.3662023143766183,0.49166666666666664
Sgo_CH1,S. gordonii,SGO_RS00650,0.5228426395939086,0.30981698402299873,0.49746192893401014
Sgo_CH1,S. gordonii,SGO_RS00655,0.5710059171597633,0.2614445938380685,0.4930966469428008
Sgo_CH1,S. gordonii,SGO_RS00660,0.48598130841121495,0.305593906315571,0.4797507788161994
Sgo_CH1,S. gordonii,SGO_RS00665,0.5172413793103449,0.2693409423038219,0.5014367816091954
Sgo_CH1,S. gordonii,SGO_RS00670,0.5577889447236181,0.29830568555811593,0.52428810720268
Sgo_CH1,S. gordonii,SGO_RS00675,0.5526881720430108,0.3190181837814831,0.5103942652329749
Sgo_CH1,S. gordonii,SGO_RS00680,0.6201923076923077,0.24232955756283225,0.5064102564102564
Sgo_CH1,S. gordonii,SGO_RS00685,0.2612137203166227,0.5127203780699692,0.436235708003518
Sgo_CH1,S. gordonii,SGO_RS00690,0.4767676767676768,0.39930411655905695,0.4686868686868687
Sgo_CH1,S. gordonii,SGO_RS00695,0.5328638497652582,0.2545426400742042,0.4984350547730829
Sgo_CH1,S. gordonii,SGO_RS00700,0.526829268292683,0.3518866025004226,0.46178861788617886
Sgo_CH1,S. gordonii,SGO_RS00705,0.4012345679012346,0.3541037328326723,0.3559670781893004
Sgo_CH1,S. gordonii,SGO_RS00710,0.22129086336965634,0.3963833384750191,0.27829002514668905
Sgo_CH1,S. gordonii,SGO_RS00715,0.5754824063564131,0.29383521079650954,0.4960272417707151
Sgo_CH1,S. gordonii,SGO_RS00720,0.4931506849315068,0.34255291228785656,0.4885844748858447
Sgo_CH1,S. gordonii,SGO_RS00725,0.4759036144578313,0.29945262293869906,0.45180722891566266
Sgo_CH1,S. gordonii,SGO_RS00730,0.3170731707317073,0.3792873666882321,0.4065040650406504
Sgo_CH1,S. gordonii,SGO_RS00735,0.27102803738317754,0.4323137919254486,0.34890965732087226
Sgo_CH1,S. gordonii,SGO_RS00740,0.39263803680981596,0.37046132677197435,0.4376278118609407
Sgo_CH1,S. gordonii,SGO_RS00745,0.391304347826087,0.40243403342916506,0.39009661835748793
Sgo_CH1,S. gordonii,SGO_RS00750,0.46194225721784776,0.4147451295056423,0.46106736657917763
Sgo_CH1,S. gordonii,SGO_RS00755,0.3974358974358974,0.3389456230669488,0.4423076923076923
Sgo_CH1,S. gordonii,SGO_RS00760,0.3688888888888889,0.7085157052894885,0.4274074074074074
Sgo_CH1,S. gordonii,SGO_RS00765,0.25483870967741934,0.4781978308855403,0.35698924731182796
Sgo_CH1,S. gordonii,SGO_RS00770,0.3345724907063197,0.3894733492045907,0.38661710037174724
Sgo_CH1,S. gordonii,SGO_RS00775,0.3501577287066246,0.3525980683207408,0.38590956887486855
Sgo_CH1,S. gordonii,SGO_RS00780,0.41630901287553645,0.4207759067148501,0.474964234620887
Sgo_CH1,S. gordonii,SGO_RS00785,0.5052910052910053,0.28705910519347055,0.4911816578483245
Sgo_CH1,S. gordonii,SGO_RS00790,0.4550561797752809,0.28833244446015466,0.449438202247191
Sgo_CH1,S. gordonii,SGO_RS00795,0.3684210526315789,0.37846903696614836,0.402046783625731
Sgo_CH1,S. gordonii,SGO_RS00800,0.2725880551301684,0.5948294880715329,0.4017355793772333
Sgo_CH1,S. gordonii,SGO_RS00805,0.3069306930693069,0.5119544971087835,0.39933993399339934
Sgo_CH1,S. gordonii,SGO_RS00810,0.3805309734513274,0.4250633954339152,0.4444444444444444
Sgo_CH1,S. gordonii,SGO_RS00815,0.4200351493848858,0.32922370933310063,0.4358523725834798
Sgo_CH1,S. gordonii,SGO_RS00820,0.4559322033898305,0.3252698430268226,0.4401129943502825
Sgo_CH1,S. gordonii,SGO_RS00825,0.3565217391304348,0.35276256295969,0.42318840579710143
Sgo_CH1,S. gordonii,SGO_RS00830,0.44,0.4081768662825434,0.41333333333333333
Sgo_CH1,S. gordonii,SGO_RS00835,0.4797297297297297,0.36436197284832134,0.48873873873873874
Sgo_CH1,S. gordonii,SGO_RS00840,0.3782051282051282,0.35985814978492453,0.40384615384615385
Sgo_CH1,S. gordonii,SGO_RS00845,0.5241228070175439,0.28047314200298346,0.49415204678362573
Sgo_CH1,S. gordonii,SGO_RS00850,0.3080168776371308,0.43794636143927607,0.40646976090014064
Sgo_CH1,S. gordonii,SGO_RS00855,0.4,0.2986984429364856,0.4505050505050505
Sgo_CH1,S. gordonii,SGO_RS00860,0.4094650205761317,0.4849442573494583,0.4410150891632373
Sgo_CH1,S. gordonii,SGO_RS00865,0.465,0.3754759905134896,0.4708333333333333
Sgo_CH1,S. gordonii,SGO_RS00870,0.5194805194805194,0.3016263457081092,0.48124098124098125
Sgo_CH1,S. gordonii,SGO_RS00875,0.36666666666666664,0.30990908284672614,0.36944444444444446
Sgo_CH1,S. gordonii,SGO_RS00880,0.46691176470588236,0.3302451175519737,0.42892156862745096
Sgo_CH1,S. gordonii,SGO_RS00885,0.35202492211838005,0.4937220117208615,0.407061266874351
Sgo_CH1,S. gordonii,SGO_RS00890,0.23723723723723725,0.4097722392352594,0.3713713713713714
Sgo_CH1,S. gordonii,SGO_RS00895,0.36492890995260663,0.2884374325361956,0.42496050552922593
Sgo_CH1,S. gordonii,SGO_RS00905,0.3702127659574468,0.3376261551537617,0.3950354609929078
Sgo_CH1,S. gordonii,SGO_RS00915,0.4088050314465409,0.3846342413121629,0.4088050314465409
Sgo_CH1,S. gordonii,SGO_RS00920,0.5019455252918288,0.29898726339926607,0.490272373540856
Sgo_CH1,S. gordonii,SGO_RS00925,0.47368421052631576,0.2926102105936595,0.4807017543859649
Sgo_CH1,S. gordonii,SGO_RS00930,0.3894736842105263,0.40699092368147455,0.3883040935672515
Sgo_CH1,S. gordonii,SGO_RS00935,0.375,0.3437038216176875,0.4124293785310734
Sgo_CH1,S. gordonii,SGO_RS00940,0.2767857142857143,0.42575353521309944,0.36607142857142855
Sgo_CH1,S. gordonii,SGO_RS00945,0.4639175257731959,0.31500701544208437,0.43871706758304696
Sgo_CH1,S. gordonii,SGO_RS11005,0.4117647058823529,0.3295747707872564,0.3872549019607843
Sgo_CH1,S. gordonii,SGO_RS00960,0.4477124183006536,0.41852111789416574,0.4074074074074074
Sgo_CH1,S. gordonii,SGO_RS00965,0.3412969283276451,0.3646068979696938,0.4129692832764505
Sgo_CH1,S. gordonii,SGO_RS00970,0.36363636363636365,0.4539041803783171,0.44393939393939397
Sgo_CH1,S. gordonii,SGO_RS00975,0.35545023696682465,0.3596886209856289,0.4186413902053712
Sgo_CH1,S. gordonii,SGO_RS00980,0.38902147971360385,0.3854989670610504,0.4144789180588703
Sgo_CH1,S. gordonii,SGO_RS00985,0.39490445859872614,0.40232124404297215,0.4171974522292994
Sgo_CH1,S. gordonii,SGO_RS00990,0.3088235294117647,0.4325701278468519,0.3786764705882353
Sgo_CH1,S. gordonii,SGO_RS00995,0.28888888888888886,0.38576862336027784,0.3925925925925926
Sgo_CH1,S. gordonii,SGO_RS01000,0.2463768115942029,0.7028168544843533,0.4227053140096618
Sgo_CH1,S. gordonii,SGO_RS01005,0.3057324840764331,0.7094150367212898,0.4585987261146497
Sgo_CH1,S. gordonii,SGO_RS01010,0.31988472622478387,0.7530599650547324,0.4322766570605187
Sgo_CH1,S. gordonii,SGO_RS01015,0.27002967359050445,0.8569411239846533,0.42235410484668645
Sgo_CH1,S. gordonii,SGO_RS01020,0.30132659507264686,0.44945608006862525,0.4173510212676353
Sgo_CH1,S. gordonii,SGO_RS01025,0.295,0.7551971690049195,0.42916666666666664
Sgo_CH1,S. gordonii,SGO_RS01030,0.258248730964467,0.5319032075522966,0.40080372250423013
Sgo_CH1,S. gordonii,SGO_RS01035,0.24066666666666667,0.5204424605614285,0.39266666666666666
Sgo_CH1,S. gordonii,SGO_RS01040,0.2488479262672811,0.5562335932669248,0.4009216589861751
Sgo_CH1,S. gordonii,SGO_RS01045,0.4124293785310734,0.38098328660713376,0.3804143126177024
Sgo_CH1,S. gordonii,SGO_RS01050,0.3360655737704918,0.3658232527292519,0.41530054644808745
Sgo_CH1,S. gordonii,SGO_RS01055,0.34521158129175944,0.48448079550685474,0.4135115070527097
Sgo_CH1,S. gordonii,SGO_RS01060,0.37777777777777777,0.3613688589450812,0.39753086419753086
Sgo_CH1,S. gordonii,SGO_RS01065,0.38202247191011235,0.33629140514777517,0.3940074906367041
Sgo_CH1,S. gordonii,SGO_RS11135,0.3915343915343915,0.40147823127116966,0.3932980599647266
Sgo_CH1,S. gordonii,SGO_RS01080,0.40819964349376114,0.47553034221827156,0.4474153297682709
Sgo_CH1,S. gordonii,SGO_RS01090,0.46320346320346323,0.29373661911635635,0.4935064935064935
Sgo_CH1,S. gordonii,SGO_RS01095,0.5165562913907285,0.33038150367531083,0.46799116997792495
Sgo_CH1,S. gordonii,SGO_RS01100,0.5103857566765578,0.3011782027494162,0.5024727992087042
Sgo_CH1,S. gordonii,SGO_RS01105,0.4698275862068966,0.2828143736450461,0.4640804597701149
Sgo_CH1,S. gordonii,SGO_RS01110,0.4864864864864865,0.32736380702089585,0.40540540540540543
Sgo_CH1,S. gordonii,SGO_RS01115,0.43373493975903615,0.3704273551525275,0.4364123159303882
Sgo_CH1,S. gordonii,SGO_RS01120,0.3004484304932735,0.41561199531875603,0.4020926756352765
Sgo_CH1,S. gordonii,SGO_RS01125,0.3319838056680162,0.42179720840152163,0.4048582995951417
Sgo_CH1,S. gordonii,SGO_RS01130,0.5561224489795918,0.3130957553367442,0.4906462585034014
Sgo_CH1,S. gordonii,SGO_RS01135,0.4484848484848485,0.35518027330820817,0.42828282828282827
Sgo_CH1,S. gordonii,SGO_RS01140,0.41737649063032367,0.32199415522562236,0.3850085178875639
Sgo_CH1,S. gordonii,SGO_RS01145,0.36,0.5540433124727638,0.4066666666666667
Sgo_CH1,S. gordonii,SGO_RS01150,0.375,0.48012896428894614,0.35294117647058826
Sgo_CH1,S. gordonii,SGO_RS01155,0.44342105263157894,0.402691094172476,0.43859649122807015
Sgo_CH1,S. gordonii,SGO_RS01160,0.3380281690140845,0.5937333351353548,0.4295774647887324
Sgo_CH1,S. gordonii,SGO_RS01165,0.35362997658079626,0.335242480319297,0.3918813427010148
Sgo_CH1,S. gordonii,SGO_RS01170,0.2926829268292683,0.41994427563067155,0.3861788617886179
Sgo_CH1,S. gordonii,SGO_RS01175,0.4935897435897436,0.3064700479488698,0.469017094017094
Sgo_CH1,S. gordonii,SGO_RS01180,0.45051194539249145,0.31585526287801613,0.47667804323094426
Sgo_CH1,S. gordonii,SGO_RS01185,0.4778481012658228,0.3168006836367912,0.47151898734177217
Sgo_CH1,S. gordonii,SGO_RS01190,0.49117647058823527,0.29169745780039646,0.4764705882352941
Sgo_CH1,S. gordonii,SGO_RS01195,0.48214285714285715,0.3478176232178648,0.47619047619047616
Sgo_CH1,S. gordonii,SGO_RS01200,0.4776470588235294,0.316366240482362,0.4949019607843137
Sgo_CH1,S. gordonii,SGO_RS01205,0.366412213740458,0.4263215099328573,0.4223918575063613
Sgo_CH1,S. gordonii,SGO_RS01210,0.3815789473684211,0.3193395936619086,0.4057017543859649
Sgo_CH1,S. gordonii,SGO_RS01215,0.4189723320158103,0.37585362894229224,0.4308300395256917
Sgo_CH1,S. gordonii,SGO_RS01220,0.36787564766839376,0.7432107112989333,0.4218480138169257
Sgo_CH1,S. gordonii,SGO_RS01225,0.4704225352112676,0.2982584052396444,0.4460093896713615
Sgo_CH1,S. gordonii,SGO_RS01230,0.4954128440366973,0.2863129500939462,0.4740061162079511
Sgo_CH1,S. gordonii,SGO_RS01240,0.54,0.25673471853353835,0.48933333333333334
Sgo_CH1,S. gordonii,SGO_RS01245,0.596244131455399,0.2392876727016279,0.47730829420970267
Sgo_CH1,S. gordonii,SGO_RS01250,0.35873015873015873,0.3391016672143458,0.362962962962963
Sgo_CH1,S. gordonii,SGO_RS01255,0.4131812420785805,0.37355347316503273,0.4313476975073933
Sgo_CH1,S. gordonii,SGO_RS01260,0.42786069651741293,0.4048435185121193,0.4096185737976783
Sgo_CH1,S. gordonii,SGO_RS01265,0.3501683501683502,0.3747228922279102,0.40404040404040403
Sgo_CH1,S. gordonii,SGO_RS01270,0.3235294117647059,0.33295042270219943,0.3627450980392157
Sgo_CH1,S. gordonii,SGO_RS01275,0.3224043715846995,0.37100593902553586,0.3679417122040073
Sgo_CH1,S. gordonii,SGO_RS01280,0.46272493573264784,0.30858640991111586,0.45115681233933164
Sgo_CH1,S. gordonii,SGO_RS01285,0.3581395348837209,0.3719339531241554,0.3891472868217054
Sgo_CH1,S. gordonii,SGO_RS01290,0.492600422832981,0.3527807724704546,0.47780126849894294
Sgo_CH1,S. gordonii,SGO_RS01295,0.4,0.46170594690366373,0.4444444444444444
Sgo_CH1,S. gordonii,SGO_RS01300,0.26011560693641617,0.4685406597226208,0.30828516377649323
Sgo_CH1,S. gordonii,SGO_RS01305,0.2971887550200803,0.42397460926492536,0.29852744310575635
Sgo_CH1,S. gordonii,SGO_RS01310,0.2867647058823529,0.4367293215217843,0.33578431372549017
Sgo_CH1,S. gordonii,SGO_RS01315,0.39791666666666664,0.36104687435540994,0.4097222222222222
Sgo_CH1,S. gordonii,SGO_RS01320,0.32857142857142857,0.37196138521055655,0.3761904761904762
Sgo_CH1,S. gordonii,SGO_RS01325,0.35609756097560974,0.3360385881109757,0.3772357723577236
Sgo_CH1,S. gordonii,SGO_RS01330,0.38271604938271603,0.3667548949921465,0.44279835390946504
Sgo_CH1,S. gordonii,SGO_RS01335,0.4318936877076412,0.32530540479753484,0.4485049833887043
Sgo_CH1,S. gordonii,SGO_RS01340,0.37398373983739835,0.41013432541810313,0.34688346883468835
Sgo_CH1,S. gordonii,SGO_RS01345,0.2746268656716418,0.38972236612667754,0.3940298507462687
Sgo_CH1,S. gordonii,SGO_RS01350,0.26976744186046514,0.4031781855081291,0.3395348837209302
Sgo_CH1,S. gordonii,SGO_RS01355,0.3950617283950617,0.3454679706295196,0.448559670781893
Sgo_CH1,S. gordonii,SGO_RS01360,0.3429844097995546,0.6726612188923907,0.44097995545657015
Sgo_CH1,S. gordonii,SGO_RS01365,0.4504792332268371,0.3632031804777506,0.4494142705005325
Sgo_CH1,S. gordonii,SGO_RS01370,0.47435897435897434,0.3312122464608135,0.47435897435897434
Sgo_CH1,S. gordonii,SGO_RS01375,0.2794759825327511,0.4061013099111888,0.3697234352256186
Sgo_CH1,S. gordonii,SGO_RS01380,0.4386792452830189,0.3497117339947355,0.4669811320754717
Sgo_CH1,S. gordonii,SGO_RS01385,0.3412698412698413,0.45741813202181003,0.43492063492063493
Sgo_CH1,S. gordonii,SGO_RS01390,0.3586698337292161,0.34369609917670974,0.4220110847189232
Sgo_CH1,S. gordonii,SGO_RS01400,0.5085910652920962,0.3306504310405466,0.42038946162657503
Sgo_CH1,S. gordonii,SGO_RS01405,0.4780793319415449,0.3744551801696532,0.4711203897007655
Sgo_CH1,S. gordonii,SGO_RS01410,0.4254937163375224,0.3499883986563153,0.414721723518851
Sgo_CH1,S. gordonii,SGO_RS01415,0.3695652173913043,0.3420907770282928,0.4178743961352657
Sgo_CH1,S. gordonii,SGO_RS01420,0.5165876777251185,0.29750096694638545,0.4518167456556082
Sgo_CH1,S. gordonii,SGO_RS01425,0.6212121212121212,0.28775575952216037,0.4696969696969697
Sgo_CH1,S. gordonii,SGO_RS01430,0.3709677419354839,0.47277130666861383,0.40860215053763443
Sgo_CH1,S. gordonii,SGO_RS01435,0.46153846153846156,0.3561995000060741,0.4660368870895187
Sgo_CH1,S. gordonii,SGO_RS01440,0.38513513513513514,0.7276759274564856,0.43975225225225223
Sgo_CH1,S. gordonii,SGO_RS01445,0.3793103448275862,0.4496307621415553,0.39655172413793105
Sgo_CH1,S. gordonii,SGO_RS01455,0.30095238095238097,0.3922606202012398,0.35619047619047617
Sgo_CH1,S. gordonii,SGO_RS01465,0.5645833333333333,0.3467821914430326,0.4951388888888889
Sgo_CH1,S. gordonii,SGO_RS01470,0.40969162995594716,0.36298944959296525,0.42731277533039647
Sgo_CH1,S. gordonii,SGO_RS01475,0.4623287671232877,0.30278184108667333,0.4349315068493151
Sgo_CH1,S. gordonii,SGO_RS01480,0.5477178423236515,0.3256231973953309,0.4384508990318119
Sgo_CH1,S. gordonii,SGO_RS01485,0.5080385852090032,0.34736181361602303,0.4533762057877814
Sgo_CH1,S. gordonii,SGO_RS01490,0.46551724137931033,0.3415700044401899,0.40948275862068967
Sgo_CH1,S. gordonii,SGO_RS01495,0.5313531353135313,0.31308287013510955,0.44994499449944997
Sgo_CH1,S. gordonii,SGO_RS01500,0.45454545454545453,0.318103264085764,0.4329004329004329
Sgo_CH1,S. gordonii,SGO_RS01505,0.43873517786561267,0.3766255661961051,0.4150197628458498
Sgo_CH1,S. gordonii,SGO_RS01510,0.47194719471947194,0.40773573438143634,0.42024202420242024
Sgo_CH1,S. gordonii,SGO_RS01515,0.5692041522491349,0.27057637391629963,0.5023068050749712
Sgo_CH1,S. gordonii,SGO_RS01520,0.3548387096774194,0.33038135182974543,0.3870967741935484
Sgo_CH1,S. gordonii,SGO_RS01525,0.3941411451398136,0.5869528822524361,0.4411895250776742
Sgo_CH1,S. gordonii,SGO_RS01530,0.37894736842105264,0.38052528532111163,0.4222222222222222
Sgo_CH1,S. gordonii,SGO_RS01535,0.3584905660377358,0.6420616326416957,0.43522012578616354
Sgo_CH1,S. gordonii,SGO_RS01540,0.5231316725978647,0.2839732625259881,0.498220640569395
Sgo_CH1,S. gordonii,SGO_RS01545,0.45226130653266333,0.32283381183204485,0.46063651591289784
Sgo_CH1,S. gordonii,SGO_RS01550,0.49019607843137253,0.34502350448637087,0.5147058823529411
Sgo_CH1,S. gordonii,SGO_RS01555,0.3204013377926421,0.4305747562962555,0.41204013377926424
Sgo_CH1,S. gordonii,SGO_RS01560,0.345819397993311,0.4007944236256661,0.4329988851727982
Sgo_CH1,S. gordonii,SGO_RS01565,0.4316546762589928,0.33107444198567326,0.41247002398081534
Sgo_CH1,S. gordonii,SGO_RS01570,0.44,0.3822159164889151,0.42777777777777776
Sgo_CH1,S. gordonii,SGO_RS01575,0.41954022988505746,0.3306901983432047,0.4281609195402299
Sgo_CH1,S. gordonii,SGO_RS01580,0.3902439024390244,0.4552116850486844,0.43902439024390244
Sgo_CH1,S. gordonii,SGO_RS01585,0.4671916010498688,0.3187459883441937,0.43132108486439197
Sgo_CH1,S. gordonii,SGO_RS01590,0.3991769547325103,0.34682225196528826,0.43072702331961593
Sgo_CH1,S. gordonii,SGO_RS01595,0.3653198653198653,0.38959693860177685,0.38103254769921435
Sgo_CH1,S. gordonii,SGO_RS01600,0.35333333333333333,0.3417813607434455,0.3788888888888889
Sgo_CH1,S. gordonii,SGO_RS01605,0.3360655737704918,0.4114157944740496,0.3923497267759563
Sgo_CH1,S. gordonii,SGO_RS01610,0.3683083511777302,0.35637912264377797,0.4147037830121342
Sgo_CH1,S. gordonii,SGO_RS01615,0.4004149377593361,0.34282830593293856,0.3941908713692946
Sgo_CH1,S. gordonii,SGO_RS01620,0.3935810810810811,0.3712845710982875,0.3918918918918919
Sgo_CH1,S. gordonii,SGO_RS01625,0.3510204081632653,0.36220317308523414,0.38503401360544215
Sgo_CH1,S. gordonii,SGO_RS01630,0.3705357142857143,0.4108368326192065,0.3869047619047619
Sgo_CH1,S. gordonii,SGO_RS01635,0.3658008658008658,0.41531864252089706,0.40476190476190477
Sgo_CH1,S. gordonii,SGO_RS01645,0.4692556634304207,0.3792336343298454,0.45415318230852214
Sgo_CH1,S. gordonii,SGO_RS01650,0.5072463768115942,0.27316752313124176,0.45169082125603865
Sgo_CH1,S. gordonii,SGO_RS01660,0.19047619047619047,0.5236758008627326,0.3619047619047619
Sgo_CH1,S. gordonii,SGO_RS01665,0.34080717488789236,0.5524133259691817,0.4304932735426009
Sgo_CH1,S. gordonii,SGO_RS01670,0.2803030303030303,0.3909117856857281,0.3686868686868687
Sgo_CH1,S. gordonii,SGO_RS01675,0.3783783783783784,0.2926460603816386,0.3993993993993994
Sgo_CH1,S. gordonii,SGO_RS01680,0.25384615384615383,0.55833268419675,0.37948717948717947
Sgo_CH1,S. gordonii,SGO_RS01685,0.2558139534883721,0.4087712424222375,0.3953488372093023
Sgo_CH1,S. gordonii,SGO_RS01690,0.5442404006677797,0.3948370158173522,0.4819143016138008
Sgo_CH1,S. gordonii,SGO_RS01695,0.41409691629955947,0.3338644407603161,0.4177679882525698
Sgo_CH1,S. gordonii,SGO_RS01700,0.42661179698216734,0.4554230652798111,0.4686785550983082
Sgo_CH1,S. gordonii,SGO_RS01705,0.4029126213592233,0.3532307652145035,0.48058252427184467
Sgo_CH1,S. gordonii,SGO_RS01715,0.4549019607843137,0.3594728657494694,0.46405228758169936
Sgo_CH1,S. gordonii,SGO_RS01720,0.5114942528735632,0.3030797146623827,0.4578544061302682
Sgo_CH1,S. gordonii,SGO_RS01725,0.4955357142857143,0.3689710018581594,0.4739583333333333
Sgo_CH1,S. gordonii,SGO_RS01730,0.5481481481481482,0.30125009279751264,0.4740740740740741
Sgo_CH1,S. gordonii,SGO_RS01735,0.4178082191780822,0.32810459600529823,0.4212328767123288
Sgo_CH1,S. gordonii,SGO_RS01740,0.36074270557029176,0.6780032692994825,0.4146772767462423
Sgo_CH1,S. gordonii,SGO_RS01745,0.3944805194805195,0.3807424979509501,0.413961038961039
Sgo_CH1,S. gordonii,SGO_RS01750,0.40498442367601245,0.29748975883400486,0.43406022845275183
Sgo_CH1,S. gordonii,SGO_RS01755,0.5614754098360656,0.29982860382717524,0.49043715846994534
Sgo_CH1,S. gordonii,SGO_RS01760,0.2651162790697674,0.4511002220329806,0.3178294573643411
Sgo_CH1,S. gordonii,SGO_RS01765,0.34375,0.33601028858783555,0.4351851851851852
Sgo_CH1,S. gordonii,SGO_RS01770,0.28187919463087246,0.7923720698946979,0.4116331096196868
Sgo_CH1,S. gordonii,SGO_RS01775,0.24427480916030533,0.8185162943763421,0.45038167938931295
Sgo_CH1,S. gordonii,SGO_RS01780,0.2857142857142857,0.4175709681788429,0.32987012987012987
Sgo_CH1,S. gordonii,SGO_RS01785,0.27167630057803466,0.4979372288978638,0.3333333333333333
Sgo_CH1,S. gordonii,SGO_RS01795,0.32857142857142857,0.3182486504478304,0.35
Sgo_CH1,S. gordonii,SGO_RS01805,0.27927927927927926,0.389101268527694,0.3003003003003003
Sgo_CH1,S. gordonii,SGO_RS01815,0.2731707317073171,0.3754849059538545,0.32195121951219513
Sgo_CH1,S. gordonii,SGO_RS01820,0.2831858407079646,0.3509462862844422,0.3185840707964602
Sgo_CH1,S. gordonii,SGO_RS01825,0.20610687022900764,0.38914324697658614,0.3231552162849873
Sgo_CH1,S. gordonii,SGO_RS01830,0.25158227848101267,0.41803834671668455,0.38924050632911394
Sgo_CH1,S. gordonii,SGO_RS01840,0.2764505119453925,0.4193399831311072,0.3412969283276451
Sgo_CH1,S. gordonii,SGO_RS01845,0.358974358974359,0.41625444595574157,0.33618233618233617
Sgo_CH1,S. gordonii,SGO_RS01850,0.3062730627306273,0.49074428695473993,0.41697416974169743
Sgo_CH1,S. gordonii,SGO_RS01855,0.3575949367088608,0.36753552640675624,0.38924050632911394
Sgo_CH1,S. gordonii,SGO_RS01865,0.2163265306122449,0.39357502072549644,0.2979591836734694
Sgo_CH1,S. gordonii,SGO_RS01870,0.20705882352941177,0.35477341816157776,0.26666666666666666
Sgo_CH1,S. gordonii,SGO_RS01875,0.2555066079295154,0.4202965075927498,0.30837004405286345
Sgo_CH1,S. gordonii,SGO_RS01880,0.20833333333333334,0.4218371426161348,0.26805555555555555
Sgo_CH1,S. gordonii,SGO_RS01890,0.35714285714285715,0.43854248570458887,0.37936507936507935
Sgo_CH1,S. gordonii,SGO_RS01895,0.2781456953642384,0.4649582925620685,0.31567328918322296
Sgo_CH1,S. gordonii,SGO_RS01900,0.21311475409836064,0.35693664960259175,0.28415300546448086
Sgo_CH1,S. gordonii,SGO_RS01910,0.38609112709832133,0.4090019700770633,0.4148681055155875
Sgo_CH1,S. gordonii,SGO_RS01915,0.3738019169329074,0.35828123024979003,0.44089456869009586
Sgo_CH1,S. gordonii,SGO_RS01920,0.44357700496806246,0.34032610250924733,0.4665247220250769
Sgo_CH1,S. gordonii,SGO_RS01925,0.4121863799283154,0.37382594368805744,0.4062126642771804
Sgo_CH1,S. gordonii,SGO_RS01930,0.39710144927536234,0.3902816020268344,0.43671497584541064
Sgo_CH1,S. gordonii,SGO_RS01935,0.3701657458563536,0.4443292374039098,0.42480049109883367
Sgo_CH1,S. gordonii,SGO_RS01945,0.45739910313901344,0.38112315528592233,0.48056801195814647
Sgo_CH1,S. gordonii,SGO_RS01950,0.3125,0.3946981681418533,0.42857142857142855
Sgo_CH1,S. gordonii,SGO_RS01955,0.3318777292576419,0.3822708597322364,0.4395924308588064
Sgo_CH1,S. gordonii,SGO_RS01960,0.37969924812030076,0.3317126632362446,0.43734335839599
Sgo_CH1,S. gordonii,SGO_RS01965,0.37435897435897436,0.3214137907317896,0.38974358974358975
Sgo_CH1,S. gordonii,SGO_RS01975,0.4444444444444444,0.28297131815518944,0.41358024691358025
Sgo_CH1,S. gordonii,SGO_RS01980,0.3612565445026178,0.37689031691690467,0.3682373472949389
Sgo_CH1,S. gordonii,SGO_RS01985,0.4160839160839161,0.36092216134705196,0.41375291375291373
Sgo_CH1,S. gordonii,SGO_RS01990,0.3868312757201646,0.3862785128134093,0.37037037037037035
Sgo_CH1,S. gordonii,SGO_RS01995,0.43478260869565216,0.33570141169317136,0.42028985507246375
Sgo_CH1,S. gordonii,SGO_RS02000,0.34269662921348315,0.49115090503082304,0.43820224719101125
Sgo_CH1,S. gordonii,SGO_RS02005,0.2894736842105263,0.7265502898511996,0.4243421052631579
Sgo_CH1,S. gordonii,SGO_RS02010,0.3080568720379147,0.43860574579938194,0.353870458135861
Sgo_CH1,S. gordonii,SGO_RS02015,0.3412698412698413,0.42590644481840345,0.45943562610229277
Sgo_CH1,S. gordonii,SGO_RS02020,0.3240973971452561,0.4404891369219745,0.41449762104673943
Sgo_CH1,S. gordonii,SGO_RS02025,0.36075949367088606,0.4303268157719186,0.4240506329113924
Sgo_CH1,S. gordonii,SGO_RS02030,0.46,0.28504003374094694,0.46266666666666667
Sgo_CH1,S. gordonii,SGO_RS02035,0.41847551741544675,0.39544591419105296,0.45145549385832073
Sgo_CH1,S. gordonii,SGO_RS02040,0.41338582677165353,0.33467089167509884,0.442257217847769
Sgo_CH1,S. gordonii,SGO_RS02045,0.422360248447205,0.4416772119391459,0.42028985507246375
Sgo_CH1,S. gordonii,SGO_RS02050,0.30319148936170215,0.36463146231872084,0.4237588652482269
Sgo_CH1,S. gordonii,SGO_RS02055,0.2336448598130841,0.7371792259047116,0.3917445482866044
Sgo_CH1,S. gordonii,SGO_RS02060,0.29591836734693877,0.562802841861924,0.3979591836734694
Sgo_CH1,S. gordonii,SGO_RS02065,0.3157894736842105,0.4419015527335168,0.3713450292397661
Sgo_CH1,S. gordonii,SGO_RS02070,0.34445768772348034,0.5001688564407344,0.4211362733412793
Sgo_CH1,S. gordonii,SGO_RS02075,0.3313953488372093,0.41939449501464626,0.42151162790697677
Sgo_CH1,S. gordonii,SGO_RS02080,0.35537190082644626,0.35822966828264824,0.4132231404958678
Sgo_CH1,S. gordonii,SGO_RS02085,0.2953929539295393,0.4344795413116974,0.4146341463414634
Sgo_CH1,S. gordonii,SGO_RS02090,0.4107142857142857,0.35564500160399914,0.43898809523809523
Sgo_CH1,S. gordonii,SGO_RS02095,0.3201174743024963,0.339522143814104,0.3808125305922663
Sgo_CH1,S. gordonii,SGO_RS02105,0.3706293706293706,0.3715571426349927,0.40792540792540793
Sgo_CH1,S. gordonii,SGO_RS02110,0.31877729257641924,0.378012299108454,0.38719068413391555
Sgo_CH1,S. gordonii,SGO_RS02115,0.3894080996884735,0.4139197582911643,0.43406022845275183
Sgo_CH1,S. gordonii,SGO_RS02120,0.3577586206896552,0.4080652913002628,0.4073275862068966
Sgo_CH1,S. gordonii,SGO_RS02125,0.23178807947019867,0.4970065670493417,0.38852097130242824
Sgo_CH1,S. gordonii,SGO_RS02130,0.38271604938271603,0.4327981259083992,0.42304526748971194
Sgo_CH1,S. gordonii,SGO_RS02135,0.34949267192784667,0.41849906216194493,0.44381811349116873
Sgo_CH1,S. gordonii,SGO_RS02140,0.3688212927756654,0.40655744604045174,0.394169835234474
Sgo_CH1,S. gordonii,SGO_RS02145,0.3333333333333333,0.3839351923118981,0.41397849462365593
Sgo_CH1,S. gordonii,SGO_RS02150,0.47150259067357514,0.37772306348422496,0.46689694876223375
Sgo_CH1,S. gordonii,SGO_RS02155,0.39603960396039606,0.42608105357705606,0.4389438943894389
Sgo_CH1,S. gordonii,SGO_RS02160,0.4376278118609407,0.455001315570257,0.45807770961145194
Sgo_CH1,S. gordonii,SGO_RS02165,0.49581589958158995,0.39811834712610733,0.47419804741980476
Sgo_CH1,S. gordonii,SGO_RS02180,0.38968481375358166,0.40237163565750306,0.46609360076408785
Sgo_CH1,S. gordonii,SGO_RS02185,0.4276315789473684,0.3370234985572542,0.4144736842105263
Sgo_CH1,S. gordonii,SGO_RS02190,0.41148325358851673,0.411003525571832,0.4098883572567783
Sgo_CH1,S. gordonii,SGO_RS02195,0.2222222222222222,0.4325723041188674,0.3287037037037037
Sgo_CH1,S. gordonii,SGO_RS02200,0.5511363636363636,0.32704036150492166,0.4678030303030303
Sgo_CH1,S. gordonii,SGO_RS02205,0.5121951219512195,0.3448411679920322,0.4823848238482385
Sgo_CH1,S. gordonii,SGO_RS02210,0.46153846153846156,0.3334646557635313,0.4166666666666667
Sgo_CH1,S. gordonii,SGO_RS02215,0.5165876777251185,0.29593560906273036,0.4676145339652449
Sgo_CH1,S. gordonii,SGO_RS02220,0.535,0.3212911816331293,0.48
Sgo_CH1,S. gordonii,SGO_RS02225,0.3273809523809524,0.40694516924958946,0.3531746031746032
Sgo_CH1,S. gordonii,SGO_RS02230,0.45081967213114754,0.44461167576252986,0.4781420765027322
Sgo_CH1,S. gordonii,SGO_RS02235,0.5510204081632653,0.34511991173620005,0.46938775510204084
Sgo_CH1,S. gordonii,SGO_RS02240,0.532967032967033,0.27201489813587676,0.4908424908424908
Sgo_CH1,S. gordonii,SGO_RS02245,0.33574007220216606,0.44406528389920047,0.34777376654632974
Sgo_CH1,S. gordonii,SGO_RS02250,0.2803347280334728,0.5876110362831721,0.4086471408647141
Sgo_CH1,S. gordonii,SGO_RS02255,0.3054054054054054,0.4188659425990054,0.37027027027027026
Sgo_CH1,S. gordonii,SGO_RS02260,0.3148148148148148,0.3526019771248807,0.41005291005291006
Sgo_CH1,S. gordonii,SGO_RS02265,0.2692307692307692,0.47712327648739467,0.36363636363636365
Sgo_CH1,S. gordonii,SGO_RS02270,0.2986111111111111,0.6324799809469549,0.3761574074074074
Sgo_CH1,S. gordonii,SGO_RS02275,0.3799126637554585,0.3575247315772055,0.433042212518195
Sgo_CH1,S. gordonii,SGO_RS02280,0.37746478873239436,0.43513846464437866,0.40657276995305164
Sgo_CH1,S. gordonii,SGO_RS02285,0.329004329004329,0.4755196982335159,0.4069264069264069
Sgo_CH1,S. gordonii,SGO_RS02290,0.38945578231292516,0.3329707872807977,0.4013605442176871
Sgo_CH1,S. gordonii,SGO_RS02295,0.3500897666068223,0.3411905584652753,0.42669060442848594
Sgo_CH1,S. gordonii,SGO_RS02300,0.40703517587939697,0.36876086261026886,0.423785594639866
Sgo_CH1,S. gordonii,SGO_RS02305,0.3788546255506608,0.2751855030107538,0.40822320117474303
Sgo_CH1,S. gordonii,SGO_RS02310,0.28991596638655465,0.38480690430258596,0.3795518207282913
Sgo_CH1,S. gordonii,SGO_RS02315,0.40070921985815605,0.41935172117520614,0.4302600472813239
Sgo_CH1,S. gordonii,SGO_RS02320,0.35294117647058826,0.44877701655049246,0.42245989304812837
Sgo_CH1,S. gordonii,SGO_RS02335,0.26506024096385544,0.35541323196320485,0.3413654618473896
Sgo_CH1,S. gordonii,SGO_RS02340,0.3710691823899371,0.35049717540899533,0.3941299790356394
Sgo_CH1,S. gordonii,SGO_RS02345,0.38495575221238937,0.373723864211177,0.40117994100294985
Sgo_CH1,S. gordonii,SGO_RS02350,0.38650306748466257,0.3470807184305689,0.3803680981595092
Sgo_CH1,S. gordonii,SGO_RS02355,0.48328267477203646,0.5121818959651616,0.46707193515704154
Sgo_CH1,S. gordonii,SGO_RS02360,0.2698412698412698,0.4215356686079771,0.3693121693121693
Sgo_CH1,S. gordonii,SGO_RS02365,0.2611464968152866,0.3738967016620468,0.351380042462845
Sgo_CH1,S. gordonii,SGO_RS02370,0.40671641791044777,0.3194006297648572,0.4141791044776119
Sgo_CH1,S. gordonii,SGO_RS02375,0.34782608695652173,0.3992072290635232,0.4251207729468599
Sgo_CH1,S. gordonii,SGO_RS02380,0.4083333333333333,0.34364277198417764,0.4305555555555556
Sgo_CH1,S. gordonii,SGO_RS02385,0.391304347826087,0.3710193187876059,0.4363929146537842
Sgo_CH1,S. gordonii,SGO_RS02390,0.3234323432343234,0.3892103958104163,0.38833883388338836
Sgo_CH1,S. gordonii,SGO_RS02395,0.44038929440389296,0.3551306445312817,0.4120032441200324
Sgo_CH1,S. gordonii,SGO_RS02400,0.3799126637554585,0.3826575958999747,0.4366812227074236
Sgo_CH1,S. gordonii,SGO_RS02405,0.4688995215311005,0.37496015300713204,0.42424242424242425
Sgo_CH1,S. gordonii,SGO_RS02410,0.3425196850393701,0.32392103629636454,0.41863517060367456
Sgo_CH1,S. gordonii,SGO_RS02415,0.4483985765124555,0.31674932053764865,0.4454329774614472
Sgo_CH1,S. gordonii,SGO_RS02420,0.3763440860215054,0.35303145229231786,0.3835125448028674
Sgo_CH1,S. gordonii,SGO_RS02425,0.4076655052264808,0.33704952312911635,0.39256678281068524
Sgo_CH1,S. gordonii,SGO_RS02430,0.5126050420168067,0.3316801341247603,0.4677871148459384
Sgo_CH1,S. gordonii,SGO_RS02435,0.4,0.3405878238174116,0.43488372093023253
Sgo_CH1,S. gordonii,SGO_RS02440,0.3582089552238806,0.3974543116018911,0.373134328358209
Sgo_CH1,S. gordonii,SGO_RS02445,0.3105263157894737,0.5260104868139426,0.3894736842105263
Sgo_CH1,S. gordonii,SGO_RS02450,0.33221476510067116,0.345172555719207,0.4250559284116331
Sgo_CH1,S. gordonii,SGO_RS02455,0.3422818791946309,0.34576512078211735,0.3713646532438479
Sgo_CH1,S. gordonii,SGO_RS02460,0.40811153358681873,0.42718134729387447,0.42902408111533585
Sgo_CH1,S. gordonii,SGO_RS02465,0.4587378640776699,0.320980265655833,0.4110032362459547
Sgo_CH1,S. gordonii,SGO_RS02470,0.38275862068965516,0.3810989490500109,0.39655172413793105
Sgo_CH1,S. gordonii,SGO_RS02475,0.288135593220339,0.4199599564145579,0.384180790960452
Sgo_CH1,S. gordonii,SGO_RS02480,0.36639676113360325,0.49217390516432236,0.4433198380566802
Sgo_CH1,S. gordonii,SGO_RS02485,0.36,0.6457036632757578,0.43087719298245614
Sgo_CH1,S. gordonii,SGO_RS02490,0.2782608695652174,0.33584204282809416,0.372463768115942
Sgo_CH1,S. gordonii,SGO_RS02495,0.3091655266757866,0.6109334020579005,0.4126766985864113
Sgo_CH1,S. gordonii,SGO_RS02500,0.40808823529411764,0.42120080837693047,0.4264705882352941
Sgo_CH1,S. gordonii,SGO_RS02505,0.2302158273381295,0.43558023399032453,0.34532374100719426
Sgo_CH1,S. gordonii,SGO_RS02510,0.3291139240506329,0.3750230681016866,0.41561181434599154
Sgo_CH1,S. gordonii,SGO_RS02515,0.38701298701298703,0.3805688570900919,0.4051948051948052
Sgo_CH1,S. gordonii,SGO_RS02520,0.4766666666666667,0.348996287147186,0.44555555555555554
Sgo_CH1,S. gordonii,SGO_RS02525,0.40585774058577406,0.36288160666452984,0.45188284518828453
Sgo_CH1,S. gordonii,SGO_RS02530,0.4988558352402746,0.34327192757543734,0.4683447749809306
Sgo_CH1,S. gordonii,SGO_RS02535,0.34271844660194173,0.35914251389289326,0.40258899676375404
Sgo_CH1,S. gordonii,SGO_RS02540,0.3548387096774194,0.45067581447113153,0.3932411674347158
Sgo_CH1,S. gordonii,SGO_RS02545,0.31981981981981983,0.5108777813356963,0.39564564564564564
Sgo_CH1,S. gordonii,SGO_RS02550,0.37058823529411766,0.38931178181935383,0.3941176470588235
Sgo_CH1,S. gordonii,SGO_RS02555,0.3712574850299401,0.358749173829838,0.405189620758483
Sgo_CH1,S. gordonii,SGO_RS02560,0.3193430656934307,0.4293647145503954,0.3838199513381995
Sgo_CH1,S. gordonii,SGO_RS02565,0.2484472049689441,0.5238803827579896,0.38509316770186336
Sgo_CH1,S. gordonii,SGO_RS02575,0.3762057877813505,0.473907935023788,0.39978563772775993
Sgo_CH1,S. gordonii,SGO_RS02585,0.3522267206477733,0.37815678441248807,0.40215924426450744
Sgo_CH1,S. gordonii,SGO_RS02590,0.3780487804878049,0.3586241032534862,0.39227642276422764
Sgo_CH1,S. gordonii,SGO_RS02595,0.3231441048034934,0.44857401515678597,0.38573508005822416
Sgo_CH1,S. gordonii,SGO_RS02600,0.36013986013986016,0.4411461773764076,0.42657342657342656
Sgo_CH1,S. gordonii,SGO_RS02605,0.37735849056603776,0.36307118377758685,0.4444444444444444
Sgo_CH1,S. gordonii,SGO_RS02610,0.2903225806451613,0.6820759815701539,0.4144672531769306
Sgo_CH1,S. gordonii,SGO_RS02615,0.3381294964028777,0.42483389779991626,0.42046362909672264
Sgo_CH1,S. gordonii,SGO_RS02620,0.3763837638376384,0.41292405360311746,0.4046740467404674
Sgo_CH1,S. gordonii,SGO_RS02625,0.3383084577114428,0.39412120847974874,0.3333333333333333
Sgo_CH1,S. gordonii,SGO_RS02630,0.3410526315789474,0.42817231121019395,0.41333333333333333
Sgo_CH1,S. gordonii,SGO_RS02635,0.40939597315436244,0.3321086947058534,0.436241610738255
Sgo_CH1,S. gordonii,SGO_RS02640,0.3657142857142857,0.3464816226909254,0.41523809523809524
Sgo_CH1,S. gordonii,SGO_RS02645,0.3564356435643564,0.36952922831507407,0.41336633663366334
Sgo_CH1,S. gordonii,SGO_RS02650,0.3564356435643564,0.44140294029498056,0.3696369636963696
Sgo_CH1,S. gordonii,SGO_RS02655,0.31654676258992803,0.4794159821373937,0.41007194244604317
Sgo_CH1,S. gordonii,SGO_RS02660,0.4016393442622951,0.3635644011885491,0.41120218579234974
Sgo_CH1,S. gordonii,SGO_RS02665,0.3664772727272727,0.35737666087646713,0.3740530303030303
Sgo_CH1,S. gordonii,SGO_RS02670,0.42641509433962266,0.36403126852408974,0.4226415094339623
Sgo_CH1,S. gordonii,SGO_RS02675,0.3615023474178404,0.3835344634760984,0.40062597809076683
Sgo_CH1,S. gordonii,SGO_RS02680,0.43558282208588955,0.31608042714745155,0.4274028629856851
Sgo_CH1,S. gordonii,SGO_RS02685,0.3164251207729469,0.565729393224318,0.4178743961352657
Sgo_CH1,S. gordonii,SGO_RS02695,0.3,0.41363893343712865,0.38666666666666666
Sgo_CH1,S. gordonii,SGO_RS02705,0.4396551724137931,0.4433220430347312,0.40804597701149425
Sgo_CH1,S. gordonii,SGO_RS02710,0.43566176470588236,0.3609645411912526,0.42830882352941174
Sgo_CH1,S. gordonii,SGO_RS02715,0.3776041666666667,0.455947256211172,0.4435763888888889
Sgo_CH1,S. gordonii,SGO_RS02725,0.524822695035461,0.3400092365522255,0.508274231678487
Sgo_CH1,S. gordonii,SGO_RS02730,0.4370860927152318,0.27233083108183165,0.434878587196468
Sgo_CH1,S. gordonii,SGO_RS02735,0.5291164658634538,0.3110493220711008,0.4678714859437751
Sgo_CH1,S. gordonii,SGO_RS02740,0.19718309859154928,0.3734621895703773,0.2828638497652582
Sgo_CH1,S. gordonii,SGO_RS02745,0.20556227327690446,0.40404969407019053,0.27488915759774285
Sgo_CH1,S. gordonii,SGO_RS02750,0.2655086848635236,0.3910175055876289,0.34077750206782464
Sgo_CH1,S. gordonii,SGO_RS02755,0.41568627450980394,0.376960321546925,0.4235294117647059
Sgo_CH1,S. gordonii,SGO_RS02760,0.23208191126279865,0.3871094788537597,0.2844141069397042
Sgo_CH1,S. gordonii,SGO_RS02765,0.5410447761194029,0.3189977804735156,0.472636815920398
Sgo_CH1,S. gordonii,SGO_RS02770,0.40707964601769914,0.33293849273894716,0.3834808259587021
Sgo_CH1,S. gordonii,SGO_RS02775,0.36187845303867405,0.3814385262188881,0.3848987108655617
Sgo_CH1,S. gordonii,SGO_RS02780,0.5409836065573771,0.23748512055176513,0.5136612021857924
Sgo_CH1,S. gordonii,SGO_RS02785,0.3196480938416422,0.6211923391856634,0.45161290322580644
Sgo_CH1,S. gordonii,SGO_RS02790,0.357331571994716,0.45286536633604507,0.4335094671950683
Sgo_CH1,S. gordonii,SGO_RS02795,0.5261437908496732,0.34825350240832953,0.4989106753812636
Sgo_CH1,S. gordonii,SGO_RS02800,0.4838235294117647,0.3949245805462762,0.475
Sgo_CH1,S. gordonii,SGO_RS02810,0.3611111111111111,0.3846297349138846,0.39814814814814814
Sgo_CH1,S. gordonii,SGO_RS02820,0.3249211356466877,0.3972411640826739,0.40168243953732913
Sgo_CH1,S. gordonii,SGO_RS02825,0.4392523364485981,0.3599081934971912,0.40186915887850466
Sgo_CH1,S. gordonii,SGO_RS02830,0.35904255319148937,0.3989398092271505,0.40647163120567376
Sgo_CH1,S. gordonii,SGO_RS02835,0.375,0.4250813541407038,0.4105691056910569
Sgo_CH1,S. gordonii,SGO_RS02840,0.40401785714285715,0.3612641133556696,0.4211309523809524
Sgo_CH1,S. gordonii,SGO_RS02845,0.32592592592592595,0.3797223349047668,0.40370370370370373
Sgo_CH1,S. gordonii,SGO_RS02850,0.3064516129032258,0.3930003684203281,0.3978494623655914
Sgo_CH1,S. gordonii,SGO_RS02860,0.2819672131147541,0.5083412489149087,0.4174863387978142
Sgo_CH1,S. gordonii,SGO_RS02865,0.44969199178644764,0.3683316584806309,0.44216290212183434
Sgo_CH1,S. gordonii,SGO_RS02870,0.43636363636363634,0.3756016631829658,0.4727272727272727
Sgo_CH1,S. gordonii,SGO_RS02875,0.3689839572192513,0.4265182768670906,0.42245989304812837
Sgo_CH1,S. gordonii,SGO_RS02880,0.44719101123595506,0.4250597388593968,0.4389513108614232
Sgo_CH1,S. gordonii,SGO_RS02885,0.3576437587657784,0.44924747158774636,0.4109396914446003
Sgo_CH1,S. gordonii,SGO_RS02890,0.4079601990049751,0.37189457808304927,0.39303482587064675
Sgo_CH1,S. gordonii,SGO_RS02895,0.35795454545454547,0.4536626760759225,0.3390151515151515
Sgo_CH1,S. gordonii,SGO_RS02900,0.2564102564102564,0.5367325659075622,0.3475783475783476
Sgo_CH1,S. gordonii,SGO_RS02905,0.3213367609254499,0.39951376930641613,0.3976006855184233
Sgo_CH1,S. gordonii,SGO_RS02910,0.2835820895522388,0.4493624798518183,0.39658848614072495
Sgo_CH1,S. gordonii,SGO_RS02915,0.39751552795031053,0.40149694691461935,0.4409937888198758
Sgo_CH1,S. gordonii,SGO_RS02920,0.34328358208955223,0.4588178646896504,0.43594527363184077
Sgo_CH1,S. gordonii,SGO_RS02925,0.40669856459330145,0.4253242615325098,0.4433811802232855
Sgo_CH1,S. gordonii,SGO_RS02930,0.2761904761904762,0.5476618663631078,0.4031746031746032
Sgo_CH1,S. gordonii,SGO_RS02935,0.3879093198992443,0.33981205897106376,0.42107472712006716
Sgo_CH1,S. gordonii,SGO_RS02940,0.32051282051282054,0.38399096276664796,0.42628205128205127
Sgo_CH1,S. gordonii,SGO_RS02945,0.2945205479452055,0.34648054991451804,0.3828006088280061
Sgo_CH1,S. gordonii,SGO_RS02950,0.29959514170040485,0.43364065233378524,0.40215924426450744
Sgo_CH1,S. gordonii,SGO_RS02955,0.3074433656957929,0.3977984673453679,0.41423948220064727
Sgo_CH1,S. gordonii,SGO_RS02960,0.26609442060085836,0.33724199491865026,0.34620886981402005
Sgo_CH1,S. gordonii,SGO_RS02965,0.3023952095808383,0.3684754364473496,0.3592814371257485
Sgo_CH1,S. gordonii,SGO_RS02970,0.35071090047393366,0.4223262376656289,0.39968404423380727
Sgo_CH1,S. gordonii,SGO_RS02975,0.3311965811965812,0.4340406451857693,0.4024216524216524
Sgo_CH1,S. gordonii,SGO_RS02980,0.2868217054263566,0.38631952821210336,0.3850129198966408
Sgo_CH1,S. gordonii,SGO_RS02985,0.22580645161290322,0.5282301094494648,0.410752688172043
Sgo_CH1,S. gordonii,SGO_RS02990,0.3033175355450237,0.3886188780952116,0.37756714060031593
Sgo_CH1,S. gordonii,SGO_RS02995,0.25806451612903225,0.3223803115077097,0.3686635944700461
Sgo_CH1,S. gordonii,SGO_RS03000,0.25675675675675674,0.3978174380691802,0.3063063063063063
Sgo_CH1,S. gordonii,SGO_RS03005,0.2265193370165746,0.6225410034970669,0.35174953959484345
Sgo_CH1,S. gordonii,SGO_RS03075,0.24528301886792453,0.45767308960751363,0.3113207547169811
Sgo_CH1,S. gordonii,SGO_RS03080,0.3258426966292135,0.41357211975900005,0.3707865168539326
Sgo_CH1,S. gordonii,SGO_RS03085,0.44787644787644787,0.3906862266182637,0.3886743886743887
Sgo_CH1,S. gordonii,SGO_RS03090,0.4362934362934363,0.3716101713311037,0.4465894465894466
Sgo_CH1,S. gordonii,SGO_RS03095,0.5536105032822757,0.26871227421318117,0.48067104303428154
Sgo_CH1,S. gordonii,SGO_RS03100,0.3872340425531915,0.41461271580995007,0.4652482269503546
Sgo_CH1,S. gordonii,SGO_RS03105,0.44499178981937604,0.438873439331624,0.4696223316912972
Sgo_CH1,S. gordonii,SGO_RS03110,0.43538767395626243,0.4696751624771,0.44665341285619614
Sgo_CH1,S. gordonii,SGO_RS03115,0.49789915966386555,0.2993447378736972,0.4327731092436975
Sgo_CH1,S. gordonii,SGO_RS03125,0.5726872246696035,0.28670365269790954,0.4919236417033774
Sgo_CH1,S. gordonii,SGO_RS03135,0.4207650273224044,0.30143405716855143,0.4644808743169399
Sgo_CH1,S. gordonii,SGO_RS03140,0.2304147465437788,0.35095033256374575,0.26344086021505375
Sgo_CH1,S. gordonii,SGO_RS03145,0.5016987542468856,0.5279390071425525,0.47565118912797283
Sgo_CH1,S. gordonii,SGO_RS03150,0.1976190476190476,0.3782045623557164,0.2912698412698413
Sgo_CH1,S. gordonii,SGO_RS03155,0.19951040391676866,0.3880887926253148,0.28192574459404324
Sgo_CH1,S. gordonii,SGO_RS03160,0.18760757314974183,0.4329181403411946,0.28055077452667815
Sgo_CH1,S. gordonii,SGO_RS03165,0.43734643734643736,0.4261892371224033,0.42424242424242425
Sgo_CH1,S. gordonii,SGO_RS03170,0.3939393939393939,0.41234778326777294,0.3977272727272727
Sgo_CH1,S. gordonii,SGO_RS03180,0.48,0.31884494866135404,0.48533333333333334
Sgo_CH1,S. gordonii,SGO_RS03185,0.4957627118644068,0.30334276889014333,0.4653954802259887
Sgo_CH1,S. gordonii,SGO_RS03190,0.4690265486725664,0.301483355418134,0.45722713864306785
Sgo_CH1,S. gordonii,SGO_RS03195,0.44171779141104295,0.35071047572014663,0.40899795501022496
Sgo_CH1,S. gordonii,SGO_RS03200,0.4972677595628415,0.24861356848691513,0.47540983606557374
Sgo_CH1,S. gordonii,SGO_RS03205,0.4666666666666667,0.2868264372167473,0.4444444444444444
Sgo_CH1,S. gordonii,SGO_RS03210,0.3074712643678161,0.4478187937200166,0.3773946360153257
Sgo_CH1,S. gordonii,SGO_RS03215,0.329608938547486,0.42017425131747516,0.38733705772811916
Sgo_CH1,S. gordonii,SGO_RS03220,0.5509641873278237,0.31428066101217916,0.47842056932966026
Sgo_CH1,S. gordonii,SGO_RS03225,0.4777777777777778,0.32844728866828865,0.42407407407407405
Sgo_CH1,S. gordonii,SGO_RS03230,0.4289340101522843,0.39023645006389956,0.48223350253807107
Sgo_CH1,S. gordonii,SGO_RS03235,0.45916114790286977,0.3432500939085967,0.459896983075791
Sgo_CH1,S. gordonii,SGO_RS03240,0.4521276595744681,0.367136732105976,0.45390070921985815
Sgo_CH1,S. gordonii,SGO_RS03245,0.4597014925373134,0.31571285823589573,0.4766169154228856
Sgo_CH1,S. gordonii,SGO_RS03250,0.44921875,0.30783324839756226,0.44921875
Sgo_CH1,S. gordonii,SGO_RS03255,0.4642857142857143,0.3318423134402768,0.48299319727891155
Sgo_CH1,S. gordonii,SGO_RS03260,0.4411764705882353,0.34940303486969015,0.494281045751634
Sgo_CH1,S. gordonii,SGO_RS03265,0.4,0.43386166814338956,0.43205128205128207
Sgo_CH1,S. gordonii,SGO_RS03270,0.4343891402714932,0.3407087933592623,0.4193061840120664
Sgo_CH1,S. gordonii,SGO_RS03275,0.3023255813953488,0.659682594498718,0.38953488372093026
Sgo_CH1,S. gordonii,SGO_RS03285,0.35658914728682173,0.3921894249970222,0.4108527131782946
Sgo_CH1,S. gordonii,SGO_RS03290,0.32644628099173556,0.3294578563591049,0.41046831955922863
Sgo_CH1,S. gordonii,SGO_RS03295,0.3782467532467532,0.5833318119834691,0.4393939393939394
Sgo_CH1,S. gordonii,SGO_RS03305,0.3924611973392461,0.4080818181755632,0.44198078344419806
Sgo_CH1,S. gordonii,SGO_RS03310,0.4565826330532213,0.32450284792570033,0.44911297852474324
Sgo_CH1,S. gordonii,SGO_RS03315,0.2537688442211055,0.5075817257169868,0.3609715242881072
Sgo_CH1,S. gordonii,SGO_RS03320,0.25217391304347825,0.5119798975422789,0.3978260869565217
Sgo_CH1,S. gordonii,SGO_RS03325,0.25,0.5653454052752125,0.4301587301587302
Sgo_CH1,S. gordonii,SGO_RS03330,0.2857142857142857,0.3632276756976416,0.36607142857142855
Sgo_CH1,S. gordonii,SGO_RS03335,0.3105263157894737,0.44084459035818035,0.39824561403508774
Sgo_CH1,S. gordonii,SGO_RS03345,0.28679245283018867,0.34285568331218963,0.3421383647798742
Sgo_CH1,S. gordonii,SGO_RS03350,0.25101214574898784,0.5376961965082501,0.37516869095816463
Sgo_CH1,S. gordonii,SGO_RS03355,0.3619763694951665,0.6009299176603055,0.4346580737558181
Sgo_CH1,S. gordonii,SGO_RS03360,0.45323741007194246,0.28041333621167164,0.407673860911271
Sgo_CH1,S. gordonii,SGO_RS03370,0.28,0.42229406195122604,0.36333333333333334
Sgo_CH1,S. gordonii,SGO_RS03375,0.2980132450331126,0.44450287386407866,0.39514348785871967
Sgo_CH1,S. gordonii,SGO_RS03380,0.2962962962962963,0.3682096269890168,0.37037037037037035
Sgo_CH1,S. gordonii,SGO_RS03385,0.3564356435643564,0.3791241264917181,0.3795379537953795
Sgo_CH1,S. gordonii,SGO_RS03390,0.33421750663129973,0.4349218867882124,0.4124668435013263
Sgo_CH1,S. gordonii,SGO_RS03400,0.43157894736842106,0.32775936493878877,0.46900584795321637
Sgo_CH1,S. gordonii,SGO_RS03405,0.3992248062015504,0.320682134864628,0.4160206718346253
Sgo_CH1,S. gordonii,SGO_RS03410,0.4626334519572954,0.28347273171931914,0.49228944246737844
Sgo_CH1,S. gordonii,SGO_RS03415,0.48769574944071586,0.27701110995848977,0.47576435495898584
Sgo_CH1,S. gordonii,SGO_RS03425,0.3595890410958904,0.335489207151699,0.430365296803653
Sgo_CH1,S. gordonii,SGO_RS03430,0.3492647058823529,0.39408682980146126,0.41421568627450983
Sgo_CH1,S. gordonii,SGO_RS03435,0.3333333333333333,0.3317592779173041,0.3402777777777778
Sgo_CH1,S. gordonii,SGO_RS03440,0.34177215189873417,0.4305740549987364,0.3960216998191682
Sgo_CH1,S. gordonii,SGO_RS03445,0.3333333333333333,0.4420726524053523,0.40054869684499317
Sgo_CH1,S. gordonii,SGO_RS03450,0.30935251798561153,0.3795591228926002,0.3920863309352518
Sgo_CH1,S. gordonii,SGO_RS03460,0.3630573248407643,0.38520417666174483,0.40552016985138006
Sgo_CH1,S. gordonii,SGO_RS03465,0.3203463203463203,0.8102917246003328,0.4155844155844156
Sgo_CH1,S. gordonii,SGO_RS03475,0.46546546546546547,0.3018453716335642,0.45845845845845845
Sgo_CH1,S. gordonii,SGO_RS10690,0.33211678832116787,0.48458958592572066,0.42741281427412814
Sgo_CH1,S. gordonii,SGO_RS03485,0.33153638814016173,0.46230065698110556,0.4618149146451033
Sgo_CH1,S. gordonii,SGO_RS03490,0.28421052631578947,0.4107018454044447,0.3719298245614035
Sgo_CH1,S. gordonii,SGO_RS03500,0.4036144578313253,0.36012649260366253,0.41767068273092367
Sgo_CH1,S. gordonii,SGO_RS03505,0.3383458646616541,0.3830198536202724,0.3684210526315789
Sgo_CH1,S. gordonii,SGO_RS03510,0.5233333333333333,0.34010237369925805,0.4588888888888889
Sgo_CH1,S. gordonii,SGO_RS03515,0.42528735632183906,0.3410861111839979,0.4342273307790549
Sgo_CH1,S. gordonii,SGO_RS03520,0.48,0.2989821075010248,0.49454545454545457
Sgo_CH1,S. gordonii,SGO_RS03525,0.4271356783919598,0.27426978900830723,0.46733668341708545
Sgo_CH1,S. gordonii,SGO_RS03530,0.35148514851485146,0.361309197833961,0.4042904290429043
Sgo_CH1,S. gordonii,SGO_RS03540,0.5772669220945083,0.28788593810482505,0.49169859514687103
Sgo_CH1,S. gordonii,SGO_RS03545,0.6346153846153846,0.25459767573281983,0.5106837606837606
Sgo_CH1,S. gordonii,SGO_RS03550,0.35181975736568455,0.5223435793916573,0.4038128249566724
Sgo_CH1,S. gordonii,SGO_RS03555,0.37630662020905925,0.4495654909709371,0.40534262485482
Sgo_CH1,S. gordonii,SGO_RS03560,0.3171171171171171,0.43209187044225184,0.39579579579579577
Sgo_CH1,S. gordonii,SGO_RS03565,0.34317343173431736,0.40575309328099046,0.4034440344403444
Sgo_CH1,S. gordonii,SGO_RS03570,0.44385026737967914,0.3099409869600789,0.40106951871657753
Sgo_CH1,S. gordonii,SGO_RS03575,0.5,0.30301039310291644,0.47150997150997154
Sgo_CH1,S. gordonii,SGO_RS03580,0.4658590308370044,0.29998592856259065,0.45301027900146845
Sgo_CH1,S. gordonii,SGO_RS03585,0.5017667844522968,0.29258315297141757,0.48527679623085984
Sgo_CH1,S. gordonii,SGO_RS03590,0.4266666666666667,0.3757726738551667,0.45111111111111113
Sgo_CH1,S. gordonii,SGO_RS03615,0.3814102564102564,0.38554014401456727,0.41773504273504275
Sgo_CH1,S. gordonii,SGO_RS03620,0.3111111111111111,0.3987228365919152,0.3728395061728395
Sgo_CH1,S. gordonii,SGO_RS03630,0.27702702702702703,0.4979156595787668,0.3490990990990991
Sgo_CH1,S. gordonii,SGO_RS03635,0.30711610486891383,0.41697936706295774,0.3882646691635456
Sgo_CH1,S. gordonii,SGO_RS03645,0.32903225806451614,0.4279200231517492,0.3935483870967742
Sgo_CH1,S. gordonii,SGO_RS03650,0.36596736596736595,0.422854670838902,0.4382284382284382
Sgo_CH1,S. gordonii,SGO_RS03655,0.34513274336283184,0.3791737640062914,0.3392330383480826
Sgo_CH1,S. gordonii,SGO_RS03665,0.2810810810810811,0.4327709274401282,0.37657657657657656
Sgo_CH1,S. gordonii,SGO_RS03670,0.32894736842105265,0.40983128032749755,0.4166666666666667
Sgo_CH1,S. gordonii,SGO_RS03675,0.32786885245901637,0.46608987798725326,0.40846994535519127
Sgo_CH1,S. gordonii,SGO_RS03680,0.36666666666666664,0.42550534611008284,0.4540740740740741
Sgo_CH1,S. gordonii,SGO_RS03685,0.2430379746835443,0.47455935121712345,0.379746835443038
Sgo_CH1,S. gordonii,SGO_RS03690,0.3103448275862069,0.42179205603546127,0.39080459770114945
Sgo_CH1,S. gordonii,SGO_RS03695,0.34352941176470586,0.4173697808294887,0.4196078431372549
Sgo_CH1,S. gordonii,SGO_RS03700,0.3380281690140845,0.5374725710239867,0.41918175720992623
Sgo_CH1,S. gordonii,SGO_RS03705,0.2897196261682243,0.3831024360803138,0.3894080996884735
Sgo_CH1,S. gordonii,SGO_RS03710,0.3836477987421384,0.3688003739131199,0.4171907756813417
Sgo_CH1,S. gordonii,SGO_RS03715,0.3309608540925267,0.3496969377530424,0.37841043890865955
Sgo_CH1,S. gordonii,SGO_RS03720,0.31851851851851853,0.4444615280409277,0.3691358024691358
Sgo_CH1,S. gordonii,SGO_RS03725,0.2641509433962264,0.4495319146803153,0.350104821802935
Sgo_CH1,S. gordonii,SGO_RS03730,0.35396039603960394,0.32282133548354497,0.382013201320132
Sgo_CH1,S. gordonii,SGO_RS03735,0.3582718651211802,0.42014992629889175,0.39234281700035123
Sgo_CH1,S. gordonii,SGO_RS03740,0.3483709273182957,0.8155874460173977,0.44110275689223055
Sgo_CH1,S. gordonii,SGO_RS03745,0.2490118577075099,0.8296620919170893,0.4268774703557312
Sgo_CH1,S. gordonii,SGO_RS03755,0.34894613583138173,0.4077907740745088,0.4371584699453552
Sgo_CH1,S. gordonii,SGO_RS03765,0.3392857142857143,0.3290452944753072,0.4095238095238095
Sgo_CH1,S. gordonii,SGO_RS03770,0.4188034188034188,0.3269235534828468,0.42165242165242167
Sgo_CH1,S. gordonii,SGO_RS03775,0.4868804664723032,0.34667904715933956,0.4314868804664723
Sgo_CH1,S. gordonii,SGO_RS03780,0.3333333333333333,0.37988563562106803,0.38492063492063494
Sgo_CH1,S. gordonii,SGO_RS03785,0.33810888252148996,0.34504666080829277,0.396370582617001
Sgo_CH1,S. gordonii,SGO_RS03790,0.3296398891966759,0.5055811453334965,0.3961218836565097
Sgo_CH1,S. gordonii,SGO_RS03795,0.2865671641791045,0.4861612507649599,0.38606965174129354
Sgo_CH1,S. gordonii,SGO_RS03800,0.3033033033033033,0.39116156855753065,0.3953953953953954
Sgo_CH1,S. gordonii,SGO_RS03805,0.3310502283105023,0.3661456287842045,0.3858447488584475
Sgo_CH1,S. gordonii,SGO_RS03810,0.2396694214876033,0.4130337827289248,0.3002754820936639
Sgo_CH1,S. gordonii,SGO_RS11035,0.4112903225806452,0.3051974330454911,0.33602150537634407
Sgo_CH1,S. gordonii,SGO_RS03820,0.4444444444444444,0.6206012494482307,0.46296296296296297
Sgo_CH1,S. gordonii,SGO_RS03825,0.31196581196581197,0.4308256563539129,0.39886039886039887
Sgo_CH1,S. gordonii,SGO_RS03830,0.33480176211453744,0.38195693600434477,0.38472834067547723
Sgo_CH1,S. gordonii,SGO_RS03835,0.30597014925373134,0.4354817405836203,0.3793532338308458
Sgo_CH1,S. gordonii,SGO_RS03840,0.40336134453781514,0.3339705207375648,0.38375350140056025
Sgo_CH1,S. gordonii,SGO_RS03845,0.33905579399141633,0.4538471133199562,0.39628040057224606
Sgo_CH1,S. gordonii,SGO_RS03850,0.37436332767402375,0.38817810935333646,0.4136955291454443
Sgo_CH1,S. gordonii,SGO_RS03855,0.3308270676691729,0.4032963934265208,0.38847117794486213
Sgo_CH1,S. gordonii,SGO_RS03860,0.3592592592592593,0.3506416164860574,0.42098765432098767
Sgo_CH1,S. gordonii,SGO_RS03865,0.330188679245283,0.4511272833920745,0.41949685534591197
Sgo_CH1,S. gordonii,SGO_RS03870,0.3470225872689938,0.4654375722872461,0.3976728268309377
Sgo_CH1,S. gordonii,SGO_RS03875,0.45588235294117646,0.3734770117723394,0.41544117647058826
Sgo_CH1,S. gordonii,SGO_RS03880,0.4304635761589404,0.3669446576902312,0.4227373068432671
Sgo_CH1,S. gordonii,SGO_RS03885,0.4430379746835443,0.36421863202018767,0.4641350210970464
Sgo_CH1,S. gordonii,SGO_RS03890,0.38095238095238093,0.31594592499006613,0.41723356009070295
Sgo_CH1,S. gordonii,SGO_RS03895,0.36462093862815886,0.42534593750276195,0.4193742478941035
Sgo_CH1,S. gordonii,SGO_RS03900,0.3560606060606061,0.38912356620603045,0.398989898989899
Sgo_CH1,S. gordonii,SGO_RS03905,0.3277310924369748,0.40023541625329984,0.40896358543417366
Sgo_CH1,S. gordonii,SGO_RS03910,0.36178107606679033,0.39420796960250626,0.4013605442176871
Sgo_CH1,S. gordonii,SGO_RS03915,0.3911290322580645,0.40009384096673606,0.4220430107526882
Sgo_CH1,S. gordonii,SGO_RS03920,0.3738489871086556,0.4027354039780229,0.3769183548189073
Sgo_CH1,S. gordonii,SGO_RS03925,0.3375796178343949,0.4185673518374957,0.3980891719745223
Sgo_CH1,S. gordonii,SGO_RS03930,0.3752913752913753,0.44530237336639267,0.4366744366744367
Sgo_CH1,S. gordonii,SGO_RS03935,0.32525951557093424,0.3791912121236405,0.41637831603229525
Sgo_CH1,S. gordonii,SGO_RS03940,0.3344155844155844,0.4651832457407039,0.38203463203463206
Sgo_CH1,S. gordonii,SGO_RS03945,0.3564356435643564,0.3755701415978704,0.43014301430143015
Sgo_CH1,S. gordonii,SGO_RS03950,0.3704663212435233,0.4650751346006158,0.4170984455958549
Sgo_CH1,S. gordonii,SGO_RS03955,0.43866171003717475,0.36019008314979656,0.40644361833952913
Sgo_CH1,S. gordonii,SGO_RS03960,0.46511627906976744,0.3709445457737529,0.4069767441860465
Sgo_CH1,S. gordonii,SGO_RS03965,0.40896358543417366,0.4265738162826954,0.3968253968253968
Sgo_CH1,S. gordonii,SGO_RS03970,0.34558823529411764,0.37510869058937163,0.40441176470588236
Sgo_CH1,S. gordonii,SGO_RS03975,0.32036613272311215,0.4184497136145017,0.40083905415713195
Sgo_CH1,S. gordonii,SGO_RS03980,0.3192488262910798,0.3513450266828285,0.37871674491392804
Sgo_CH1,S. gordonii,SGO_RS03985,0.33579335793357934,0.45159902573331745,0.3800738007380074
Sgo_CH1,S. gordonii,SGO_RS03990,0.3516483516483517,0.3996421746223508,0.3893249607535322
Sgo_CH1,S. gordonii,SGO_RS03995,0.4015748031496063,0.3363934608000465,0.4339457567804024
Sgo_CH1,S. gordonii,SGO_RS04000,0.4641975308641975,0.38359744648728855,0.4617283950617284
Sgo_CH1,S. gordonii,SGO_RS04005,0.3620689655172414,0.43511752570687356,0.36590038314176243
Sgo_CH1,S. gordonii,SGO_RS04010,0.3181818181818182,0.3789663551825348,0.38215488215488214
Sgo_CH1,S. gordonii,SGO_RS04015,0.24761904761904763,0.7453045297093851,0.3904761904761905
Sgo_CH1,S. gordonii,SGO_RS04020,0.40869565217391307,0.35354408754451994,0.4289855072463768
Sgo_CH1,S. gordonii,SGO_RS04030,0.35294117647058826,0.33636384632016564,0.38562091503267976
Sgo_CH1,S. gordonii,SGO_RS04035,0.22727272727272727,0.5659202147260262,0.35984848484848486
Sgo_CH1,S. gordonii,SGO_RS04040,0.3763837638376384,0.4137313228297895,0.4108241082410824
Sgo_CH1,S. gordonii,SGO_RS04045,0.4868421052631579,0.3552789317444215,0.4649122807017544
Sgo_CH1,S. gordonii,SGO_RS04050,0.330188679245283,0.4502585947944899,0.38207547169811323
Sgo_CH1,S. gordonii,SGO_RS04055,0.47878787878787876,0.35905149816028004,0.43636363636363634
Sgo_CH1,S. gordonii,SGO_RS04060,0.4352517985611511,0.33985784652160106,0.4460431654676259
Sgo_CH1,S. gordonii,SGO_RS04065,0.3786407766990291,0.41172357678749183,0.36461704422869473
Sgo_CH1,S. gordonii,SGO_RS04070,0.4826086956521739,0.3514852510389099,0.44782608695652176
Sgo_CH1,S. gordonii,SGO_RS04075,0.5294117647058824,0.3048561464851682,0.4662309368191721
Sgo_CH1,S. gordonii,SGO_RS04080,0.17582417582417584,0.617293179921822,0.35714285714285715
Sgo_CH1,S. gordonii,SGO_RS04085,0.30851063829787234,0.4023461168763886,0.3888888888888889
Sgo_CH1,S. gordonii,SGO_RS04090,0.35855855855855856,0.35596748239172027,0.360960960960961
Sgo_CH1,S. gordonii,SGO_RS04095,0.3564356435643564,0.46103822845457015,0.4158415841584158
Sgo_CH1,S. gordonii,SGO_RS04100,0.33547008547008544,0.5086424244105701,0.4323361823361823
Sgo_CH1,S. gordonii,SGO_RS04105,0.37948717948717947,0.4516458806323175,0.4307692307692308
Sgo_CH1,S. gordonii,SGO_RS04110,0.49079754601226994,0.3530064073292202,0.41513292433537835
Sgo_CH1,S. gordonii,SGO_RS04115,0.49074074074074076,0.318058571662885,0.41975308641975306
Sgo_CH1,S. gordonii,SGO_RS04120,0.37333333333333335,0.301968591222986,0.3844444444444444
Sgo_CH1,S. gordonii,SGO_RS04125,0.3323262839879154,0.37592401962686145,0.40886203423967776
Sgo_CH1,S. gordonii,SGO_RS04130,0.3238095238095238,0.378949188161694,0.4095238095238095
Sgo_CH1,S. gordonii,SGO_RS04135,0.28225806451612906,0.43304931738284075,0.3911290322580645
Sgo_CH1,S. gordonii,SGO_RS04145,0.33676975945017185,0.4407408805222673,0.39060710194730813
Sgo_CH1,S. gordonii,SGO_RS04150,0.2994011976047904,0.6513331129421831,0.3967065868263473
Sgo_CH1,S. gordonii,SGO_RS04155,0.27941176470588236,0.4657147857822557,0.3746498599439776
Sgo_CH1,S. gordonii,SGO_RS04165,0.32063492063492066,0.40841568487779795,0.4031746031746032
Sgo_CH1,S. gordonii,SGO_RS04170,0.23648648648648649,0.6088814188907757,0.3738738738738739
Sgo_CH1,S. gordonii,SGO_RS04175,0.3676092544987147,0.39675670181469386,0.3796058269065981
Sgo_CH1,S. gordonii,SGO_RS04180,0.3640776699029126,0.3607519685673651,0.4053398058252427
Sgo_CH1,S. gordonii,SGO_RS04185,0.3375,0.4618308738068346,0.4083333333333333
Sgo_CH1,S. gordonii,SGO_RS04190,0.33931419457735246,0.45799345040742284,0.46584263689526845
Sgo_CH1,S. gordonii,SGO_RS04195,0.49909255898366606,0.3046544061515983,0.4603750756200847
Sgo_CH1,S. gordonii,SGO_RS04200,0.29850746268656714,0.5144793305049437,0.39502487562189054
Sgo_CH1,S. gordonii,SGO_RS04205,0.43252595155709345,0.3398832393176635,0.4279123414071511
Sgo_CH1,S. gordonii,SGO_RS04210,0.308300395256917,0.4085146586918425,0.38998682476943347
Sgo_CH1,S. gordonii,SGO_RS04215,0.52,0.33281760425510715,0.4866666666666667
Sgo_CH1,S. gordonii,SGO_RS04220,0.4647058823529412,0.36556343894088195,0.43333333333333335
Sgo_CH1,S. gordonii,SGO_RS04225,0.4463840399002494,0.4072684578142248,0.4792186201163757
Sgo_CH1,S. gordonii,SGO_RS04230,0.2815126050420168,0.41328636498979837,0.33613445378151263
Sgo_CH1,S. gordonii,SGO_RS04235,0.37404580152671757,0.37561098210288224,0.3969465648854962
Sgo_CH1,S. gordonii,SGO_RS04255,0.4263157894736842,0.31757983061433787,0.3894736842105263
Sgo_CH1,S. gordonii,SGO_RS10570,0.3125,0.4735859521689394,0.3773148148148148
Sgo_CH1,S. gordonii,SGO_RS04295,0.28104575163398693,0.4558802199838983,0.4008714596949891
Sgo_CH1,S. gordonii,SGO_RS04300,0.4256198347107438,0.33979846088779503,0.44490358126721763
Sgo_CH1,S. gordonii,SGO_RS04305,0.43842364532019706,0.30031519188904177,0.41379310344827586
Sgo_CH1,S. gordonii,SGO_RS04310,0.3813559322033898,0.35668364531180535,0.4190207156308851
Sgo_CH1,S. gordonii,SGO_RS04315,0.4594594594594595,0.2872924759363216,0.4519519519519519
Sgo_CH1,S. gordonii,SGO_RS04325,0.6234177215189873,0.2690734683865838,0.5110759493670886
Sgo_CH1,S. gordonii,SGO_RS04330,0.5210084033613446,0.33463720979999306,0.4733893557422969
Sgo_CH1,S. gordonii,SGO_RS04335,0.5277777777777778,0.35271519146970676,0.42592592592592593
Sgo_CH1,S. gordonii,SGO_RS04340,0.45685279187817257,0.3068496482596683,0.428087986463621
Sgo_CH1,S. gordonii,SGO_RS04350,0.42366412213740456,0.45108093461990484,0.41857506361323155
Sgo_CH1,S. gordonii,SGO_RS04355,0.41964285714285715,0.3745165351752468,0.43005952380952384
Sgo_CH1,S. gordonii,SGO_RS04360,0.303886925795053,0.41470075319615374,0.39693757361601884
Sgo_CH1,S. gordonii,SGO_RS04365,0.3293172690763052,0.41072738853630536,0.38018741633199465
Sgo_CH1,S. gordonii,SGO_RS04370,0.2771618625277162,0.4858766108444768,0.41611234294161126
Sgo_CH1,S. gordonii,SGO_RS04375,0.2519809825673534,0.5262579276624424,0.3787638668779715
Sgo_CH1,S. gordonii,SGO_RS04380,0.43249427917620137,0.3925332075136837,0.4858886346300534
Sgo_CH1,S. gordonii,SGO_RS04390,0.450261780104712,0.30169306064396084,0.41710296684118675
Sgo_CH1,S. gordonii,SGO_RS04395,0.3804878048780488,0.38178980178556543,0.3723577235772358
Sgo_CH1,S. gordonii,SGO_RS04400,0.3719806763285024,0.3844139444697752,0.4057971014492754
Sgo_CH1,S. gordonii,SGO_RS04405,0.24817518248175183,0.36185345090435317,0.35766423357664234
Sgo_CH1,S. gordonii,SGO_RS04410,0.25885558583106266,0.409890049657877,0.3469573115349682
Sgo_CH1,S. gordonii,SGO_RS04415,0.43373493975903615,0.33892525114964767,0.42971887550200805
Sgo_CH1,S. gordonii,SGO_RS04420,0.4236983842010772,0.340841662994721,0.44344703770197486
Sgo_CH1,S. gordonii,SGO_RS04430,0.3942307692307692,0.4131813665536859,0.4155982905982906
Sgo_CH1,S. gordonii,SGO_RS04435,0.2934131736526946,0.41832281894146156,0.3652694610778443
Sgo_CH1,S. gordonii,SGO_RS04440,0.2328767123287671,0.4773615459058138,0.3607305936073059
Sgo_CH1,S. gordonii,SGO_RS04445,0.37858508604206503,0.42634632264427436,0.4365838113448056
Sgo_CH1,S. gordonii,SGO_RS04450,0.430635838150289,0.32953670681723907,0.4836223506743738
Sgo_CH1,S. gordonii,SGO_RS04460,0.4598698481561822,0.3323480677929145,0.485177151120752
Sgo_CH1,S. gordonii,SGO_RS04465,0.4517766497461929,0.3858566757566348,0.42470389170896783
Sgo_CH1,S. gordonii,SGO_RS04470,0.45,0.49810785494202975,0.4653846153846154
Sgo_CH1,S. gordonii,SGO_RS04475,0.3972602739726027,0.3252625610465093,0.408675799086758
Sgo_CH1,S. gordonii,SGO_RS04485,0.4567901234567901,0.3203436699026857,0.45953360768175583
Sgo_CH1,S. gordonii,SGO_RS04490,0.40236686390532544,0.38183609052976303,0.43721236028928334
Sgo_CH1,S. gordonii,SGO_RS04495,0.5522388059701493,0.29891121141114874,0.49087893864013266
Sgo_CH1,S. gordonii,SGO_RS04500,0.5643939393939394,0.25774543578553,0.4431818181818182
Sgo_CH1,S. gordonii,SGO_RS04505,0.5376344086021505,0.2980356355035895,0.5125448028673835
Sgo_CH1,S. gordonii,SGO_RS04510,0.5393258426966292,0.2958444894809926,0.48314606741573035
Sgo_CH1,S. gordonii,SGO_RS11085,0.3922413793103448,0.3624380242289477,0.3850574712643678
Sgo_CH1,S. gordonii,SGO_RS11050,0.4594594594594595,0.33707865996115594,0.4294294294294294
Sgo_CH1,S. gordonii,SGO_RS04550,0.4478114478114478,0.33320182176245805,0.43658810325476993
Sgo_CH1,S. gordonii,SGO_RS04560,0.4198473282442748,0.3833729324857382,0.4580152671755725
Sgo_CH1,S. gordonii,SGO_RS04565,0.4939271255060729,0.3264900855573665,0.47300944669365724
Sgo_CH1,S. gordonii,SGO_RS04570,0.4341317365269461,0.37413310379265863,0.469061876247505
Sgo_CH1,S. gordonii,SGO_RS04575,0.5736040609137056,0.25933794737775656,0.4686971235194585
Sgo_CH1,S. gordonii,SGO_RS04580,0.4855769230769231,0.31190853503437066,0.47876602564102566
Sgo_CH1,S. gordonii,SGO_RS04585,0.5355450236966824,0.2940627713854128,0.4881516587677725
Sgo_CH1,S. gordonii,SGO_RS04590,0.5017182130584192,0.28352136911551173,0.47880870561282934
Sgo_CH1,S. gordonii,SGO_RS04595,0.5566666666666666,0.29444052696017164,0.4388888888888889
Sgo_CH1,S. gordonii,SGO_RS04600,0.5265700483091788,0.29195087154420907,0.48470209339774556
Sgo_CH1,S. gordonii,SGO_RS04605,0.46368715083798884,0.30293302995619553,0.44972067039106145
Sgo_CH1,S. gordonii,SGO_RS04610,0.42032332563510394,0.37337072603447796,0.44778034385424687
Sgo_CH1,S. gordonii,SGO_RS04615,0.3247422680412371,0.3612971248531643,0.4020618556701031
Sgo_CH1,S. gordonii,SGO_RS04620,0.3920704845814978,0.35355812767257333,0.4185022026431718
Sgo_CH1,S. gordonii,SGO_RS04625,0.3717277486910995,0.39939369198748736,0.36910994764397903
Sgo_CH1,S. gordonii,SGO_RS04630,0.44508670520231214,0.3660454307523764,0.46917148362235067
Sgo_CH1,S. gordonii,SGO_RS04635,0.30798479087452474,0.3572750651916339,0.3776932826362484
Sgo_CH1,S. gordonii,SGO_RS04640,0.34334763948497854,0.3664976663879991,0.3719599427753934
Sgo_CH1,S. gordonii,SGO_RS04645,0.39285714285714285,0.3987848946767493,0.4075091575091575
Sgo_CH1,S. gordonii,SGO_RS04650,0.3425076452599388,0.3719429901744665,0.41896024464831805
Sgo_CH1,S. gordonii,SGO_RS04655,0.36492890995260663,0.4119753251863241,0.3949447077409163
Sgo_CH1,S. gordonii,SGO_RS04660,0.35714285714285715,0.32891443972649614,0.38095238095238093
Sgo_CH1,S. gordonii,SGO_RS04665,0.2755905511811024,0.4417279966610532,0.4094488188976378
Sgo_CH1,S. gordonii,SGO_RS04670,0.3400673400673401,0.43792101286201657,0.4062850729517396
Sgo_CH1,S. gordonii,SGO_RS04675,0.32,0.37268633308844984,0.40102564102564103
Sgo_CH1,S. gordonii,SGO_RS04680,0.35526315789473684,0.36102805439149194,0.3991228070175439
Sgo_CH1,S. gordonii,SGO_RS04685,0.33658536585365856,0.37705536539085843,0.37398373983739835
Sgo_CH1,S. gordonii,SGO_RS04690,0.356401384083045,0.3409704475553824,0.38985005767012687
Sgo_CH1,S. gordonii,SGO_RS04695,0.33175355450236965,0.445107101215514,0.43285939968404424
Sgo_CH1,S. gordonii,SGO_RS04700,0.3705357142857143,0.38774398665196735,0.39285714285714285
Sgo_CH1,S. gordonii,SGO_RS04705,0.3706896551724138,0.3671093807138822,0.4086206896551724
Sgo_CH1,S. gordonii,SGO_RS04710,0.36660929432013767,0.37266965649299666,0.4010327022375215
Sgo_CH1,S. gordonii,SGO_RS04715,0.33031674208144796,0.3627010100882274,0.3680241327300151
Sgo_CH1,S. gordonii,SGO_RS04720,0.397212543554007,0.3203873574847076,0.4343786295005807
Sgo_CH1,S. gordonii,SGO_RS04725,0.2542372881355932,0.4110629062440051,0.3615819209039548
Sgo_CH1,S. gordonii,SGO_RS10725,0.40110142267095,0.2683230331042149,0.5193513844271073
Sgo_CH1,S. gordonii,SGO_RS04750,0.582089552238806,0.2706887334691837,0.4925373134328358
Sgo_CH1,S. gordonii,SGO_RS04755,0.33578431372549017,0.3373766124584169,0.36519607843137253
Sgo_CH1,S. gordonii,SGO_RS04760,0.34535104364326374,0.4122275428475955,0.37318153067678683
Sgo_CH1,S. gordonii,SGO_RS04765,0.31176470588235294,0.4150457818607032,0.37254901960784315
Sgo_CH1,S. gordonii,SGO_RS04770,0.34375,0.3697019683665311,0.37083333333333335
Sgo_CH1,S. gordonii,SGO_RS04780,0.5088757396449705,0.2958179080318082,0.4707429322813938
Sgo_CH1,S. gordonii,SGO_RS04785,0.5299334811529933,0.2861291942327633,0.4796747967479675
Sgo_CH1,S. gordonii,SGO_RS04800,0.2872340425531915,0.44000060484288955,0.37943262411347517
Sgo_CH1,S. gordonii,SGO_RS04805,0.33157894736842103,0.3845767373911323,0.35789473684210527
Sgo_CH1,S. gordonii,SGO_RS04810,0.32051282051282054,0.4085307088455953,0.41025641025641024
Sgo_CH1,S. gordonii,SGO_RS04815,0.32280701754385965,0.5449186210600129,0.40116959064327484
Sgo_CH1,S. gordonii,SGO_RS04820,0.3359683794466403,0.42515819779729475,0.4057971014492754
Sgo_CH1,S. gordonii,SGO_RS04825,0.37610619469026546,0.33277075540551354,0.40117994100294985
Sgo_CH1,S. gordonii,SGO_RS04830,0.3964757709251101,0.3429348323388573,0.42731277533039647
Sgo_CH1,S. gordonii,SGO_RS04835,0.26993865030674846,0.3964174599117906,0.3456032719836401
Sgo_CH1,S. gordonii,SGO_RS04840,0.4080604534005038,0.41680125823216063,0.47691015952980687
Sgo_CH1,S. gordonii,SGO_RS04845,0.3074433656957929,0.40516940617196856,0.3505933117583603
Sgo_CH1,S. gordonii,SGO_RS04850,0.3360655737704918,0.3971165734821674,0.3989071038251366
Sgo_CH1,S. gordonii,SGO_RS04855,0.3269230769230769,0.426855841293278,0.40705128205128205
Sgo_CH1,S. gordonii,SGO_RS04860,0.4745762711864407,0.2906858821251542,0.47005649717514125
Sgo_CH1,S. gordonii,SGO_RS04865,0.5060532687651331,0.27889356371371793,0.45843422114608556
Sgo_CH1,S. gordonii,SGO_RS04870,0.4807692307692308,0.3552274837389906,0.44871794871794873
Sgo_CH1,S. gordonii,SGO_RS04875,0.3548387096774194,0.37247658211667894,0.421505376344086
Sgo_CH1,S. gordonii,SGO_RS04880,0.3888888888888889,0.39134320747976375,0.4074074074074074
Sgo_CH1,S. gordonii,SGO_RS04885,0.30638297872340425,0.3928413692104614,0.36028368794326243
Sgo_CH1,S. gordonii,SGO_RS04890,0.301994301994302,0.3981661009055873,0.3352326685660019
Sgo_CH1,S. gordonii,SGO_RS04895,0.47715736040609136,0.3059664028068222,0.43993231810490696
Sgo_CH1,S. gordonii,SGO_RS04900,0.4905405405405405,0.34369231588746746,0.4657657657657658
Sgo_CH1,S. gordonii,SGO_RS04905,0.2982456140350877,0.5494062549483313,0.4074074074074074
Sgo_CH1,S. gordonii,SGO_RS04910,0.44904458598726116,0.3767258748820663,0.4299363057324841
Sgo_CH1,S. gordonii,SGO_RS04915,0.32158590308370044,0.41402746305748356,0.38179148311306904
Sgo_CH1,S. gordonii,SGO_RS04920,0.4790874524714829,0.3645050836666955,0.47021546261089986
Sgo_CH1,S. gordonii,SGO_RS04925,0.4652173913043478,0.30170303004656146,0.4797101449275362
Sgo_CH1,S. gordonii,SGO_RS04930,0.45864661654135336,0.3470130208292222,0.47117794486215536
Sgo_CH1,S. gordonii,SGO_RS04935,0.43561643835616437,0.33745681605121475,0.4831050228310502
Sgo_CH1,S. gordonii,SGO_RS04940,0.39490445859872614,0.36206511403430475,0.4118895966029724
Sgo_CH1,S. gordonii,SGO_RS04950,0.3448275862068966,0.4914272807302931,0.41954022988505746
Sgo_CH1,S. gordonii,SGO_RS04955,0.3939393939393939,0.4151646443189174,0.43602693602693604
Sgo_CH1,S. gordonii,SGO_RS04960,0.44412607449856734,0.4841274009075481,0.4479465138490926
Sgo_CH1,S. gordonii,SGO_RS04965,0.21764705882352942,0.527679647187703,0.3637254901960784
Sgo_CH1,S. gordonii,SGO_RS04970,0.21518987341772153,0.4209545631390104,0.3150492264416315
Sgo_CH1,S. gordonii,SGO_RS04975,0.2767857142857143,0.46058793967124245,0.31845238095238093
Sgo_CH1,S. gordonii,SGO_RS04980,0.2647754137115839,0.3985365635642727,0.3309692671394799
Sgo_CH1,S. gordonii,SGO_RS04985,0.2567049808429119,0.4238103408212068,0.3384418901660281
Sgo_CH1,S. gordonii,SGO_RS04990,0.25203252032520324,0.4375457392815943,0.3346883468834688
Sgo_CH1,S. gordonii,SGO_RS04995,0.2641509433962264,0.40729372151132925,0.3127501429388222
Sgo_CH1,S. gordonii,SGO_RS05000,0.33980582524271846,0.4144491779242874,0.38403451995685006
Sgo_CH1,S. gordonii,SGO_RS05005,0.30633802816901406,0.5401251551640547,0.40492957746478875
Sgo_CH1,S. gordonii,SGO_RS05010,0.3394255874673629,0.4370643762721136,0.38294168842471715
Sgo_CH1,S. gordonii,SGO_RS05015,0.35987261146496813,0.41598303237957907,0.39596602972399153
Sgo_CH1,S. gordonii,SGO_RS05020,0.379182156133829,0.42739487269248166,0.379182156133829
Sgo_CH1,S. gordonii,SGO_RS05025,0.33578431372549017,0.4688550465203953,0.38562091503267976
Sgo_CH1,S. gordonii,SGO_RS05030,0.32222222222222224,0.40650293339929594,0.3711111111111111
Sgo_CH1,S. gordonii,SGO_RS05035,0.3156089193825043,0.4000965380036957,0.3539165237278445
Sgo_CH1,S. gordonii,SGO_RS05040,0.3001215066828676,0.4141780723725423,0.34264884568651277
Sgo_CH1,S. gordonii,SGO_RS05045,0.2883435582822086,0.39059798241448457,0.32515337423312884
Sgo_CH1,S. gordonii,SGO_RS05055,0.18,0.5367812100682369,0.39555555555555555
Sgo_CH1,S. gordonii,SGO_RS05060,0.2345132743362832,0.4495261496746113,0.3938053097345133
Sgo_CH1,S. gordonii,SGO_RS05065,0.3107344632768362,0.4958093348655681,0.391713747645951
Sgo_CH1,S. gordonii,SGO_RS05075,0.3,0.7265279674525073,0.4083333333333333
Sgo_CH1,S. gordonii,SGO_RS05080,0.31496062992125984,0.5044302336639053,0.4068241469816273
Sgo_CH1,S. gordonii,SGO_RS05085,0.340080971659919,0.5386086948697633,0.4116059379217274
Sgo_CH1,S. gordonii,SGO_RS05095,0.530920060331825,0.3474014660934184,0.4831573655103067
Sgo_CH1,S. gordonii,SGO_RS05100,0.2548262548262548,0.3948565771733583,0.3153153153153153
Sgo_CH1,S. gordonii,SGO_RS05105,0.3795180722891566,0.40794472914729757,0.39156626506024095
Sgo_CH1,S. gordonii,SGO_RS05110,0.532967032967033,0.27445868779997723,0.4468864468864469
Sgo_CH1,S. gordonii,SGO_RS05115,0.3422459893048128,0.380268755417128,0.32620320855614976
Sgo_CH1,S. gordonii,SGO_RS05120,0.3310810810810811,0.40989031678286175,0.31756756756756754
Sgo_CH1,S. gordonii,SGO_RS05125,0.44871794871794873,0.37026060747911316,0.4465811965811966
Sgo_CH1,S. gordonii,SGO_RS05130,0.30409356725146197,0.39585239328141464,0.3996101364522417
Sgo_CH1,S. gordonii,SGO_RS05135,0.38636363636363635,0.3791594815119247,0.36742424242424243
Sgo_CH1,S. gordonii,SGO_RS05140,0.4447058823529412,0.38961846075171896,0.403921568627451
Sgo_CH1,S. gordonii,SGO_RS05145,0.3271375464684015,0.39138998654434454,0.38166047087980176
Sgo_CH1,S. gordonii,SGO_RS05150,0.4300341296928328,0.332363013403166,0.4653014789533561
Sgo_CH1,S. gordonii,SGO_RS05155,0.24836601307189543,0.4631863613159038,0.3779956427015251
Sgo_CH1,S. gordonii,SGO_RS05160,0.29850746268656714,0.38495476144200974,0.373134328358209
Sgo_CH1,S. gordonii,SGO_RS05170,0.3372093023255814,0.4401134877862649,0.4018087855297158
Sgo_CH1,S. gordonii,SGO_RS05175,0.29195402298850576,0.40881798144229253,0.39846743295019155
Sgo_CH1,S. gordonii,SGO_RS05180,0.30952380952380953,0.42744760831209994,0.4070294784580499
Sgo_CH1,S. gordonii,SGO_RS05185,0.3300653594771242,0.4715096088224998,0.4084967320261438
Sgo_CH1,S. gordonii,SGO_RS05190,0.3864406779661017,0.4383466191527165,0.4271186440677966
Sgo_CH1,S. gordonii,SGO_RS05195,0.4291044776119403,0.3518959258679285,0.41044776119402987
Sgo_CH1,S. gordonii,SGO_RS05200,0.36363636363636365,0.3663333034217728,0.41106719367588934
Sgo_CH1,S. gordonii,SGO_RS05205,0.3302752293577982,0.4911327562075383,0.38073394495412843
Sgo_CH1,S. gordonii,SGO_RS05210,0.2753623188405797,0.4825283611405167,0.33494363929146537
Sgo_CH1,S. gordonii,SGO_RS05215,0.34782608695652173,0.43328331701828143,0.37359098228663445
Sgo_CH1,S. gordonii,SGO_RS05220,0.22167487684729065,0.42152037579695795,0.32348111658456485
Sgo_CH1,S. gordonii,SGO_RS05225,0.22169811320754718,0.5064536936912465,0.330188679245283
Sgo_CH1,S. gordonii,SGO_RS05230,0.28095238095238095,0.46000664214023934,0.3634920634920635
Sgo_CH1,S. gordonii,SGO_RS05235,0.2698412698412698,0.4111042308129586,0.3764172335600907
Sgo_CH1,S. gordonii,SGO_RS05245,0.3761467889908257,0.4075008593041325,0.37920489296636084
Sgo_CH1,S. gordonii,SGO_RS05250,0.3608490566037736,0.4751955497922011,0.4209905660377358
Sgo_CH1,S. gordonii,SGO_RS05255,0.27624309392265195,0.471624915224925,0.3756906077348066
Sgo_CH1,S. gordonii,SGO_RS05260,0.27631578947368424,0.45337210914494647,0.41885964912280704
Sgo_CH1,S. gordonii,SGO_RS05265,0.32,0.43015095404259657,0.36
Sgo_CH1,S. gordonii,SGO_RS05270,0.3169164882226981,0.3970384336753286,0.3625981441827266
Sgo_CH1,S. gordonii,SGO_RS05275,0.2750809061488673,0.40201475429258393,0.3484358144552319
Sgo_CH1,S. gordonii,SGO_RS05280,0.27479338842975204,0.525362239948581,0.378099173553719
Sgo_CH1,S. gordonii,SGO_RS05290,0.254071661237785,0.47565658286895857,0.3257328990228013
Sgo_CH1,S. gordonii,SGO_RS05295,0.30808080808080807,0.3820427658900897,0.3771043771043771
Sgo_CH1,S. gordonii,SGO_RS05300,0.2887323943661972,0.46436630662577544,0.3998435054773083
Sgo_CH1,S. gordonii,SGO_RS05305,0.2669683257918552,0.5315415252889003,0.41025641025641024
Sgo_CH1,S. gordonii,SGO_RS05310,0.3153846153846154,0.4293751016288868,0.41025641025641024
Sgo_CH1,S. gordonii,SGO_RS05315,0.23229461756373937,0.7139371392073849,0.40132200188857414
Sgo_CH1,S. gordonii,SGO_RS05320,0.248046875,0.5471418185726415,0.3795572916666667
Sgo_CH1,S. gordonii,SGO_RS05325,0.3286118980169972,0.501520296965951,0.4183191690273843
Sgo_CH1,S. gordonii,SGO_RS05330,0.34169278996865204,0.526945532727516,0.41379310344827586
Sgo_CH1,S. gordonii,SGO_RS05335,0.2569444444444444,0.432636552569156,0.3541666666666667
Sgo_CH1,S. gordonii,SGO_RS05340,0.3116883116883117,0.3882855574602169,0.3560606060606061
Sgo_CH1,S. gordonii,SGO_RS05345,0.36633663366336633,0.356286320736208,0.39383938393839385
Sgo_CH1,S. gordonii,SGO_RS05350,0.32051282051282054,0.3862361726840403,0.34615384615384615
Sgo_CH1,S. gordonii,SGO_RS05355,0.40404040404040403,0.37799893779900967,0.4556677890011223
Sgo_CH1,S. gordonii,SGO_RS05360,0.3107344632768362,0.4554079509708173,0.4030131826741996
Sgo_CH1,S. gordonii,SGO_RS11055,0.3360995850622407,0.42150684572080466,0.3789764868603043
Sgo_CH1,S. gordonii,SGO_RS05375,0.2863070539419087,0.4444091569603818,0.29737206085753803
Sgo_CH1,S. gordonii,SGO_RS05380,0.3651685393258427,0.3523620609998358,0.3857677902621723
Sgo_CH1,S. gordonii,SGO_RS05385,0.30980392156862746,0.5203489308411032,0.44052287581699345
Sgo_CH1,S. gordonii,SGO_RS05390,0.4756756756756757,0.30523687065990646,0.4783783783783784
Sgo_CH1,S. gordonii,SGO_RS05395,0.43942992874109266,0.35584979344951695,0.46951702296120346
Sgo_CH1,S. gordonii,SGO_RS05400,0.38661710037174724,0.30982080266198714,0.4684014869888476
Sgo_CH1,S. gordonii,SGO_RS05405,0.30973451327433627,0.5183985504273388,0.3834808259587021
Sgo_CH1,S. gordonii,SGO_RS05410,0.3744075829383886,0.4085017291374535,0.35545023696682465
Sgo_CH1,S. gordonii,SGO_RS05420,0.467966573816156,0.31723998778876367,0.4688950789229341
Sgo_CH1,S. gordonii,SGO_RS05425,0.48867924528301887,0.3441005439275575,0.48364779874213837
Sgo_CH1,S. gordonii,SGO_RS05435,0.3045977011494253,0.4325729880746763,0.39846743295019155
Sgo_CH1,S. gordonii,SGO_RS05440,0.34813084112149534,0.41654384057009564,0.40809968847352024
Sgo_CH1,S. gordonii,SGO_RS05445,0.3811074918566775,0.47748433414284847,0.4147665580890337
Sgo_CH1,S. gordonii,SGO_RS05450,0.21675531914893617,0.480942871352549,0.387854609929078
Sgo_CH1,S. gordonii,SGO_RS05455,0.23387096774193547,0.41740055470660714,0.35080645161290325
Sgo_CH1,S. gordonii,SGO_RS05460,0.3125,0.439198365865052,0.3980263157894737
Sgo_CH1,S. gordonii,SGO_RS05465,0.3363914373088685,0.5284837000769481,0.4434250764525994
Sgo_CH1,S. gordonii,SGO_RS05470,0.312,0.49757288635202696,0.3626666666666667
Sgo_CH1,S. gordonii,SGO_RS05475,0.30633802816901406,0.4072851917571878,0.38615023474178406
Sgo_CH1,S. gordonii,SGO_RS05480,0.390625,0.3905989075058153,0.45703125
Sgo_CH1,S. gordonii,SGO_RS05485,0.4375,0.36951987388188356,0.4475
Sgo_CH1,S. gordonii,SGO_RS05490,0.4855305466237942,0.32355218873992525,0.45230439442658094
Sgo_CH1,S. gordonii,SGO_RS05495,0.17232375979112272,0.389037797672069,0.2741514360313316
Sgo_CH1,S. gordonii,SGO_RS05500,0.35260115606936415,0.5427587318181746,0.4309569685292229
Sgo_CH1,S. gordonii,SGO_RS05505,0.33476394849785407,0.3530330501552382,0.39628040057224606
Sgo_CH1,S. gordonii,SGO_RS05510,0.32432432432432434,0.4381423244474204,0.34534534534534533
Sgo_CH1,S. gordonii,SGO_RS05520,0.4095238095238095,0.4258699951978743,0.44
Sgo_CH1,S. gordonii,SGO_RS05525,0.373134328358209,0.36581101232645824,0.39054726368159204
Sgo_CH1,S. gordonii,SGO_RS05530,0.30917874396135264,0.39454434699973806,0.3365539452495974
Sgo_CH1,S. gordonii,SGO_RS05535,0.45098039215686275,0.3018182879973613,0.42203548085901027
Sgo_CH1,S. gordonii,SGO_RS05540,0.3933649289099526,0.3916114258317887,0.40126382306477093
Sgo_CH1,S. gordonii,SGO_RS05545,0.4388059701492537,0.33622317439592875,0.40746268656716417
Sgo_CH1,S. gordonii,SGO_RS05550,0.42727272727272725,0.4781623518702486,0.4171717171717172
Sgo_CH1,S. gordonii,SGO_RS05555,0.38380281690140844,0.5324560064852333,0.4477699530516432
Sgo_CH1,S. gordonii,SGO_RS05560,0.4109195402298851,0.45981224919286223,0.43103448275862066
Sgo_CH1,S. gordonii,SGO_RS05565,0.3716012084592145,0.5316783455823215,0.45417925478348437
Sgo_CH1,S. gordonii,SGO_RS05570,0.3746130030959752,0.5250860784909301,0.434468524251806
Sgo_CH1,S. gordonii,SGO_RS05575,0.2853470437017995,0.510954082328254,0.3744644387317909
Sgo_CH1,S. gordonii,SGO_RS05580,0.2834008097165992,0.4847762509972245,0.39271255060728744
Sgo_CH1,S. gordonii,SGO_RS05585,0.27636363636363637,0.462034400179342,0.3575757575757576
Sgo_CH1,S. gordonii,SGO_RS05590,0.3308270676691729,0.49936798759765766,0.3684210526315789
Sgo_CH1,S. gordonii,SGO_RS05595,0.2608695652173913,0.5078654902365324,0.3739130434782609
Sgo_CH1,S. gordonii,SGO_RS05600,0.24242424242424243,0.4796499821599465,0.3552188552188552
Sgo_CH1,S. gordonii,SGO_RS05605,0.28292682926829266,0.5146601439569368,0.3861788617886179
Sgo_CH1,S. gordonii,SGO_RS05610,0.25146198830409355,0.4126165928477613,0.3391812865497076
Sgo_CH1,S. gordonii,SGO_RS05615,0.24848484848484848,0.445392050553607,0.3616161616161616
Sgo_CH1,S. gordonii,SGO_RS05620,0.42857142857142855,0.4202477916425346,0.4095238095238095
Sgo_CH1,S. gordonii,SGO_RS05625,0.259375,0.5245824984183438,0.403125
Sgo_CH1,S. gordonii,SGO_RS05630,0.30141843971631205,0.3992673467219526,0.35815602836879434
Sgo_CH1,S. gordonii,SGO_RS05650,0.34801569995638904,0.4367624982338535,0.45631632504724523
Sgo_CH1,S. gordonii,SGO_RS05655,0.417910447761194,0.33107889396999735,0.3963515754560531
Sgo_CH1,S. gordonii,SGO_RS05660,0.4676923076923077,0.38705377500166666,0.4123076923076923
Sgo_CH1,S. gordonii,SGO_RS05665,0.3847980997624703,0.48104811459080127,0.44655581947743467
Sgo_CH1,S. gordonii,SGO_RS05670,0.38071065989847713,0.3546357676994941,0.4450084602368866
Sgo_CH1,S. gordonii,SGO_RS05675,0.4151624548736462,0.3616480388126565,0.4548736462093863
Sgo_CH1,S. gordonii,SGO_RS05680,0.4222222222222222,0.41295538421508454,0.4546296296296296
Sgo_CH1,S. gordonii,SGO_RS05685,0.359375,0.45239633768421944,0.390625
Sgo_CH1,S. gordonii,SGO_RS05695,0.31516587677725116,0.4428583916367477,0.38941548183254343
Sgo_CH1,S. gordonii,SGO_RS05700,0.30412371134020616,0.4413109311467769,0.3865979381443299
Sgo_CH1,S. gordonii,SGO_RS05705,0.28353658536585363,0.471327101368356,0.3983739837398374
Sgo_CH1,S. gordonii,SGO_RS05710,0.3183856502242152,0.3889843504391987,0.3834080717488789
Sgo_CH1,S. gordonii,SGO_RS05720,0.3598326359832636,0.362625135425555,0.3682008368200837
Sgo_CH1,S. gordonii,SGO_RS05725,0.3398230088495575,0.4065641514344586,0.38997050147492623
Sgo_CH1,S. gordonii,SGO_RS05730,0.3027295285359802,0.485258896551557,0.3978494623655914
Sgo_CH1,S. gordonii,SGO_RS05735,0.2945205479452055,0.5025344722529974,0.363013698630137
Sgo_CH1,S. gordonii,SGO_RS05740,0.30947775628626695,0.3910002217621852,0.3733075435203095
Sgo_CH1,S. gordonii,SGO_RS05745,0.23529411764705882,0.6674815402573878,0.37037037037037035
Sgo_CH1,S. gordonii,SGO_RS05750,0.3032258064516129,0.3698106995776729,0.3827956989247312
Sgo_CH1,S. gordonii,SGO_RS05755,0.35148514851485146,0.6771594971850384,0.400990099009901
Sgo_CH1,S. gordonii,SGO_RS05760,0.3421686746987952,0.6721615878962347,0.43132530120481927
Sgo_CH1,S. gordonii,SGO_RS05765,0.2903225806451613,0.5119638661155529,0.3781362007168459
Sgo_CH1,S. gordonii,SGO_RS05770,0.33755274261603374,0.3525903926381425,0.38115330520393814
Sgo_CH1,S. gordonii,SGO_RS05775,0.44366197183098594,0.35335516334129735,0.43133802816901406
Sgo_CH1,S. gordonii,SGO_RS05780,0.363265306122449,0.34254619515447465,0.39727891156462586
Sgo_CH1,S. gordonii,SGO_RS05785,0.3378016085790885,0.4553394248259868,0.38605898123324395
Sgo_CH1,S. gordonii,SGO_RS05790,0.40425531914893614,0.4527342915358981,0.3953900709219858
Sgo_CH1,S. gordonii,SGO_RS05795,0.4336283185840708,0.62293556853247,0.3421828908554572
Sgo_CH1,S. gordonii,SGO_RS05800,0.3670886075949367,0.3863029367893816,0.4177215189873418
Sgo_CH1,S. gordonii,SGO_RS05805,0.3710144927536232,0.33828878506315624,0.4048309178743961
Sgo_CH1,S. gordonii,SGO_RS05810,0.36909871244635195,0.3511135737647696,0.40486409155937053
Sgo_CH1,S. gordonii,SGO_RS05815,0.3117816091954023,0.517887216187686,0.4281609195402299
Sgo_CH1,S. gordonii,SGO_RS05820,0.28893905191873587,0.43374858983989273,0.38449962377727614
Sgo_CH1,S. gordonii,SGO_RS05825,0.3782991202346041,0.36425115786035367,0.4056695992179863
Sgo_CH1,S. gordonii,SGO_RS05830,0.3891891891891892,0.41176843189169204,0.38738738738738737
Sgo_CH1,S. gordonii,SGO_RS05835,0.38552188552188554,0.405905439921295,0.4006734006734007
Sgo_CH1,S. gordonii,SGO_RS05840,0.2867012089810017,0.403042373041232,0.3828439838802533
Sgo_CH1,S. gordonii,SGO_RS05845,0.2662337662337662,0.641056396432047,0.341991341991342
Sgo_CH1,S. gordonii,SGO_RS05850,0.18699186991869918,0.8283596438444824,0.41192411924119243
Sgo_CH1,S. gordonii,SGO_RS05855,0.2155688622754491,0.7223913499178897,0.4251497005988024
Sgo_CH1,S. gordonii,SGO_RS05860,0.4157303370786517,0.38572037133449255,0.4591760299625468
Sgo_CH1,S. gordonii,SGO_RS05865,0.3878787878787879,0.41513398745949415,0.41818181818181815
Sgo_CH1,S. gordonii,SGO_RS05870,0.3347457627118644,0.4075292497776474,0.3488700564971751
Sgo_CH1,S. gordonii,SGO_RS05875,0.29385964912280704,0.33945312208232914,0.3961988304093567
Sgo_CH1,S. gordonii,SGO_RS05880,0.33954154727793695,0.4249647229062376,0.40019102196752626
Sgo_CH1,S. gordonii,SGO_RS05885,0.29537366548042704,0.4099597990965331,0.37841043890865955
Sgo_CH1,S. gordonii,SGO_RS05890,0.30569948186528495,0.39387600726931643,0.39896373056994816
Sgo_CH1,S. gordonii,SGO_RS05895,0.3663003663003663,0.3752679670768405,0.36996336996337
Sgo_CH1,S. gordonii,SGO_RS05900,0.39215686274509803,0.4037397021874647,0.43137254901960786
Sgo_CH1,S. gordonii,SGO_RS05905,0.3591549295774648,0.39999043879326923,0.4107981220657277
Sgo_CH1,S. gordonii,SGO_RS05910,0.26548672566371684,0.5091449406236311,0.3834808259587021
Sgo_CH1,S. gordonii,SGO_RS05915,0.32051282051282054,0.46833217353476536,0.422008547008547
Sgo_CH1,S. gordonii,SGO_RS05920,0.31197771587743733,0.5181219107382794,0.4159702878365831
Sgo_CH1,S. gordonii,SGO_RS05925,0.39545454545454545,0.3032466269278792,0.4015151515151515
Sgo_CH1,S. gordonii,SGO_RS05930,0.4039408866995074,0.36513822599147505,0.39901477832512317
Sgo_CH1,S. gordonii,SGO_RS05935,0.3575418994413408,0.3587545759070505,0.4134078212290503
Sgo_CH1,S. gordonii,SGO_RS05940,0.3644524236983842,0.4614529507201411,0.44344703770197486
Sgo_CH1,S. gordonii,SGO_RS05945,0.2857142857142857,0.37776176922045585,0.3142857142857143
Sgo_CH1,S. gordonii,SGO_RS05950,0.3463203463203463,0.3731790910774218,0.3924963924963925
Sgo_CH1,S. gordonii,SGO_RS05955,0.358695652173913,0.3873342582999614,0.42391304347826086
Sgo_CH1,S. gordonii,SGO_RS05960,0.30851063829787234,0.43689248333328856,0.37056737588652483
Sgo_CH1,S. gordonii,SGO_RS05965,0.32460732984293195,0.6578258752710824,0.4281559045956952
Sgo_CH1,S. gordonii,SGO_RS05970,0.28448275862068967,0.5915317783362986,0.41379310344827586
Sgo_CH1,S. gordonii,SGO_RS05980,0.412532637075718,0.3504602720725162,0.43777197563098347
Sgo_CH1,S. gordonii,SGO_RS05985,0.2883435582822086,0.5096979516990015,0.4171779141104294
Sgo_CH1,S. gordonii,SGO_RS05990,0.2635135135135135,0.4089262402334958,0.36824324324324326
Sgo_CH1,S. gordonii,SGO_RS05995,0.3090909090909091,0.3686366905516923,0.3696969696969697
Sgo_CH1,S. gordonii,SGO_RS06000,0.32432432432432434,0.3661980770954468,0.38288288288288286
Sgo_CH1,S. gordonii,SGO_RS06005,0.28421052631578947,0.41322690710970217,0.34210526315789475
Sgo_CH1,S. gordonii,SGO_RS06010,0.31347962382445144,0.5027281457351568,0.40856844305120166
Sgo_CH1,S. gordonii,SGO_RS06015,0.29521276595744683,0.3641849873186054,0.3874113475177305
Sgo_CH1,S. gordonii,SGO_RS06020,0.25862068965517243,0.46675094311203447,0.28448275862068967
Sgo_CH1,S. gordonii,SGO_RS06030,0.28378378378378377,0.47825364513220603,0.36486486486486486
Sgo_CH1,S. gordonii,SGO_RS06035,0.32599118942731276,0.3222288394991348,0.38179148311306904
Sgo_CH1,S. gordonii,SGO_RS06040,0.2698412698412698,0.4318666817713653,0.3637566137566138
Sgo_CH1,S. gordonii,SGO_RS06045,0.29706601466992666,0.4531556690185512,0.40749796251018744
Sgo_CH1,S. gordonii,SGO_RS06050,0.2948328267477204,0.7733375951147643,0.425531914893617
Sgo_CH1,S. gordonii,SGO_RS06060,0.19651741293532338,0.7339180382811212,0.4046434494195688
Sgo_CH1,S. gordonii,SGO_RS06080,0.375366568914956,0.4697751773652313,0.447702834799609
Sgo_CH1,S. gordonii,SGO_RS06085,0.5214198286413708,0.335987484205666,0.47613219094247244
Sgo_CH1,S. gordonii,SGO_RS06090,0.3020408163265306,0.3490427204880033,0.3523809523809524
Sgo_CH1,S. gordonii,SGO_RS06095,0.5215827338129496,0.34430240382016036,0.46522781774580335
Sgo_CH1,S. gordonii,SGO_RS06100,0.2222222222222222,0.5645845409050775,0.3190883190883191
Sgo_CH1,S. gordonii,SGO_RS06110,0.22896281800391388,0.39282335019047515,0.30267449445531636
Sgo_CH1,S. gordonii,SGO_RS06115,0.5092307692307693,0.3363220520847092,0.48256410256410254
Sgo_CH1,S. gordonii,SGO_RS06120,0.26046511627906976,0.403120747312294,0.35038759689922483
Sgo_CH1,S. gordonii,SGO_RS06125,0.24279835390946503,0.5181647490460382,0.3941472336534065
Sgo_CH1,S. gordonii,SGO_RS06130,0.39952718676122934,0.3977824277007885,0.4562647754137116
Sgo_CH1,S. gordonii,SGO_RS06135,0.47096774193548385,0.33656626388395333,0.45161290322580644
Sgo_CH1,S. gordonii,SGO_RS06140,0.41743119266055045,0.39101344148810563,0.44495412844036697
Sgo_CH1,S. gordonii,SGO_RS06145,0.3784860557768924,0.35643962676693686,0.42762284196547146
Sgo_CH1,S. gordonii,SGO_RS06150,0.3745173745173745,0.3722181590957466,0.3655083655083655
Sgo_CH1,S. gordonii,SGO_RS06155,0.4238095238095238,0.4238361509276747,0.4523809523809524
Sgo_CH1,S. gordonii,SGO_RS06160,0.4329004329004329,0.43784688445536296,0.4574314574314574
Sgo_CH1,S. gordonii,SGO_RS06165,0.3993610223642173,0.3730507207612439,0.46645367412140576
Sgo_CH1,S. gordonii,SGO_RS06170,0.44609665427509293,0.3726725150625669,0.4745972738537794
Sgo_CH1,S. gordonii,SGO_RS06175,0.41254125412541254,0.3779074821922988,0.40154015401540155
Sgo_CH1,S. gordonii,SGO_RS06180,0.48770491803278687,0.3394624929179997,0.4576502732240437
Sgo_CH1,S. gordonii,SGO_RS06185,0.40551181102362205,0.345308517335935,0.41732283464566927
Sgo_CH1,S. gordonii,SGO_RS06190,0.36554621848739494,0.54070231756844,0.4215686274509804
Sgo_CH1,S. gordonii,SGO_RS06195,0.28270042194092826,0.4493246400805754,0.4092827004219409
Sgo_CH1,S. gordonii,SGO_RS06200,0.38106796116504854,0.29827895509160735,0.46359223300970875
Sgo_CH1,S. gordonii,SGO_RS06205,0.3111111111111111,0.6303083496999609,0.4308641975308642
Sgo_CH1,S. gordonii,SGO_RS10915,0.30445544554455445,0.5783323495442927,0.41336633663366334
Sgo_CH1,S. gordonii,SGO_RS10920,0.29646017699115046,0.4718604792332576,0.41150442477876104
Sgo_CH1,S. gordonii,SGO_RS06220,0.4585152838427948,0.382084953213186,0.45633187772925765
Sgo_CH1,S. gordonii,SGO_RS06225,0.3631578947368421,0.379825779015946,0.38070175438596493
Sgo_CH1,S. gordonii,SGO_RS06230,0.27467811158798283,0.44023509672729516,0.37339055793991416
Sgo_CH1,S. gordonii,SGO_RS06235,0.31496062992125984,0.3891084091088224,0.34908136482939633
Sgo_CH1,S. gordonii,SGO_RS06245,0.2743362831858407,0.5651588161062167,0.3775811209439528
Sgo_CH1,S. gordonii,SGO_RS06250,0.32075471698113206,0.5150836511956196,0.4168912848158131
Sgo_CH1,S. gordonii,SGO_RS06255,0.32996632996632996,0.38539862402265046,0.39225589225589225
Sgo_CH1,S. gordonii,SGO_RS06260,0.3543307086614173,0.6053639163987204,0.3753280839895013
Sgo_CH1,S. gordonii,SGO_RS06270,0.3157894736842105,0.3904357924276015,0.3406432748538012
Sgo_CH1,S. gordonii,SGO_RS06280,0.3236514522821577,0.39305079576038016,0.3789764868603043
Sgo_CH1,S. gordonii,SGO_RS06285,0.3333333333333333,0.3881702458852246,0.3783068783068783
Sgo_CH1,S. gordonii,SGO_RS06290,0.3220338983050847,0.4395160219129686,0.3418079096045198
Sgo_CH1,S. gordonii,SGO_RS06295,0.3917995444191344,0.45600070990956204,0.44267274107820803
Sgo_CH1,S. gordonii,SGO_RS06300,0.46439628482972134,0.3598537765634279,0.46233230134158926
Sgo_CH1,S. gordonii,SGO_RS06305,0.5245579567779961,0.2711600040500492,0.4819908316961362
Sgo_CH1,S. gordonii,SGO_RS06310,0.4609053497942387,0.3212295886782085,0.4334705075445816
Sgo_CH1,S. gordonii,SGO_RS06315,0.2641509433962264,0.34821394788203347,0.2861635220125786
Sgo_CH1,S. gordonii,SGO_RS06320,0.23931623931623933,0.37155545140316554,0.32763532763532766
Sgo_CH1,S. gordonii,SGO_RS06325,0.30612244897959184,0.41142410987290234,0.31802721088435376
Sgo_CH1,S. gordonii,SGO_RS06330,0.5112262521588946,0.28867447807869745,0.4743811168681635
Sgo_CH1,S. gordonii,SGO_RS06335,0.5387263339070568,0.28528865933755715,0.48823866896156054
Sgo_CH1,S. gordonii,SGO_RS06340,0.47474747474747475,0.3221222679578906,0.414983164983165
Sgo_CH1,S. gordonii,SGO_RS06345,0.39643652561247217,0.546547519535752,0.43801039346696363
Sgo_CH1,S. gordonii,SGO_RS06355,0.33121019108280253,0.3664833469911889,0.36942675159235666
Sgo_CH1,S. gordonii,SGO_RS06360,0.33116883116883117,0.37031651862163756,0.3852813852813853
Sgo_CH1,S. gordonii,SGO_RS06365,0.3486005089058524,0.39142170724137443,0.4342663273960984
Sgo_CH1,S. gordonii,SGO_RS06370,0.3987730061349693,0.3053889288042366,0.3946830265848671
Sgo_CH1,S. gordonii,SGO_RS06375,0.40268456375838924,0.342729979683665,0.38031319910514544
Sgo_CH1,S. gordonii,SGO_RS06385,0.2719836400817996,0.42243491227644014,0.35719154737559644
Sgo_CH1,S. gordonii,SGO_RS06390,0.312280701754386,0.4405658440461318,0.35555555555555557
Sgo_CH1,S. gordonii,SGO_RS06395,0.3016949152542373,0.4857062735770411,0.34915254237288135
Sgo_CH1,S. gordonii,SGO_RS06400,0.25170068027210885,0.5729922737364843,0.3688586545729403
Sgo_CH1,S. gordonii,SGO_RS06405,0.23823529411764705,0.46485238684216634,0.33431372549019606
Sgo_CH1,S. gordonii,SGO_RS06410,0.3469387755102041,0.3977359682763105,0.3727891156462585
Sgo_CH1,S. gordonii,SGO_RS06415,0.3161290322580645,0.37507825332029227,0.35268817204301073
Sgo_CH1,S. gordonii,SGO_RS06420,0.37962962962962965,0.3961942315683646,0.38117283950617287
Sgo_CH1,S. gordonii,SGO_RS06430,0.28493150684931506,0.46449710123348975,0.3598173515981735
Sgo_CH1,S. gordonii,SGO_RS06435,0.4841075794621027,0.3801594004628384,0.4678076609616952
Sgo_CH1,S. gordonii,SGO_RS06445,0.3247588424437299,0.36939306679426165,0.3804930332261522
Sgo_CH1,S. gordonii,SGO_RS06450,0.38524590163934425,0.361686546671472,0.43169398907103823
Sgo_CH1,S. gordonii,SGO_RS06455,0.4277456647398844,0.4647751097730126,0.4161849710982659
Sgo_CH1,S. gordonii,SGO_RS06460,0.3333333333333333,0.36798375804598527,0.4400871459694989
Sgo_CH1,S. gordonii,SGO_RS06465,0.41081081081081083,0.35680517559471814,0.41081081081081083
Sgo_CH1,S. gordonii,SGO_RS06470,0.45045045045045046,0.3751139631712916,0.44894894894894893
Sgo_CH1,S. gordonii,SGO_RS06475,0.4711111111111111,0.28897859377040114,0.4525925925925926
Sgo_CH1,S. gordonii,SGO_RS06480,0.42391304347826086,0.31150086110250347,0.463768115942029
Sgo_CH1,S. gordonii,SGO_RS06495,0.26521739130434785,0.3927737618740621,0.33768115942028987
Sgo_CH1,S. gordonii,SGO_RS06500,0.32601880877742945,0.4004767413504702,0.3709508881922675
Sgo_CH1,S. gordonii,SGO_RS06505,0.37681159420289856,0.38644883805156566,0.36231884057971014
Sgo_CH1,S. gordonii,SGO_RS06510,0.44357976653696496,0.3262413561019498,0.4604409857328145
Sgo_CH1,S. gordonii,SGO_RS06515,0.4817813765182186,0.35215010894346216,0.4318488529014845
Sgo_CH1,S. gordonii,SGO_RS06520,0.4827586206896552,0.32697654572119894,0.4412024756852343
Sgo_CH1,S. gordonii,SGO_RS06525,0.5034364261168385,0.3044970682130243,0.45418098510882016
Sgo_CH1,S. gordonii,SGO_RS06530,0.44821731748726656,0.32842209280831386,0.45217883418222976
Sgo_CH1,S. gordonii,SGO_RS06535,0.5098039215686274,0.31164154872173694,0.47058823529411764
Sgo_CH1,S. gordonii,SGO_RS06540,0.45323741007194246,0.29038958364635997,0.45083932853717024
Sgo_CH1,S. gordonii,SGO_RS06545,0.4496487119437939,0.3546246107292866,0.47384855581576896
Sgo_CH1,S. gordonii,SGO_RS06550,0.48120300751879697,0.28022520408273505,0.44611528822055135
Sgo_CH1,S. gordonii,SGO_RS06555,0.5032765399737876,0.29420267241645787,0.47575360419397117
Sgo_CH1,S. gordonii,SGO_RS06560,0.3560606060606061,0.4169491980289193,0.3897306397306397
Sgo_CH1,S. gordonii,SGO_RS06565,0.3279569892473118,0.3545097056697434,0.33512544802867383
Sgo_CH1,S. gordonii,SGO_RS06570,0.28087649402390436,0.7956813464090409,0.4070385126162019
Sgo_CH1,S. gordonii,SGO_RS06575,0.26112759643916916,0.5945053825233324,0.4352126607319486
Sgo_CH1,S. gordonii,SGO_RS06580,0.37524177949709864,0.3604338617805413,0.4084461637653127
Sgo_CH1,S. gordonii,SGO_RS06585,0.32340425531914896,0.5339131432520886,0.3730496453900709
Sgo_CH1,S. gordonii,SGO_RS06590,0.33707865168539325,0.4225195624641592,0.36079900124843944
Sgo_CH1,S. gordonii,SGO_RS06595,0.4435483870967742,0.3029726330715464,0.3951612903225806
Sgo_CH1,S. gordonii,SGO_RS06605,0.4423076923076923,0.3087839871618307,0.4198717948717949
Sgo_CH1,S. gordonii,SGO_RS06610,0.44680851063829785,0.3904360292982218,0.3829787234042553
Sgo_CH1,S. gordonii,SGO_RS06615,0.35911602209944754,0.3601837790920827,0.3756906077348066
Sgo_CH1,S. gordonii,SGO_RS06620,0.3855421686746988,0.3491195914533021,0.3132530120481928
Sgo_CH1,S. gordonii,SGO_RS06625,0.4283276450511945,0.3553080467081709,0.41751990898748575
Sgo_CH1,S. gordonii,SGO_RS06630,0.2721518987341772,0.4053040158202672,0.33755274261603374
Sgo_CH1,S. gordonii,SGO_RS06635,0.3004484304932735,0.39432850527791374,0.31988041853512705
Sgo_CH1,S. gordonii,SGO_RS06640,0.25675675675675674,0.38852656463166285,0.3183183183183183
Sgo_CH1,S. gordonii,SGO_RS06645,0.35877862595419846,0.3900821817717483,0.3944020356234097
Sgo_CH1,S. gordonii,SGO_RS10585,0.29770992366412213,0.38371181201440147,0.3256997455470738
Sgo_CH1,S. gordonii,SGO_RS06655,0.2684310018903592,0.35664620674992603,0.313169502205419
Sgo_CH1,S. gordonii,SGO_RS06660,0.2673611111111111,0.3976105498921006,0.3159722222222222
Sgo_CH1,S. gordonii,SGO_RS06665,0.4474708171206226,0.3248175752578939,0.4267185473411154
Sgo_CH1,S. gordonii,SGO_RS06670,0.3684210526315789,0.3830424608971442,0.4327485380116959
Sgo_CH1,S. gordonii,SGO_RS06675,0.3058252427184466,0.4171376608807996,0.32038834951456313
Sgo_CH1,S. gordonii,SGO_RS06680,0.379182156133829,0.43869944008088047,0.38413878562577447
Sgo_CH1,S. gordonii,SGO_RS06685,0.4485776805251641,0.35888228307036996,0.4427425237053246
Sgo_CH1,S. gordonii,SGO_RS06690,0.42117117117117114,0.3792045554383084,0.4369369369369369
Sgo_CH1,S. gordonii,SGO_RS06695,0.3442028985507246,0.37168602297549197,0.427536231884058
Sgo_CH1,S. gordonii,SGO_RS06700,0.35185185185185186,0.34988938242369994,0.3888888888888889
Sgo_CH1,S. gordonii,SGO_RS06705,0.40186915887850466,0.36776330238177696,0.45638629283489096
Sgo_CH1,S. gordonii,SGO_RS06710,0.3180327868852459,0.3970735525703568,0.41530054644808745
Sgo_CH1,S. gordonii,SGO_RS06715,0.36283185840707965,0.4785581742109769,0.3805309734513274
Sgo_CH1,S. gordonii,SGO_RS06720,0.45257452574525747,0.28213163234850497,0.46612466124661245
Sgo_CH1,S. gordonii,SGO_RS06725,0.5372750642673522,0.305611460334311,0.5201371036846615
Sgo_CH1,S. gordonii,SGO_RS06730,0.48314606741573035,0.34682496075102276,0.47284644194756553
Sgo_CH1,S. gordonii,SGO_RS06735,0.3111888111888112,0.39696601559734473,0.40559440559440557
Sgo_CH1,S. gordonii,SGO_RS06740,0.3938053097345133,0.3998441001698705,0.4026548672566372
Sgo_CH1,S. gordonii,SGO_RS06745,0.3427835051546392,0.4087623761724021,0.39690721649484534
Sgo_CH1,S. gordonii,SGO_RS06750,0.49591280653950953,0.37201459082666677,0.43278837420526794
Sgo_CH1,S. gordonii,SGO_RS06755,0.25287356321839083,0.4015455483041291,0.2710727969348659
Sgo_CH1,S. gordonii,SGO_RS06760,0.23148148148148148,0.3361128667074906,0.31790123456790126
Sgo_CH1,S. gordonii,SGO_RS06765,0.2922077922077922,0.36922087838951256,0.3398268398268398
Sgo_CH1,S. gordonii,SGO_RS06770,0.227792436235708,0.4048582395677108,0.3204338903547347
Sgo_CH1,S. gordonii,SGO_RS06780,0.3448275862068966,0.7248913585521511,0.45977011494252873
Sgo_CH1,S. gordonii,SGO_RS06785,0.30275229357798167,0.4680026636352643,0.3486238532110092
Sgo_CH1,S. gordonii,SGO_RS06790,0.512,0.3078743718619663,0.44266666666666665
Sgo_CH1,S. gordonii,SGO_RS06800,0.4403470715835141,0.33374307918870333,0.44613159797541574
Sgo_CH1,S. gordonii,SGO_RS06805,0.3981723237597911,0.3845376825957256,0.4251523063533507
Sgo_CH1,S. gordonii,SGO_RS06810,0.3761755485893417,0.42186967478468596,0.42946708463949845
Sgo_CH1,S. gordonii,SGO_RS06815,0.35834609494640124,0.41470933985660174,0.4374680959673303
Sgo_CH1,S. gordonii,SGO_RS06820,0.32941176470588235,0.4663386415672335,0.3686274509803922
Sgo_CH1,S. gordonii,SGO_RS06825,0.4589041095890411,0.3466375301836601,0.3744292237442922
Sgo_CH1,S. gordonii,SGO_RS06830,0.3475177304964539,0.36757834382803556,0.38534278959810875
Sgo_CH1,S. gordonii,SGO_RS06835,0.4491525423728814,0.3530524676315423,0.461864406779661
Sgo_CH1,S. gordonii,SGO_RS06840,0.5,0.27965034915569187,0.45555555555555555
Sgo_CH1,S. gordonii,SGO_RS06845,0.3859060402684564,0.3181445138844273,0.37024608501118567
Sgo_CH1,S. gordonii,SGO_RS06850,0.34265734265734266,0.4447820355066827,0.4347319347319347
Sgo_CH1,S. gordonii,SGO_RS06855,0.3474178403755869,0.3378745622991062,0.40219092331768386
Sgo_CH1,S. gordonii,SGO_RS06860,0.3532608695652174,0.3496431821404934,0.38768115942028986
Sgo_CH1,S. gordonii,SGO_RS06865,0.3254156769596199,0.41722651224607266,0.4307205067300079
Sgo_CH1,S. gordonii,SGO_RS06870,0.504,0.3356100727288113,0.4573333333333333
Sgo_CH1,S. gordonii,SGO_RS06875,0.5523809523809524,0.2640070111846971,0.49523809523809526
Sgo_CH1,S. gordonii,SGO_RS06880,0.5478260869565217,0.3235847236757275,0.48405797101449277
Sgo_CH1,S. gordonii,SGO_RS06885,0.541501976284585,0.3063905218407772,0.5217391304347826
Sgo_CH1,S. gordonii,SGO_RS06890,0.5062240663900415,0.27569740965884776,0.49100968188105115
Sgo_CH1,S. gordonii,SGO_RS06895,0.5144230769230769,0.3137327002184041,0.5240384615384616
Sgo_CH1,S. gordonii,SGO_RS06900,0.5487179487179488,0.3016911115131678,0.5008547008547009
Sgo_CH1,S. gordonii,SGO_RS06905,0.531322505800464,0.31039327132890854,0.5050270688321732
Sgo_CH1,S. gordonii,SGO_RS06910,0.5674418604651162,0.2772219750342531,0.49767441860465117
Sgo_CH1,S. gordonii,SGO_RS06915,0.5484848484848485,0.2661580759975633,0.49393939393939396
Sgo_CH1,S. gordonii,SGO_RS06920,0.5240793201133145,0.27948059691755633,0.49291784702549574
Sgo_CH1,S. gordonii,SGO_RS06925,0.37254901960784315,0.322828019832291,0.4150326797385621
Sgo_CH1,S. gordonii,SGO_RS06930,0.4239934264585045,0.32610485954499274,0.4256368118323747
Sgo_CH1,S. gordonii,SGO_RS06935,0.4725776965265082,0.29708693093862293,0.46526508226691043
Sgo_CH1,S. gordonii,SGO_RS06940,0.2996219281663516,0.443515134891019,0.4102079395085066
Sgo_CH1,S. gordonii,SGO_RS06945,0.40969162995594716,0.3482469303031869,0.4052863436123348
Sgo_CH1,S. gordonii,SGO_RS06950,0.3789954337899543,0.36703662100905,0.3911719939117199
Sgo_CH1,S. gordonii,SGO_RS06955,0.3645320197044335,0.37859213312441886,0.3957307060755337
Sgo_CH1,S. gordonii,SGO_RS06960,0.32599118942731276,0.3809926592032737,0.3832599118942731
Sgo_CH1,S. gordonii,SGO_RS06965,0.3038277511961722,0.4983816168687785,0.379585326953748
Sgo_CH1,S. gordonii,SGO_RS06975,0.2878338278931751,0.47001927131135557,0.40158259149357073
Sgo_CH1,S. gordonii,SGO_RS06985,0.3111111111111111,0.40693429678019605,0.38271604938271603
Sgo_CH1,S. gordonii,SGO_RS06990,0.27918781725888325,0.3550605704776416,0.35194585448392557
Sgo_CH1,S. gordonii,SGO_RS06995,0.27586206896551724,0.8472585832944717,0.42298850574712643
Sgo_CH1,S. gordonii,SGO_RS07000,0.3466666666666667,0.43843798993194893,0.3888888888888889
Sgo_CH1,S. gordonii,SGO_RS07005,0.415929203539823,0.3820813552650164,0.3805309734513274
Sgo_CH1,S. gordonii,SGO_RS07010,0.3941018766756032,0.3530947684437758,0.4718498659517426
Sgo_CH1,S. gordonii,SGO_RS07015,0.4722222222222222,0.32723250770678386,0.4722222222222222
Sgo_CH1,S. gordonii,SGO_RS07020,0.2747826086956522,0.4771760216058653,0.35884057971014494
Sgo_CH1,S. gordonii,SGO_RS07025,0.32461538461538464,0.4756999083834009,0.4148717948717949
Sgo_CH1,S. gordonii,SGO_RS07030,0.3005181347150259,0.36967863495987524,0.37305699481865284
Sgo_CH1,S. gordonii,SGO_RS07035,0.3333333333333333,0.35356888599041636,0.43169398907103823
Sgo_CH1,S. gordonii,SGO_RS07040,0.36982968369829683,0.32580816819335046,0.38280616382806165
Sgo_CH1,S. gordonii,SGO_RS07045,0.3006134969325153,0.4012132640846351,0.38752556237218816
Sgo_CH1,S. gordonii,SGO_RS07050,0.32727272727272727,0.38272271638746147,0.3907070707070707
Sgo_CH1,S. gordonii,SGO_RS07055,0.2783018867924528,0.44190999453844393,0.3805031446540881
Sgo_CH1,S. gordonii,SGO_RS07060,0.35275080906148865,0.4034177771033362,0.37001078748651567
Sgo_CH1,S. gordonii,SGO_RS07065,0.3939393939393939,0.4008937552970584,0.43722943722943725
Sgo_CH1,S. gordonii,SGO_RS07070,0.3589041095890411,0.419215892426592,0.41735159817351597
Sgo_CH1,S. gordonii,SGO_RS07075,0.3819444444444444,0.3971303807734758,0.3993055555555556
Sgo_CH1,S. gordonii,SGO_RS07080,0.3146551724137931,0.399149117577991,0.35201149425287354
Sgo_CH1,S. gordonii,SGO_RS07085,0.3333333333333333,0.37884947196427293,0.37130801687763715
Sgo_CH1,S. gordonii,SGO_RS07095,0.5251641137855579,0.32148815909716716,0.48431801604668123
Sgo_CH1,S. gordonii,SGO_RS07100,0.38968481375358166,0.3983521176040937,0.43361986628462273
Sgo_CH1,S. gordonii,SGO_RS07105,0.36683417085427134,0.38538156176382654,0.4271356783919598
Sgo_CH1,S. gordonii,SGO_RS07110,0.3686502177068215,0.41399123727884163,0.40638606676342526
Sgo_CH1,S. gordonii,SGO_RS07115,0.4245614035087719,0.3665561307309991,0.4409356725146199
Sgo_CH1,S. gordonii,SGO_RS07120,0.2903225806451613,0.5464255830414191,0.4014336917562724
Sgo_CH1,S. gordonii,SGO_RS07125,0.34297520661157027,0.4766818328031961,0.43388429752066116
Sgo_CH1,S. gordonii,SGO_RS07130,0.36049382716049383,0.41244826357337805,0.37613168724279833
Sgo_CH1,S. gordonii,SGO_RS07135,0.4130879345603272,0.4095603067931453,0.4171779141104294
Sgo_CH1,S. gordonii,SGO_RS07140,0.2782608695652174,0.8029393077307386,0.42318840579710143
Sgo_CH1,S. gordonii,SGO_RS07145,0.2535211267605634,0.8124445580115642,0.41784037558685444
Sgo_CH1,S. gordonii,SGO_RS07150,0.3559322033898305,0.4109109538347183,0.3220338983050847
Sgo_CH1,S. gordonii,SGO_RS07155,0.3764404609475032,0.3359602406400532,0.41698676909944515
Sgo_CH1,S. gordonii,SGO_RS07160,0.49612403100775193,0.29164463896157733,0.4702842377260982
Sgo_CH1,S. gordonii,SGO_RS07165,0.4132985658409387,0.35719269414898835,0.44676227727075185
Sgo_CH1,S. gordonii,SGO_RS07175,0.37410071942446044,0.3290224121331778,0.3908872901678657
Sgo_CH1,S. gordonii,SGO_RS07180,0.35074626865671643,0.47448780663912543,0.3917910447761194
Sgo_CH1,S. gordonii,SGO_RS07190,0.5330739299610895,0.3155110030532035,0.48573281452658884
Sgo_CH1,S. gordonii,SGO_RS07195,0.4329004329004329,0.3849616309638152,0.4603174603174603
Sgo_CH1,S. gordonii,SGO_RS07200,0.32038834951456313,0.3710216250342177,0.3948220064724919
Sgo_CH1,S. gordonii,SGO_RS07205,0.375,0.38140192928127425,0.4311594202898551
Sgo_CH1,S. gordonii,SGO_RS07210,0.4282608695652174,0.3885369244066002,0.4514492753623188
Sgo_CH1,S. gordonii,SGO_RS07215,0.46,0.36206957178154164,0.4666666666666667
Sgo_CH1,S. gordonii,SGO_RS07220,0.35344827586206895,0.4089275214344514,0.3620689655172414
Sgo_CH1,S. gordonii,SGO_RS07225,0.46774193548387094,0.3471503803142901,0.45564516129032256
Sgo_CH1,S. gordonii,SGO_RS07230,0.5278969957081545,0.3268591803875585,0.4978540772532189
Sgo_CH1,S. gordonii,SGO_RS07240,0.2888198757763975,0.4178966470229446,0.3167701863354037
Sgo_CH1,S. gordonii,SGO_RS07245,0.33047210300429186,0.35889583031099387,0.36194563662374823
Sgo_CH1,S. gordonii,SGO_RS07250,0.29464285714285715,0.36515070603251887,0.31101190476190477
Sgo_CH1,S. gordonii,SGO_RS07255,0.31759656652360513,0.34761699407206514,0.3590844062947067
Sgo_CH1,S. gordonii,SGO_RS07260,0.31363636363636366,0.3739428067445279,0.35909090909090907
Sgo_CH1,S. gordonii,SGO_RS07265,0.49019607843137253,0.29352085635760267,0.45098039215686275
Sgo_CH1,S. gordonii,SGO_RS07270,0.43661971830985913,0.31201831520678425,0.4647887323943662
Sgo_CH1,S. gordonii,SGO_RS07275,0.41416309012875535,0.3515900085791762,0.4291845493562232
Sgo_CH1,S. gordonii,SGO_RS07280,0.4072398190045249,0.3624462000773537,0.3851181498240322
Sgo_CH1,S. gordonii,SGO_RS07285,0.48828125,0.31312720471128724,0.4557291666666667
Sgo_CH1,S. gordonii,SGO_RS07290,0.3122075712462782,0.45085778413628497,0.4236495108464483
Sgo_CH1,S. gordonii,SGO_RS07295,0.365330321852061,0.5132611122860185,0.42555994729907776
Sgo_CH1,S. gordonii,SGO_RS07300,0.4574898785425101,0.3738291624713858,0.41700404858299595
Sgo_CH1,S. gordonii,SGO_RS07310,0.42857142857142855,0.35906216039203387,0.43977591036414565
Sgo_CH1,S. gordonii,SGO_RS07315,0.4482758620689655,0.4126539536701738,0.43103448275862066
Sgo_CH1,S. gordonii,SGO_RS07320,0.44607843137254904,0.33239800846073825,0.4035947712418301
Sgo_CH1,S. gordonii,SGO_RS07325,0.3186119873817035,0.4215835465551629,0.3638275499474238
Sgo_CH1,S. gordonii,SGO_RS07330,0.43884892086330934,0.32312489458396193,0.37889688249400477
Sgo_CH1,S. gordonii,SGO_RS07335,0.5657894736842105,0.31404277812545467,0.45614035087719296
Sgo_CH1,S. gordonii,SGO_RS07340,0.4858156028368794,0.3256376025963955,0.4314420803782506
Sgo_CH1,S. gordonii,SGO_RS07345,0.43944636678200694,0.3211294405622096,0.4602076124567474
Sgo_CH1,S. gordonii,SGO_RS07355,0.47692307692307695,0.31158206019960744,0.45256410256410257
Sgo_CH1,S. gordonii,SGO_RS07360,0.4308300395256917,0.3891547515058647,0.4044795783926219
Sgo_CH1,S. gordonii,SGO_RS07365,0.33488372093023255,0.3497009704510932,0.37209302325581395
Sgo_CH1,S. gordonii,SGO_RS07370,0.3279569892473118,0.3652151611184119,0.3207885304659498
Sgo_CH1,S. gordonii,SGO_RS07375,0.40061162079510704,0.3726189174309647,0.37716615698267075
Sgo_CH1,S. gordonii,SGO_RS07380,0.44541484716157204,0.3578442723230426,0.40611353711790393
Sgo_CH1,S. gordonii,SGO_RS07385,0.4023809523809524,0.4856364966359072,0.4253968253968254
Sgo_CH1,S. gordonii,SGO_RS07390,0.38734177215189874,0.3865574491382339,0.39324894514767933
Sgo_CH1,S. gordonii,SGO_RS07395,0.5037593984962406,0.368959916996775,0.44110275689223055
Sgo_CH1,S. gordonii,SGO_RS07400,0.21262458471760798,0.4264805097170915,0.32004429678848284
Sgo_CH1,S. gordonii,SGO_RS07410,0.4115138592750533,0.4446607152019866,0.4292821606254442
Sgo_CH1,S. gordonii,SGO_RS07415,0.43233743409490333,0.45179289876394974,0.4510837727006444
Sgo_CH1,S. gordonii,SGO_RS07420,0.41509433962264153,0.4332394370891646,0.449685534591195
Sgo_CH1,S. gordonii,SGO_RS07425,0.4892086330935252,0.33661303408526905,0.4364508393285372
Sgo_CH1,S. gordonii,SGO_RS07430,0.37920489296636084,0.5452191383653489,0.43730886850152906
Sgo_CH1,S. gordonii,SGO_RS07435,0.3161290322580645,0.4234194440416207,0.4053763440860215
Sgo_CH1,S. gordonii,SGO_RS07440,0.29651162790697677,0.6584311361902556,0.39147286821705424
Sgo_CH1,S. gordonii,SGO_RS07445,0.4225352112676056,0.48170581338102997,0.45539906103286387
Sgo_CH1,S. gordonii,SGO_RS07450,0.34685598377281945,0.582962364337348,0.3962136578769439
Sgo_CH1,S. gordonii,SGO_RS07455,0.23529411764705882,0.5534349896370964,0.38562091503267976
Sgo_CH1,S. gordonii,SGO_RS07460,0.27044025157232704,0.4647366794104415,0.3312368972746331
Sgo_CH1,S. gordonii,SGO_RS07465,0.35185185185185186,0.6199003091531744,0.4403292181069959
Sgo_CH1,S. gordonii,SGO_RS07470,0.27741935483870966,0.5184874721425343,0.4043010752688172
Sgo_CH1,S. gordonii,SGO_RS07475,0.31976744186046513,0.6794107922772957,0.39728682170542634
Sgo_CH1,S. gordonii,SGO_RS07480,0.38028169014084506,0.5211285024364541,0.43427230046948356
Sgo_CH1,S. gordonii,SGO_RS07485,0.3611111111111111,0.3746508540382799,0.3994708994708995
Sgo_CH1,S. gordonii,SGO_RS07490,0.28321678321678323,0.39746335837276164,0.3787878787878788
Sgo_CH1,S. gordonii,SGO_RS07495,0.43928035982008995,0.46250153848352726,0.45027486256871563
Sgo_CH1,S. gordonii,SGO_RS07500,0.5,0.41554707136899804,0.4782608695652174
Sgo_CH1,S. gordonii,SGO_RS07505,0.4418604651162791,0.37991910461154266,0.4444444444444444
Sgo_CH1,S. gordonii,SGO_RS07510,0.45714285714285713,0.3680808815811782,0.48095238095238096
Sgo_CH1,S. gordonii,SGO_RS07515,0.4830508474576271,0.31858728950183746,0.4463276836158192
Sgo_CH1,S. gordonii,SGO_RS07520,0.3072289156626506,0.39121089831528816,0.42168674698795183
Sgo_CH1,S. gordonii,SGO_RS07525,0.3894736842105263,0.3468655850741609,0.4222222222222222
Sgo_CH1,S. gordonii,SGO_RS07530,0.28703703703703703,0.3511586021228726,0.3734567901234568
Sgo_CH1,S. gordonii,SGO_RS07535,0.3333333333333333,0.38839428424026956,0.38
Sgo_CH1,S. gordonii,SGO_RS07540,0.3051643192488263,0.37571622536313476,0.41471048513302033
Sgo_CH1,S. gordonii,SGO_RS07545,0.3819444444444444,0.4116505710064648,0.3993055555555556
Sgo_CH1,S. gordonii,SGO_RS07550,0.42857142857142855,0.39192949955586615,0.4642857142857143
Sgo_CH1,S. gordonii,SGO_RS07555,0.35607675906183367,0.5085881132487627,0.45557924662402277
Sgo_CH1,S. gordonii,SGO_RS07560,0.4013605442176871,0.39953527321049886,0.42517006802721086
Sgo_CH1,S. gordonii,SGO_RS07565,0.36852589641434264,0.4500930416946697,0.45617529880478086
Sgo_CH1,S. gordonii,SGO_RS07570,0.4022346368715084,0.36365932622276925,0.3761638733705773
Sgo_CH1,S. gordonii,SGO_RS07575,0.3090909090909091,0.46316526426407867,0.3878787878787879
Sgo_CH1,S. gordonii,SGO_RS07580,0.41596638655462187,0.4034917979359945,0.38795518207282914
Sgo_CH1,S. gordonii,SGO_RS07590,0.40119760479041916,0.315275277822326,0.4351297405189621
Sgo_CH1,S. gordonii,SGO_RS07595,0.44680851063829785,0.41298940233036613,0.4380475594493116
Sgo_CH1,S. gordonii,SGO_RS07600,0.3689727463312369,0.4423836341523861,0.4276729559748428
Sgo_CH1,S. gordonii,SGO_RS07605,0.34210526315789475,0.47090379355063916,0.39649122807017545
Sgo_CH1,S. gordonii,SGO_RS07610,0.3648293963254593,0.4510594506459334,0.41907261592300965
Sgo_CH1,S. gordonii,SGO_RS07615,0.42902208201892744,0.41895276851909974,0.42691903259726605
Sgo_CH1,S. gordonii,SGO_RS07620,0.3460207612456747,0.5762319851841553,0.43194925028835063
Sgo_CH1,S. gordonii,SGO_RS07635,0.4097222222222222,0.5159080525697174,0.42592592592592593
Sgo_CH1,S. gordonii,SGO_RS07640,0.484375,0.42351026519929325,0.4270833333333333
Sgo_CH1,S. gordonii,SGO_RS07645,0.31390134529147984,0.3660189807824406,0.3393124065769806
Sgo_CH1,S. gordonii,SGO_RS07650,0.4044943820224719,0.3803797483078575,0.37265917602996257
Sgo_CH1,S. gordonii,SGO_RS07655,0.29554655870445345,0.37960622400133737,0.3265856950067476
Sgo_CH1,S. gordonii,SGO_RS07670,0.46194225721784776,0.3393307376367083,0.47244094488188976
Sgo_CH1,S. gordonii,SGO_RS07675,0.4796747967479675,0.30338217222327235,0.46612466124661245
Sgo_CH1,S. gordonii,SGO_RS07680,0.49246231155778897,0.30847615601102096,0.47822445561139026
Sgo_CH1,S. gordonii,SGO_RS07685,0.41348973607038125,0.3205535978663315,0.4418377321603128
Sgo_CH1,S. gordonii,SGO_RS07690,0.3963344788087056,0.5684719830835222,0.4539900725467736
Sgo_CH1,S. gordonii,SGO_RS07695,0.43209876543209874,0.40064879437330786,0.39094650205761317
Sgo_CH1,S. gordonii,SGO_RS07700,0.25483870967741934,0.579190711118115,0.36451612903225805
Sgo_CH1,S. gordonii,SGO_RS07705,0.45414847161572053,0.31474030038320994,0.4657933042212518
Sgo_CH1,S. gordonii,SGO_RS07710,0.415973377703827,0.42711634069260784,0.415973377703827
Sgo_CH1,S. gordonii,SGO_RS07715,0.42138364779874216,0.3259176724563529,0.4140461215932914
Sgo_CH1,S. gordonii,SGO_RS07720,0.36283185840707965,0.4791323883670255,0.41519174041297935
Sgo_CH1,S. gordonii,SGO_RS07725,0.345679012345679,0.3555771568113363,0.3333333333333333
Sgo_CH1,S. gordonii,SGO_RS07730,0.330188679245283,0.3603451709681306,0.39937106918238996
Sgo_CH1,S. gordonii,SGO_RS07735,0.3117469879518072,0.38430215358850667,0.3509036144578313
Sgo_CH1,S. gordonii,SGO_RS07740,0.24761904761904763,0.5746597437812399,0.3682539682539683
Sgo_CH1,S. gordonii,SGO_RS07750,0.42887029288702927,0.4424376473071745,0.44142259414225943
Sgo_CH1,S. gordonii,SGO_RS07755,0.3360655737704918,0.3646061839729015,0.3633879781420765
Sgo_CH1,S. gordonii,SGO_RS07760,0.37595907928388744,0.37250536366461395,0.3793691389599318
Sgo_CH1,S. gordonii,SGO_RS07765,0.29067245119305857,0.4195332404928489,0.38611713665943603
Sgo_CH1,S. gordonii,SGO_RS07770,0.3008474576271186,0.42098848316934995,0.3997175141242938
Sgo_CH1,S. gordonii,SGO_RS07775,0.37026239067055394,0.41082247320063203,0.4489795918367347
Sgo_CH1,S. gordonii,SGO_RS07780,0.36942675159235666,0.33534892248381626,0.40552016985138006
Sgo_CH1,S. gordonii,SGO_RS07785,0.26292134831460673,0.4514042366014559,0.4157303370786517
Sgo_CH1,S. gordonii,SGO_RS07790,0.3564356435643564,0.5454567192656311,0.4099009900990099
Sgo_CH1,S. gordonii,SGO_RS07795,0.2911392405063291,0.581593334642246,0.41561181434599154
Sgo_CH1,S. gordonii,SGO_RS07800,0.3008849557522124,0.7109963976691563,0.4031465093411996
Sgo_CH1,S. gordonii,SGO_RS07805,0.3097560975609756,0.6782553117048239,0.3959349593495935
Sgo_CH1,S. gordonii,SGO_RS07810,0.3231441048034934,0.38894203992264315,0.3609898107714702
Sgo_CH1,S. gordonii,SGO_RS07815,0.3253012048192771,0.3547446986299067,0.3473895582329317
Sgo_CH1,S. gordonii,SGO_RS07825,0.33840304182509506,0.3988067682586243,0.38910012674271227
Sgo_CH1,S. gordonii,SGO_RS07830,0.3659217877094972,0.3820819256428528,0.40409683426443205
Sgo_CH1,S. gordonii,SGO_RS07835,0.28217821782178215,0.6808183710177659,0.3976897689768977
Sgo_CH1,S. gordonii,SGO_RS07840,0.35260115606936415,0.34815655085342223,0.36801541425818884
Sgo_CH1,S. gordonii,SGO_RS07845,0.3708165997322624,0.3494868865312125,0.4033913431503793
Sgo_CH1,S. gordonii,SGO_RS07850,0.2882882882882883,0.36034061934587197,0.3993993993993994
Sgo_CH1,S. gordonii,SGO_RS07855,0.3693181818181818,0.33660186483796023,0.3768939393939394
Sgo_CH1,S. gordonii,SGO_RS07860,0.3562753036437247,0.4462486687250783,0.40215924426450744
Sgo_CH1,S. gordonii,SGO_RS07865,0.3949367088607595,0.40236798511934196,0.42025316455696204
Sgo_CH1,S. gordonii,SGO_RS07870,0.42971887550200805,0.35548593934492534,0.43105756358768405
Sgo_CH1,S. gordonii,SGO_RS07880,0.27309236947791166,0.46939272302223933,0.3493975903614458
Sgo_CH1,S. gordonii,SGO_RS07885,0.4770992366412214,0.39181968967298014,0.4796437659033079
Sgo_CH1,S. gordonii,SGO_RS07890,0.5338345864661654,0.23305685570013812,0.46115288220551376
Sgo_CH1,S. gordonii,SGO_RS07895,0.4419753086419753,0.31629566235581275,0.4683127572016461
Sgo_CH1,S. gordonii,SGO_RS07900,0.48257372654155495,0.2931997622985829,0.46559428060768543
Sgo_CH1,S. gordonii,SGO_RS07905,0.42454954954954954,0.3229452931895053,0.4527027027027027
Sgo_CH1,S. gordonii,SGO_RS07910,0.44554455445544555,0.37019378782087314,0.40374037403740376
Sgo_CH1,S. gordonii,SGO_RS07915,0.28112449799196787,0.3697646114352264,0.3253012048192771
Sgo_CH1,S. gordonii,SGO_RS07925,0.487378640776699,0.401952850266878,0.4614886731391586
Sgo_CH1,S. gordonii,SGO_RS07930,0.3470522803114572,0.5009243105256661,0.42862439747868003
Sgo_CH1,S. gordonii,SGO_RS07935,0.3875968992248062,0.3430956080827859,0.37209302325581395
Sgo_CH1,S. gordonii,SGO_RS07940,0.3870967741935484,0.4005372161881877,0.40860215053763443
Sgo_CH1,S. gordonii,SGO_RS07945,0.45185185185185184,0.38085059411034733,0.4419753086419753
Sgo_CH1,S. gordonii,SGO_RS07950,0.528395061728395,0.3613228872492546,0.4641975308641975
Sgo_CH1,S. gordonii,SGO_RS07955,0.5218446601941747,0.3533617630199282,0.4506472491909385
Sgo_CH1,S. gordonii,SGO_RS07960,0.3470319634703196,0.3976537907621662,0.3866057838660578
Sgo_CH1,S. gordonii,SGO_RS07965,0.350210970464135,0.43618073388862993,0.43037974683544306
Sgo_CH1,S. gordonii,SGO_RS07970,0.32941176470588235,0.48856251551994734,0.39738562091503266
Sgo_CH1,S. gordonii,SGO_RS07975,0.33647798742138363,0.430706236013437,0.4109014675052411
Sgo_CH1,S. gordonii,SGO_RS07980,0.3689655172413793,0.37615291751360946,0.4
Sgo_CH1,S. gordonii,SGO_RS07985,0.2982005141388175,0.6230409581629182,0.3976006855184233
Sgo_CH1,S. gordonii,SGO_RS07995,0.32038834951456313,0.5471064120876885,0.4045307443365696
Sgo_CH1,S. gordonii,SGO_RS08000,0.34285714285714286,0.48762411822789603,0.43333333333333335
Sgo_CH1,S. gordonii,SGO_RS08005,0.4464487034949267,0.3703810182552561,0.43855693348365277
Sgo_CH1,S. gordonii,SGO_RS08010,0.39845758354755784,0.3587437620786775,0.4301628106255356
Sgo_CH1,S. gordonii,SGO_RS08015,0.38082191780821917,0.36437805035032333,0.4484018264840183
Sgo_CH1,S. gordonii,SGO_RS08020,0.4025735294117647,0.38236190366724454,0.4117647058823529
Sgo_CH1,S. gordonii,SGO_RS08025,0.3630705394190871,0.3952470462269396,0.40594744121715076
Sgo_CH1,S. gordonii,SGO_RS08030,0.518348623853211,0.2939772292616228,0.43119266055045874
Sgo_CH1,S. gordonii,SGO_RS08035,0.3742690058479532,0.36274008895810855,0.391812865497076
Sgo_CH1,S. gordonii,SGO_RS08040,0.32142857142857145,0.4560994927254191,0.39377289377289376
Sgo_CH1,S. gordonii,SGO_RS08045,0.3103448275862069,0.5102527743185133,0.4042145593869732
Sgo_CH1,S. gordonii,SGO_RS08050,0.30701754385964913,0.5261120582905581,0.3896198830409357
Sgo_CH1,S. gordonii,SGO_RS08055,0.2616822429906542,0.4670175961351576,0.34890965732087226
Sgo_CH1,S. gordonii,SGO_RS08060,0.24074074074074073,0.5206720598403145,0.3333333333333333
Sgo_CH1,S. gordonii,SGO_RS08065,0.2931937172774869,0.32646435242974164,0.3612565445026178
Sgo_CH1,S. gordonii,SGO_RS08070,0.2984126984126984,0.40608227125767077,0.335978835978836
Sgo_CH1,S. gordonii,SGO_RS08075,0.40705128205128205,0.552329317056771,0.4444444444444444
Sgo_CH1,S. gordonii,SGO_RS08080,0.4888888888888889,0.36230945984676266,0.445679012345679
Sgo_CH1,S. gordonii,SGO_RS08085,0.2733812949640288,0.4938810582711101,0.3726618705035971
Sgo_CH1,S. gordonii,SGO_RS08090,0.32564102564102565,0.42334502334878843,0.41581196581196583
Sgo_CH1,S. gordonii,SGO_RS08095,0.4944649446494465,0.3775730246527757,0.45510455104551045
Sgo_CH1,S. gordonii,SGO_RS08100,0.32686567164179103,0.4575421849378022,0.427363184079602
Sgo_CH1,S. gordonii,SGO_RS08105,0.38396624472573837,0.37653681640352565,0.38255977496483823
Sgo_CH1,S. gordonii,SGO_RS08110,0.43847874720357943,0.33645747495315625,0.4220730797912006
Sgo_CH1,S. gordonii,SGO_RS08115,0.33697632058287796,0.3788035473597854,0.3958712811171828
Sgo_CH1,S. gordonii,SGO_RS08120,0.4,0.3537605384729834,0.36177777777777775
Sgo_CH1,S. gordonii,SGO_RS08125,0.47547169811320755,0.3036382145485739,0.46540880503144655
Sgo_CH1,S. gordonii,SGO_RS08130,0.54510556621881,0.2968460001150121,0.44145873320537427
Sgo_CH1,S. gordonii,SGO_RS08135,0.344,0.417481247497152,0.344
Sgo_CH1,S. gordonii,SGO_RS08140,0.5459459459459459,0.30392736552015165,0.4882882882882883
Sgo_CH1,S. gordonii,SGO_RS08145,0.5632911392405063,0.29814517479676433,0.4978902953586498
Sgo_CH1,S. gordonii,SGO_RS08150,0.4854368932038835,0.2654263361267581,0.517799352750809
Sgo_CH1,S. gordonii,SGO_RS08155,0.4147465437788018,0.34041439515425703,0.3978494623655914
Sgo_CH1,S. gordonii,SGO_RS08160,0.3924731182795699,0.3230789796381361,0.3781362007168459
Sgo_CH1,S. gordonii,SGO_RS08165,0.39644970414201186,0.39396178961405004,0.40828402366863903
Sgo_CH1,S. gordonii,SGO_RS08170,0.3511111111111111,0.4783113104640905,0.3888888888888889
Sgo_CH1,S. gordonii,SGO_RS08175,0.4282744282744283,0.38498199805964906,0.40540540540540543
Sgo_CH1,S. gordonii,SGO_RS08185,0.3786008230452675,0.37688377868264,0.42935528120713307
Sgo_CH1,S. gordonii,SGO_RS08190,0.30158730158730157,0.4070962898644224,0.4021164021164021
Sgo_CH1,S. gordonii,SGO_RS08195,0.41025641025641024,0.36883173818740944,0.38461538461538464
Sgo_CH1,S. gordonii,SGO_RS08200,0.32098765432098764,0.31948752280563003,0.3607681755829904
Sgo_CH1,S. gordonii,SGO_RS08205,0.38961038961038963,0.38168493465101805,0.3961038961038961
Sgo_CH1,S. gordonii,SGO_RS08210,0.3735632183908046,0.424235127353826,0.4157088122605364
Sgo_CH1,S. gordonii,SGO_RS08215,0.3619631901840491,0.41228502079972856,0.4161554192229039
Sgo_CH1,S. gordonii,SGO_RS08220,0.32075471698113206,0.36546973738685495,0.41635220125786165
Sgo_CH1,S. gordonii,SGO_RS08230,0.41247002398081534,0.35762681678581726,0.4524380495603517
Sgo_CH1,S. gordonii,SGO_RS08235,0.2909090909090909,0.6104136995572806,0.41919191919191917
Sgo_CH1,S. gordonii,SGO_RS08240,0.3208955223880597,0.6646226771068503,0.45149253731343286
Sgo_CH1,S. gordonii,SGO_RS08245,0.34539473684210525,0.6251633277199065,0.4133771929824561
Sgo_CH1,S. gordonii,SGO_RS08250,0.336,0.4427198527310767,0.39466666666666667
Sgo_CH1,S. gordonii,SGO_RS08255,0.44835680751173707,0.4405789070981898,0.46870109546165883
Sgo_CH1,S. gordonii,SGO_RS08260,0.4591549295774648,0.31516969448920207,0.48450704225352115
Sgo_CH1,S. gordonii,SGO_RS08265,0.3551912568306011,0.40924186851552025,0.4426229508196721
Sgo_CH1,S. gordonii,SGO_RS08270,0.2420091324200913,0.4670053883103985,0.3926940639269406
Sgo_CH1,S. gordonii,SGO_RS08275,0.2840466926070039,0.4180841916128245,0.4098573281452659
Sgo_CH1,S. gordonii,SGO_RS08280,0.2708333333333333,0.45284942241444814,0.3923611111111111
Sgo_CH1,S. gordonii,SGO_RS08285,0.33043478260869563,0.4693795202475829,0.4282608695652174
Sgo_CH1,S. gordonii,SGO_RS08290,0.3191489361702128,0.5499216235250084,0.3971631205673759
Sgo_CH1,S. gordonii,SGO_RS08295,0.2883435582822086,0.5232653737749878,0.4212678936605317
Sgo_CH1,S. gordonii,SGO_RS08300,0.22627737226277372,0.5594983181596895,0.4047039740470397
Sgo_CH1,S. gordonii,SGO_RS08305,0.2938775510204082,0.5213885152491775,0.4013605442176871
Sgo_CH1,S. gordonii,SGO_RS08310,0.2931596091205212,0.44253764387572325,0.4147665580890337
Sgo_CH1,S. gordonii,SGO_RS08315,0.23692307692307693,0.5159277471854957,0.40717948717948715
Sgo_CH1,S. gordonii,SGO_RS08325,0.2676923076923077,0.42648856637610477,0.3958974358974359
Sgo_CH1,S. gordonii,SGO_RS08330,0.3448275862068966,0.3199427053453121,0.3793103448275862
Sgo_CH1,S. gordonii,SGO_RS08335,0.26136363636363635,0.49544659863352325,0.380050505050505
Sgo_CH1,S. gordonii,SGO_RS08340,0.26695842450765866,0.45104767802097384,0.3690736688548505
Sgo_CH1,S. gordonii,SGO_RS08370,0.42857142857142855,0.27123111448766823,0.4140786749482402
Sgo_CH1,S. gordonii,SGO_RS08375,0.30194805194805197,0.47657369162743785,0.37012987012987014
Sgo_CH1,S. gordonii,SGO_RS08380,0.2893258426966292,0.5595965719001214,0.3913857677902622
Sgo_CH1,S. gordonii,SGO_RS08385,0.36893203883495146,0.48486458692170764,0.3786407766990291
Sgo_CH1,S. gordonii,SGO_RS08390,0.312625250501002,0.5036956101849425,0.37742150968603877
Sgo_CH1,S. gordonii,SGO_RS08395,0.28463855421686746,0.5797122792601658,0.3895582329317269
Sgo_CH1,S. gordonii,SGO_RS08400,0.3146747352496218,0.5330890964773454,0.38729198184568836
Sgo_CH1,S. gordonii,SGO_RS08405,0.28483920367534454,0.4633107404050569,0.3782542113323124
Sgo_CH1,S. gordonii,SGO_RS08410,0.3073394495412844,0.5504812100168043,0.38328236493374107
Sgo_CH1,S. gordonii,SGO_RS08415,0.3583535108958838,0.40956689573099075,0.37691686844229216
Sgo_CH1,S. gordonii,SGO_RS08420,0.4416135881104034,0.3803749694543638,0.4472753007784855
Sgo_CH1,S. gordonii,SGO_RS08425,0.4589041095890411,0.3563503582047803,0.4611872146118721
Sgo_CH1,S. gordonii,SGO_RS08430,0.5012165450121655,0.2995435253946,0.49148418491484186
Sgo_CH1,S. gordonii,SGO_RS08435,0.47030878859857483,0.42449213476394115,0.46318289786223277
Sgo_CH1,S. gordonii,SGO_RS08440,0.35797665369649806,0.5313832412424203,0.41374837872892345
Sgo_CH1,S. gordonii,SGO_RS08445,0.33676092544987146,0.39176163971669703,0.389031705227078
Sgo_CH1,S. gordonii,SGO_RS08450,0.3497942386831276,0.48240698376818786,0.3868312757201646
Sgo_CH1,S. gordonii,SGO_RS08455,0.36042402826855124,0.37826503096721953,0.38162544169611307
Sgo_CH1,S. gordonii,SGO_RS08460,0.34789156626506024,0.35140369818475004,0.3950803212851406
Sgo_CH1,S. gordonii,SGO_RS08465,0.39272030651340994,0.417613589488326,0.4106002554278416
Sgo_CH1,S. gordonii,SGO_RS08470,0.3603238866396761,0.41859249111930136,0.4048582995951417
Sgo_CH1,S. gordonii,SGO_RS08480,0.30743243243243246,0.4581507651796132,0.37725225225225223
Sgo_CH1,S. gordonii,SGO_RS08485,0.475,0.28377959406389563,0.4583333333333333
Sgo_CH1,S. gordonii,SGO_RS08490,0.4087193460490463,0.2970546900636774,0.4032697547683924
Sgo_CH1,S. gordonii,SGO_RS08495,0.4326530612244898,0.3841975181732131,0.40816326530612246
Sgo_CH1,S. gordonii,SGO_RS08500,0.4623287671232877,0.35967878017442273,0.432648401826484
Sgo_CH1,S. gordonii,SGO_RS08505,0.3153153153153153,0.5195705414326491,0.4096096096096096
Sgo_CH1,S. gordonii,SGO_RS08510,0.2786885245901639,0.510515956354221,0.37158469945355194
Sgo_CH1,S. gordonii,SGO_RS08520,0.30493273542600896,0.42035047631903233,0.36472346786248133
Sgo_CH1,S. gordonii,SGO_RS08525,0.3288590604026846,0.35520383667622396,0.36465324384787473
Sgo_CH1,S. gordonii,SGO_RS08540,0.46564885496183206,0.3754306985832087,0.4071246819338422
Sgo_CH1,S. gordonii,SGO_RS08545,0.5054945054945055,0.29667997219227515,0.409035409035409
Sgo_CH1,S. gordonii,SGO_RS08550,0.5075528700906344,0.3194625749529066,0.4471299093655589
Sgo_CH1,S. gordonii,SGO_RS08555,0.2925170068027211,0.8182060413134237,0.42290249433106575
Sgo_CH1,S. gordonii,SGO_RS08565,0.38686131386861317,0.3700312906234429,0.43552311435523117
Sgo_CH1,S. gordonii,SGO_RS08570,0.47026022304832715,0.3545200967128087,0.4745972738537794
Sgo_CH1,S. gordonii,SGO_RS08575,0.38412698412698415,0.4296256285850458,0.42857142857142855
Sgo_CH1,S. gordonii,SGO_RS08580,0.378839590443686,0.404467537951157,0.4050056882821388
Sgo_CH1,S. gordonii,SGO_RS08585,0.34295415959252973,0.4074584315744901,0.40350877192982454
Sgo_CH1,S. gordonii,SGO_RS08590,0.38562091503267976,0.3214978892638908,0.39433551198257083
Sgo_CH1,S. gordonii,SGO_RS08595,0.35789473684210527,0.3397664521921243,0.3684210526315789
Sgo_CH1,S. gordonii,SGO_RS08600,0.3795620437956204,0.40073655642676465,0.40632603406326034
Sgo_CH1,S. gordonii,SGO_RS08605,0.2866666666666667,0.5572963360680543,0.4211111111111111
Sgo_CH1,S. gordonii,SGO_RS08610,0.34285714285714286,0.3684192212977317,0.38857142857142857
Sgo_CH1,S. gordonii,SGO_RS08615,0.3576158940397351,0.45900373523595117,0.43653421633554085
Sgo_CH1,S. gordonii,SGO_RS08620,0.2987012987012987,0.39723796743102613,0.3538961038961039
Sgo_CH1,S. gordonii,SGO_RS08625,0.4393939393939394,0.41923407749092345,0.45454545454545453
Sgo_CH1,S. gordonii,SGO_RS08630,0.4322429906542056,0.3448212744745616,0.40186915887850466
Sgo_CH1,S. gordonii,SGO_RS08635,0.4036697247706422,0.36100196690408426,0.39694189602446484
Sgo_CH1,S. gordonii,SGO_RS08640,0.36097560975609755,0.4040457943459028,0.3642276422764228
Sgo_CH1,S. gordonii,SGO_RS08645,0.3162217659137577,0.7180002185967872,0.3723477070499658
Sgo_CH1,S. gordonii,SGO_RS08650,0.38461538461538464,0.4604831554372587,0.38247863247863245
Sgo_CH1,S. gordonii,SGO_RS08655,0.4358974358974359,0.4155687485796238,0.4027777777777778
Sgo_CH1,S. gordonii,SGO_RS08660,0.42356687898089174,0.37805466601182186,0.4272823779193206
Sgo_CH1,S. gordonii,SGO_RS08665,0.3720136518771331,0.39814012791302295,0.46075085324232085
Sgo_CH1,S. gordonii,SGO_RS08670,0.4293849658314351,0.41791266511038355,0.44760820045558086
Sgo_CH1,S. gordonii,SGO_RS08675,0.3930232558139535,0.3855982965145534,0.4356589147286822
Sgo_CH1,S. gordonii,SGO_RS08680,0.4183381088825215,0.35596611643925985,0.44508118433619864
Sgo_CH1,S. gordonii,SGO_RS08685,0.3968253968253968,0.3272248027616247,0.44914756025867136
Sgo_CH1,S. gordonii,SGO_RS08690,0.44782608695652176,0.3290799298622161,0.46956521739130436
Sgo_CH1,S. gordonii,SGO_RS08700,0.37572254335260113,0.44507850574852953,0.4797687861271676
Sgo_CH1,S. gordonii,SGO_RS08705,0.35071090047393366,0.41765855864361145,0.38704581358609796
Sgo_CH1,S. gordonii,SGO_RS08710,0.34146341463414637,0.4314329641934175,0.375609756097561
Sgo_CH1,S. gordonii,SGO_RS08715,0.3127962085308057,0.4371848754351728,0.36808846761453395
Sgo_CH1,S. gordonii,SGO_RS08720,0.3033175355450237,0.4091464174305774,0.3665086887835703
Sgo_CH1,S. gordonii,SGO_RS08725,0.2561576354679803,0.36497539210235114,0.35960591133004927
Sgo_CH1,S. gordonii,SGO_RS08730,0.37254901960784315,0.4106248363634233,0.38235294117647056
Sgo_CH1,S. gordonii,SGO_RS08740,0.3,0.369675939412646,0.37222222222222223
Sgo_CH1,S. gordonii,SGO_RS08750,0.4904076738609113,0.4102977004898163,0.486810551558753
Sgo_CH1,S. gordonii,SGO_RS08755,0.28191489361702127,0.43421044761477856,0.3421985815602837
Sgo_CH1,S. gordonii,SGO_RS08760,0.32602739726027397,0.39059186805361484,0.4200913242009132
Sgo_CH1,S. gordonii,SGO_RS08765,0.3811659192825112,0.3474539704973017,0.43946188340807174
Sgo_CH1,S. gordonii,SGO_RS08770,0.4004914004914005,0.43345411427612207,0.4381654381654382
Sgo_CH1,S. gordonii,SGO_RS08775,0.33640552995391704,0.41629624260925885,0.4032258064516129
Sgo_CH1,S. gordonii,SGO_RS08780,0.3302752293577982,0.42215743586904236,0.40061162079510704
Sgo_CH1,S. gordonii,SGO_RS08785,0.28703703703703703,0.4315390233246209,0.36419753086419754
Sgo_CH1,S. gordonii,SGO_RS08790,0.2608695652173913,0.3634595028750381,0.36231884057971014
Sgo_CH1,S. gordonii,SGO_RS08795,0.27419354838709675,0.4351210833937327,0.3521505376344086
Sgo_CH1,S. gordonii,SGO_RS08800,0.3088803088803089,0.42224234442926734,0.36936936936936937
Sgo_CH1,S. gordonii,SGO_RS08805,0.39914163090128757,0.3714460327452233,0.36909871244635195
Sgo_CH1,S. gordonii,SGO_RS08810,0.3447098976109215,0.3742571087673178,0.36177474402730375
Sgo_CH1,S. gordonii,SGO_RS08815,0.3,0.42036604092928664,0.35268817204301073
Sgo_CH1,S. gordonii,SGO_RS08820,0.42483660130718953,0.29941793476785705,0.4128540305010893
Sgo_CH1,S. gordonii,SGO_RS08825,0.4659270998415214,0.3892602600455413,0.46909667194928684
Sgo_CH1,S. gordonii,SGO_RS08830,0.44166666666666665,0.3405734711681686,0.4222222222222222
Sgo_CH1,S. gordonii,SGO_RS08835,0.4946236559139785,0.3405022704248897,0.43130227001194743
Sgo_CH1,S. gordonii,SGO_RS08840,0.4340836012861736,0.47928810304925984,0.40192926045016075
Sgo_CH1,S. gordonii,SGO_RS08845,0.42073170731707316,0.49214045300008114,0.44308943089430897
Sgo_CH1,S. gordonii,SGO_RS08850,0.4431279620853081,0.37805239028248144,0.466824644549763
Sgo_CH1,S. gordonii,SGO_RS08855,0.4327917282127031,0.4991548685317362,0.45741014278680453
Sgo_CH1,S. gordonii,SGO_RS08860,0.48,0.48810525564868573,0.4711111111111111
Sgo_CH1,S. gordonii,SGO_RS08865,0.45454545454545453,0.35435464440788333,0.48963317384370014
Sgo_CH1,S. gordonii,SGO_RS08870,0.44802867383512546,0.4568505735174869,0.478494623655914
Sgo_CH1,S. gordonii,SGO_RS08875,0.46,0.31781254851326857,0.445
Sgo_CH1,S. gordonii,SGO_RS08880,0.3752808988764045,0.44263407299557467,0.4209737827715356
Sgo_CH1,S. gordonii,SGO_RS08885,0.40077821011673154,0.4388286378079912,0.46303501945525294
Sgo_CH1,S. gordonii,SGO_RS08890,0.3630952380952381,0.35869883201461483,0.375
Sgo_CH1,S. gordonii,SGO_RS08895,0.41818181818181815,0.36751615024317325,0.44545454545454544
Sgo_CH1,S. gordonii,SGO_RS08900,0.4260355029585799,0.32958489286579234,0.41452991452991456
Sgo_CH1,S. gordonii,SGO_RS08905,0.38309859154929576,0.3471183048658741,0.4413145539906103
Sgo_CH1,S. gordonii,SGO_RS08910,0.375,0.34667552006828906,0.41203703703703703
Sgo_CH1,S. gordonii,SGO_RS08915,0.45454545454545453,0.3394744002849032,0.4264069264069264
Sgo_CH1,S. gordonii,SGO_RS08920,0.4225352112676056,0.3826308130214,0.42488262910798125
Sgo_CH1,S. gordonii,SGO_RS08925,0.33658536585365856,0.37378821296157355,0.3804878048780488
Sgo_CH1,S. gordonii,SGO_RS08930,0.45864661654135336,0.36153105807366426,0.4197994987468672
Sgo_CH1,S. gordonii,SGO_RS08935,0.4342105263157895,0.3534842353779948,0.44298245614035087
Sgo_CH1,S. gordonii,SGO_RS08940,0.48308525033829497,0.3381058707872676,0.456021650879567
Sgo_CH1,S. gordonii,SGO_RS08945,0.4717741935483871,0.3039352104243842,0.4986559139784946
Sgo_CH1,S. gordonii,SGO_RS08950,0.5314465408805031,0.30271118276873826,0.5073375262054507
Sgo_CH1,S. gordonii,SGO_RS08955,0.49044585987261147,0.29182018094316886,0.43312101910828027
Sgo_CH1,S. gordonii,SGO_RS08960,0.46710526315789475,0.3349181156775353,0.45614035087719296
Sgo_CH1,S. gordonii,SGO_RS08965,0.5031847133757962,0.30832516120354686,0.46709129511677283
Sgo_CH1,S. gordonii,SGO_RS08970,0.5271867612293144,0.30176362280113905,0.4996059889676911
Sgo_CH1,S. gordonii,SGO_RS08980,0.29959514170040485,0.425215974084622,0.31781376518218624
Sgo_CH1,S. gordonii,SGO_RS08990,0.33505154639175255,0.38884897819803754,0.36082474226804123
Sgo_CH1,S. gordonii,SGO_RS09000,0.20812182741116753,0.6439506019777028,0.3570219966159052
Sgo_CH1,S. gordonii,SGO_RS09015,0.2383612662942272,0.4010191779670562,0.30043451272501553
Sgo_CH1,S. gordonii,SGO_RS09020,0.19078947368421054,0.4358228724528573,0.2982456140350877
Sgo_CH1,S. gordonii,SGO_RS09035,0.4830917874396135,0.3939663762502939,0.47987117552334946
Sgo_CH1,S. gordonii,SGO_RS09040,0.40063091482649843,0.39548624130206245,0.4262180161233789
Sgo_CH1,S. gordonii,SGO_RS09045,0.5666438824333562,0.30100863661266847,0.4939621781727045
Sgo_CH1,S. gordonii,SGO_RS09050,0.30939226519337015,0.40655348286022613,0.3388581952117864
Sgo_CH1,S. gordonii,SGO_RS09055,0.2948717948717949,0.4750775199677581,0.3547008547008547
Sgo_CH1,S. gordonii,SGO_RS09060,0.3543307086614173,0.36497126007133585,0.4041994750656168
Sgo_CH1,S. gordonii,SGO_RS09065,0.3646677471636953,0.4869820914949292,0.43111831442463533
Sgo_CH1,S. gordonii,SGO_RS09070,0.36992840095465396,0.40715788798958036,0.4200477326968974
Sgo_CH1,S. gordonii,SGO_RS09075,0.3694029850746269,0.36136905480363757,0.4291044776119403
Sgo_CH1,S. gordonii,SGO_RS09080,0.396,0.37204024735823893,0.4106666666666667
Sgo_CH1,S. gordonii,SGO_RS09085,0.3783783783783784,0.5496707475085254,0.4084084084084084
Sgo_CH1,S. gordonii,SGO_RS09090,0.37446808510638296,0.46390797438954934,0.44397163120567373
Sgo_CH1,S. gordonii,SGO_RS09095,0.27001569858712715,0.5577683027128312,0.4118262689691261
Sgo_CH1,S. gordonii,SGO_RS09100,0.47216494845360824,0.38228952611602285,0.4542955326460481
Sgo_CH1,S. gordonii,SGO_RS09105,0.4751552795031056,0.34944003513563715,0.4492753623188406
Sgo_CH1,S. gordonii,SGO_RS09110,0.34615384615384615,0.4516779531676067,0.3939393939393939
Sgo_CH1,S. gordonii,SGO_RS09115,0.36619718309859156,0.3937495790523314,0.392018779342723
Sgo_CH1,S. gordonii,SGO_RS09120,0.2846153846153846,0.5326676004997942,0.40512820512820513
Sgo_CH1,S. gordonii,SGO_RS09125,0.29411764705882354,0.719434059755955,0.39037433155080214
Sgo_CH1,S. gordonii,SGO_RS09130,0.4406779661016949,0.3736521124663216,0.4529190207156309
Sgo_CH1,S. gordonii,SGO_RS09135,0.4311440677966102,0.35417225434918376,0.4583333333333333
Sgo_CH1,S. gordonii,SGO_RS09140,0.5555555555555556,0.3306268199609316,0.43386243386243384
Sgo_CH1,S. gordonii,SGO_RS09145,0.40444444444444444,0.43588161343772736,0.4266666666666667
Sgo_CH1,S. gordonii,SGO_RS09150,0.29411764705882354,0.36624452815080727,0.40588235294117647
Sgo_CH1,S. gordonii,SGO_RS09155,0.3352941176470588,0.39846979272987965,0.3558823529411765
Sgo_CH1,S. gordonii,SGO_RS09160,0.3274956217162872,0.3699398904268278,0.37711617046117923
Sgo_CH1,S. gordonii,SGO_RS09165,0.3003003003003003,0.4115772262918632,0.35135135135135137
Sgo_CH1,S. gordonii,SGO_RS09170,0.3382352941176471,0.351042764363396,0.36151960784313725
Sgo_CH1,S. gordonii,SGO_RS09175,0.2564102564102564,0.39543708635004976,0.297008547008547
Sgo_CH1,S. gordonii,SGO_RS09185,0.4450651769087523,0.29238921378228105,0.4127870887647424
Sgo_CH1,S. gordonii,SGO_RS09190,0.42016806722689076,0.30815015755625663,0.41316526610644255
Sgo_CH1,S. gordonii,SGO_RS09195,0.4155251141552511,0.3274414457163409,0.3911719939117199
Sgo_CH1,S. gordonii,SGO_RS09205,0.3048780487804878,0.49824949850459654,0.42886178861788615
Sgo_CH1,S. gordonii,SGO_RS09215,0.3191489361702128,0.4295010051104473,0.42021276595744683
Sgo_CH1,S. gordonii,SGO_RS09220,0.4051094890510949,0.41409910017619495,0.41605839416058393
Sgo_CH1,S. gordonii,SGO_RS09225,0.383399209486166,0.3944920701278187,0.39920948616600793
Sgo_CH1,S. gordonii,SGO_RS09230,0.34935304990757854,0.5124802782324017,0.4460874922982132
Sgo_CH1,S. gordonii,SGO_RS09240,0.39552238805970147,0.3041658551680158,0.4228855721393035
Sgo_CH1,S. gordonii,SGO_RS09245,0.378419452887538,0.3660265618922406,0.42857142857142855
Sgo_CH1,S. gordonii,SGO_RS09255,0.33574007220216606,0.5082130142455384,0.4127557160048135
Sgo_CH1,S. gordonii,SGO_RS09260,0.3345070422535211,0.4608672623855629,0.4284037558685446
Sgo_CH1,S. gordonii,SGO_RS09265,0.32727272727272727,0.5164636265494008,0.3898989898989899
Sgo_CH1,S. gordonii,SGO_RS09270,0.3698630136986301,0.430463793609432,0.45662100456621
Sgo_CH1,S. gordonii,SGO_RS09275,0.48598130841121495,0.31801260821295174,0.44937694704049846
Sgo_CH1,S. gordonii,SGO_RS09280,0.5219298245614035,0.31211960404152905,0.4649122807017544
Sgo_CH1,S. gordonii,SGO_RS09285,0.5388127853881278,0.3040766468736894,0.4429223744292237
Sgo_CH1,S. gordonii,SGO_RS09290,0.42452830188679247,0.3417848445825647,0.4161425576519916
Sgo_CH1,S. gordonii,SGO_RS09295,0.3342696629213483,0.4813625921343621,0.44569288389513106
Sgo_CH1,S. gordonii,SGO_RS09305,0.4339622641509434,0.33218260884120765,0.4276729559748428
Sgo_CH1,S. gordonii,SGO_RS09310,0.37320574162679426,0.4865057009866137,0.44178628389154706
Sgo_CH1,S. gordonii,SGO_RS09315,0.3712121212121212,0.4479842389146817,0.4444444444444444
Sgo_CH1,S. gordonii,SGO_RS09320,0.5111111111111111,0.3747380109538952,0.4666666666666667
Sgo_CH1,S. gordonii,SGO_RS09325,0.5103448275862069,0.3051696153203978,0.42298850574712643
Sgo_CH1,S. gordonii,SGO_RS09335,0.4682080924855491,0.32878841434808515,0.42678227360308285
Sgo_CH1,S. gordonii,SGO_RS09340,0.4291845493562232,0.33465330399290155,0.43776824034334766
Sgo_CH1,S. gordonii,SGO_RS09345,0.42738589211618255,0.3179594754001978,0.4218533886583679
Sgo_CH1,S. gordonii,SGO_RS09350,0.46387832699619774,0.2948684235673061,0.44740177439797213
Sgo_CH1,S. gordonii,SGO_RS09355,0.3432203389830508,0.3292511087331396,0.4124293785310734
Sgo_CH1,S. gordonii,SGO_RS09360,0.4575645756457565,0.33356894837076867,0.4575645756457565
Sgo_CH1,S. gordonii,SGO_RS09365,0.34684684684684686,0.3431088587842148,0.41291291291291293
Sgo_CH1,S. gordonii,SGO_RS09370,0.38819875776397517,0.3294492419603157,0.4492753623188406
Sgo_CH1,S. gordonii,SGO_RS09375,0.38288288288288286,0.3022736549803791,0.39039039039039036
Sgo_CH1,S. gordonii,SGO_RS09380,0.30730478589420657,0.46277344798029935,0.40470193115029385
Sgo_CH1,S. gordonii,SGO_RS09385,0.41509433962264153,0.3715701577935779,0.4119496855345912
Sgo_CH1,S. gordonii,SGO_RS09390,0.4305555555555556,0.35335247579726714,0.41435185185185186
Sgo_CH1,S. gordonii,SGO_RS09395,0.4178082191780822,0.32146938503239997,0.4246575342465753
Sgo_CH1,S. gordonii,SGO_RS09405,0.36363636363636365,0.33899828754211614,0.3776223776223776
Sgo_CH1,S. gordonii,SGO_RS09410,0.3867924528301887,0.3633946165410787,0.39622641509433965
Sgo_CH1,S. gordonii,SGO_RS09415,0.4144927536231884,0.30465735757117335,0.39710144927536234
Sgo_CH1,S. gordonii,SGO_RS09420,0.36875,0.3557667322797637,0.428125
Sgo_CH1,S. gordonii,SGO_RS09425,0.34959349593495936,0.4042761902078796,0.35501355013550134
Sgo_CH1,S. gordonii,SGO_RS09430,0.38980263157894735,0.5438911542324905,0.45860745614035087
Sgo_CH1,S. gordonii,SGO_RS09435,0.35912531539108494,0.5500599573757833,0.4443509952340903
Sgo_CH1,S. gordonii,SGO_RS09440,0.34352941176470586,0.3800746505244369,0.41333333333333333
Sgo_CH1,S. gordonii,SGO_RS09445,0.38424821002386633,0.513340183949785,0.4216388225934765
Sgo_CH1,S. gordonii,SGO_RS09450,0.3568904593639576,0.4103782958638176,0.3792697290930506
Sgo_CH1,S. gordonii,SGO_RS09455,0.24725274725274726,0.4529701042593401,0.3974358974358974
Sgo_CH1,S. gordonii,SGO_RS09460,0.30392156862745096,0.3925260938515274,0.380718954248366
Sgo_CH1,S. gordonii,SGO_RS09470,0.4499332443257677,0.3212162820541166,0.472630173564753
Sgo_CH1,S. gordonii,SGO_RS09475,0.3958333333333333,0.3827778296666711,0.42592592592592593
Sgo_CH1,S. gordonii,SGO_RS09480,0.4091816367265469,0.4439393425561424,0.41916167664670656
Sgo_CH1,S. gordonii,SGO_RS09485,0.4758364312267658,0.303806926462071,0.42627013630731103
Sgo_CH1,S. gordonii,SGO_RS09490,0.3670886075949367,0.35603918336282747,0.4219409282700422
Sgo_CH1,S. gordonii,SGO_RS09495,0.3108108108108108,0.39505556026594835,0.35585585585585583
Sgo_CH1,S. gordonii,SGO_RS09500,0.29396325459317585,0.4052952600403075,0.321084864391951
Sgo_CH1,S. gordonii,SGO_RS09585,0.2388758782201405,0.4342244725614934,0.32786885245901637
Sgo_CH1,S. gordonii,SGO_RS09590,0.2248062015503876,0.7478490650246936,0.40310077519379844
Sgo_CH1,S. gordonii,SGO_RS09595,0.26517571884984026,0.6010077371879129,0.3865814696485623
Sgo_CH1,S. gordonii,SGO_RS09600,0.15625,0.7249232901160131,0.4375
Sgo_CH1,S. gordonii,SGO_RS09605,0.21311475409836064,0.7327996676942943,0.41530054644808745
Sgo_CH1,S. gordonii,SGO_RS09615,0.2535211267605634,0.5633052195303621,0.36932707355242567
Sgo_CH1,S. gordonii,SGO_RS09620,0.3112128146453089,0.4525595143275667,0.38596491228070173
Sgo_CH1,S. gordonii,SGO_RS09625,0.22448979591836735,0.7375170644473957,0.42630385487528344
Sgo_CH1,S. gordonii,SGO_RS09635,0.21212121212121213,0.7115252293760519,0.4383838383838384
Sgo_CH1,S. gordonii,SGO_RS09640,0.3025210084033613,0.626117239820582,0.4565826330532213
Sgo_CH1,S. gordonii,SGO_RS09645,0.22346368715083798,0.7808460829968813,0.40037243947858475
Sgo_CH1,S. gordonii,SGO_RS09650,0.23308270676691728,0.7520104187616369,0.37092731829573933
Sgo_CH1,S. gordonii,SGO_RS09660,0.30939226519337015,0.7348720428055918,0.4088397790055249
Sgo_CH1,S. gordonii,SGO_RS09665,0.22549019607843138,0.7573502928256991,0.369281045751634
Sgo_CH1,S. gordonii,SGO_RS09670,0.2764227642276423,0.7482067692429691,0.43902439024390244
Sgo_CH1,S. gordonii,SGO_RS09685,0.2826086956521739,0.7384670827084551,0.4444444444444444
Sgo_CH1,S. gordonii,SGO_RS09690,0.24311926605504589,0.7766913239603669,0.42048929663608564
Sgo_CH1,S. gordonii,SGO_RS09695,0.2956521739130435,0.7804798322209289,0.4144927536231884
Sgo_CH1,S. gordonii,SGO_RS09705,0.2949640287769784,0.7373814138736963,0.45443645083932854
Sgo_CH1,S. gordonii,SGO_RS09715,0.23557692307692307,0.7073017293634088,0.42948717948717946
Sgo_CH1,S. gordonii,SGO_RS09720,0.28708133971291866,0.7321187367220261,0.42424242424242425
Sgo_CH1,S. gordonii,SGO_RS09725,0.34951456310679613,0.6972866948704298,0.42718446601941745
Sgo_CH1,S. gordonii,SGO_RS09730,0.2420091324200913,0.45363152013160946,0.3318112633181126
Sgo_CH1,S. gordonii,SGO_RS09735,0.3689095127610209,0.448766798762036,0.4385150812064965
Sgo_CH1,S. gordonii,SGO_RS09740,0.48138297872340424,0.332940130096464,0.46897163120567376
Sgo_CH1,S. gordonii,SGO_RS09745,0.48109965635738833,0.38804578740365075,0.47995418098510884
Sgo_CH1,S. gordonii,SGO_RS09750,0.4294478527607362,0.41970349191758644,0.4591002044989775
Sgo_CH1,S. gordonii,SGO_RS09755,0.3377777777777778,0.4072940715575914,0.4622222222222222
Sgo_CH1,S. gordonii,SGO_RS09760,0.4144486692015209,0.33752067596920793,0.4423320659062104
Sgo_CH1,S. gordonii,SGO_RS09765,0.5036764705882353,0.3519347760111268,0.46078431372549017
Sgo_CH1,S. gordonii,SGO_RS09770,0.4702549575070821,0.33262056006468144,0.45325779036827196
Sgo_CH1,S. gordonii,SGO_RS09775,0.3506172839506173,0.38540266352007246,0.42674897119341565
Sgo_CH1,S. gordonii,SGO_RS09780,0.35294117647058826,0.35085662148312924,0.39651416122004357
Sgo_CH1,S. gordonii,SGO_RS09785,0.42735042735042733,0.3231862482134951,0.37606837606837606
Sgo_CH1,S. gordonii,SGO_RS09790,0.3017241379310345,0.7330599797584436,0.42528735632183906
Sgo_CH1,S. gordonii,SGO_RS09795,0.3371647509578544,0.785586469885148,0.4278416347381865
Sgo_CH1,S. gordonii,SGO_RS09805,0.23886138613861385,0.5559795640562566,0.40470297029702973
Sgo_CH1,S. gordonii,SGO_RS09810,0.36084452975047987,0.5029901857391191,0.42637784480394847
Sgo_CH1,S. gordonii,SGO_RS09815,0.3723404255319149,0.3795904632791751,0.39184397163120566
Sgo_CH1,S. gordonii,SGO_RS09820,0.4301675977653631,0.446555237659632,0.40782122905027934
Sgo_CH1,S. gordonii,SGO_RS09830,0.4131147540983607,0.37248554058443484,0.453551912568306
Sgo_CH1,S. gordonii,SGO_RS09835,0.43724696356275305,0.3382758586406874,0.4502923976608187
Sgo_CH1,S. gordonii,SGO_RS09840,0.4639175257731959,0.3294868508742747,0.45017182130584193
Sgo_CH1,S. gordonii,SGO_RS09845,0.4506172839506173,0.3039983153779468,0.3940329218106996
Sgo_CH1,S. gordonii,SGO_RS09850,0.3367786391042205,0.3960192167228199,0.43496985357450474
Sgo_CH1,S. gordonii,SGO_RS09855,0.4574468085106383,0.28500030872529963,0.4021276595744681
Sgo_CH1,S. gordonii,SGO_RS09860,0.39226519337016574,0.33322478259543176,0.4116022099447514
Sgo_CH1,S. gordonii,SGO_RS09865,0.2863070539419087,0.43638405701994765,0.367911479944675
Sgo_CH1,S. gordonii,SGO_RS09870,0.3409090909090909,0.3239952238502894,0.3484848484848485
Sgo_CH1,S. gordonii,SGO_RS09875,0.39285714285714285,0.3597532079017081,0.3841991341991342
Sgo_CH1,S. gordonii,SGO_RS09880,0.3072100313479624,0.3344432025176435,0.3510971786833856
Sgo_CH1,S. gordonii,SGO_RS09885,0.3104693140794224,0.3344827885063492,0.35379061371841153
Sgo_CH1,S. gordonii,SGO_RS09890,0.33217993079584773,0.3636372502630168,0.37139561707035756
Sgo_CH1,S. gordonii,SGO_RS09895,0.3316831683168317,0.3404617683949622,0.37623762376237624
Sgo_CH1,S. gordonii,SGO_RS09900,0.27906976744186046,0.39391563457846795,0.37652270210409744
Sgo_CH1,S. gordonii,SGO_RS09905,0.24568965517241378,0.46755410023153515,0.3577586206896552
Sgo_CH1,S. gordonii,SGO_RS09910,0.36637931034482757,0.36866167165999914,0.39511494252873564
Sgo_CH1,S. gordonii,SGO_RS09915,0.3975409836065574,0.3826587999712184,0.39617486338797814
Sgo_CH1,S. gordonii,SGO_RS09920,0.34496919917864477,0.40156164809920647,0.38466803559206025
Sgo_CH1,S. gordonii,SGO_RS09925,0.555,0.29995385677716363,0.47333333333333333
Sgo_CH1,S. gordonii,SGO_RS09930,0.44508670520231214,0.28800184200144263,0.47398843930635837
Sgo_CH1,S. gordonii,SGO_RS09935,0.3630952380952381,0.3199036391493167,0.4603174603174603
Sgo_CH1,S. gordonii,SGO_RS09940,0.40408163265306124,0.40873866299258005,0.42857142857142855
Sgo_CH1,S. gordonii,SGO_RS09945,0.37595419847328243,0.35916968521669956,0.4013994910941476
Sgo_CH1,S. gordonii,SGO_RS09950,0.4163346613545817,0.37581207813124873,0.4030544488711819
Sgo_CH1,S. gordonii,SGO_RS09955,0.29375,0.38758109048020134,0.4083333333333333
Sgo_CH1,S. gordonii,SGO_RS09960,0.3728813559322034,0.3528934783102863,0.42211460855528654
Sgo_CH1,S. gordonii,SGO_RS09965,0.33653846153846156,0.597152557988563,0.3942307692307692
Sgo_CH1,S. gordonii,SGO_RS09970,0.42857142857142855,0.3711944132865956,0.4380952380952381
Sgo_CH1,S. gordonii,SGO_RS09980,0.3298429319371728,0.3739546355680576,0.3717277486910995
Sgo_CH1,S. gordonii,SGO_RS09985,0.2781954887218045,0.5182673459183935,0.37343358395989973
Sgo_CH1,S. gordonii,SGO_RS09990,0.3489583333333333,0.5310156554493334,0.4322916666666667
Sgo_CH1,S. gordonii,SGO_RS09995,0.4224343675417661,0.3046639206965597,0.4701670644391408
Sgo_CH1,S. gordonii,SGO_RS10000,0.5547445255474452,0.39042027370387156,0.43309002433090027
Sgo_CH1,S. gordonii,SGO_RS10005,0.40454545454545454,0.3790174354726219,0.37727272727272726
Sgo_CH1,S. gordonii,SGO_RS10010,0.4594594594594595,0.4008366199885993,0.41081081081081083
Sgo_CH1,S. gordonii,SGO_RS10015,0.5634517766497462,0.3239951605808017,0.4703891708967851
Sgo_CH1,S. gordonii,SGO_RS10020,0.4583333333333333,0.383387709719354,0.4146825396825397
Sgo_CH1,S. gordonii,SGO_RS10025,0.4482758620689655,0.36644462458078114,0.4482758620689655
Sgo_CH1,S. gordonii,SGO_RS10030,0.5370370370370371,0.29040949579007447,0.48713991769547327
Sgo_CH1,S. gordonii,SGO_RS10035,0.4897959183673469,0.2966577435551724,0.4308390022675737
Sgo_CH1,S. gordonii,SGO_RS10040,0.5031847133757962,0.4037183599811333,0.43736730360934184
Sgo_CH1,S. gordonii,SGO_RS10045,0.4386792452830189,0.3231750019056243,0.4516509433962264
Sgo_CH1,S. gordonii,SGO_RS10050,0.4246575342465753,0.3300513228351048,0.4132420091324201
Sgo_CH1,S. gordonii,SGO_RS10055,0.41207815275310833,0.5471779020130472,0.4339846062759029
Sgo_CH1,S. gordonii,SGO_RS10060,0.41346153846153844,0.33011651584695506,0.4049145299145299
Sgo_CH1,S. gordonii,SGO_RS10065,0.41196581196581195,0.4934310439846391,0.45356125356125354
Sgo_CH1,S. gordonii,SGO_RS10075,0.45901639344262296,0.3817359424204606,0.47306791569086654
Sgo_CH1,S. gordonii,SGO_RS10080,0.4824561403508772,0.364206045162416,0.45321637426900585
Sgo_CH1,S. gordonii,SGO_RS10085,0.4288224956063269,0.457692972784911,0.4868189806678383
Sgo_CH1,S. gordonii,SGO_RS10100,0.21374045801526717,0.4012107868124394,0.25318066157760816
Sgo_CH1,S. gordonii,SGO_RS10105,0.22641509433962265,0.36847096133984786,0.2578616352201258
Sgo_CH1,S. gordonii,SGO_RS10110,0.23404255319148937,0.36377047964071607,0.2948328267477204
Sgo_CH1,S. gordonii,SGO_RS10120,0.19135802469135801,0.38730471612048184,0.257201646090535
Sgo_CH1,S. gordonii,SGO_RS10125,0.18333333333333332,0.3920944986640451,0.2922222222222222
Sgo_CH1,S. gordonii,SGO_RS10130,0.2268370607028754,0.35859344630935436,0.30564430244941426
Sgo_CH1,S. gordonii,SGO_RS10135,0.2638888888888889,0.3951981797204437,0.35185185185185186
Sgo_CH1,S. gordonii,SGO_RS10140,0.29523809523809524,0.6250658344358543,0.3746031746031746
Sgo_CH1,S. gordonii,SGO_RS10145,0.3426183844011142,0.40255421779944506,0.3788300835654596
Sgo_CH1,S. gordonii,SGO_RS10150,0.345,0.4349363818789409,0.33
Sgo_CH1,S. gordonii,SGO_RS10155,0.3170731707317073,0.4411713765508018,0.3821138211382114
Sgo_CH1,S. gordonii,SGO_RS10165,0.28199052132701424,0.4200685318255926,0.3499210110584518
Sgo_CH1,S. gordonii,SGO_RS10170,0.23412698412698413,0.4651145253068433,0.294973544973545
Sgo_CH1,S. gordonii,SGO_RS10175,0.20430107526881722,0.4391906942317581,0.2927120669056153
Sgo_CH1,S. gordonii,SGO_RS10185,0.1986970684039088,0.4450808744254411,0.28773072747014117
Sgo_CH1,S. gordonii,SGO_RS10190,0.3333333333333333,0.4511408387260717,0.37373737373737376
Sgo_CH1,S. gordonii,SGO_RS10195,0.3067226890756303,0.4493504859332098,0.3473389355742297
Sgo_CH1,S. gordonii,SGO_RS10200,0.5025125628140703,0.357747831575582,0.4455611390284757
Sgo_CH1,S. gordonii,SGO_RS10205,0.5185185185185185,0.392753186675287,0.4585537918871252
Sgo_CH1,S. gordonii,SGO_RS10210,0.5810185185185185,0.34831681048013124,0.5061728395061729
Sgo_CH1,S. gordonii,SGO_RS10215,0.20334928229665072,0.44005067992747293,0.3181818181818182
Sgo_CH1,S. gordonii,SGO_RS10230,0.5192307692307693,0.36582023048776474,0.49725274725274726
Sgo_CH1,S. gordonii,SGO_RS10235,0.5030674846625767,0.3548775170073038,0.5276073619631901
Sgo_CH1,S. gordonii,SGO_RS10240,0.32914572864321606,0.33821044142031204,0.39949748743718594
Sgo_CH1,S. gordonii,SGO_RS10245,0.5761904761904761,0.3225117500660969,0.5198412698412699
Sgo_CH1,S. gordonii,SGO_RS10250,0.43636363636363634,0.3513774085080507,0.47515151515151516
Sgo_CH1,S. gordonii,SGO_RS10255,0.3554083885209713,0.3953619857361132,0.4083885209713024
Sgo_CH1,S. gordonii,SGO_RS10260,0.4136490250696379,0.3455080191869628,0.40714948932219125
Sgo_CH1,S. gordonii,SGO_RS10265,0.28921568627450983,0.8023473710680961,0.42320261437908496
Sgo_CH1,S. gordonii,SGO_RS10270,0.5394190871369294,0.266557027685659,0.4633471645919779
Sgo_CH1,S. gordonii,SGO_RS10275,0.4144144144144144,0.44872168680007524,0.4074074074074074
Sgo_CH1,S. gordonii,SGO_RS10280,0.5059760956175299,0.28061813433008626,0.43824701195219123
Sgo_CH1,S. gordonii,SGO_RS10290,0.34545454545454546,0.34644727558178284,0.36515151515151517
Sgo_CH1,S. gordonii,SGO_RS10295,0.3146853146853147,0.4620364780286945,0.3776223776223776
Sgo_CH1,S. gordonii,SGO_RS10300,0.1989795918367347,0.822272330692236,0.4200680272108844
Sgo_CH1,S. gordonii,SGO_RS10305,0.2981366459627329,0.4580245326464759,0.39855072463768115
Sgo_CH1,S. gordonii,SGO_RS10310,0.2040302267002519,0.6246044574728259,0.4063811922753988
Sgo_CH1,S. gordonii,SGO_RS10315,0.24550898203592814,0.3567293218614487,0.2954091816367265
Sgo_CH1,S. gordonii,SGO_RS10320,0.2426470588235294,0.4511663880742844,0.3394607843137255
Sgo_CH1,S. gordonii,SGO_RS10430,0.42857142857142855,0.27123111448766823,0.4140786749482402
Sgo_CH1,S. gordonii,SGO_RS10445,0.2481089258698941,0.5315267984870811,0.39384770549672216
Sgo_CH1,S. gordonii,SGO_RS10450,0.24861878453038674,0.5514667107517441,0.3443830570902394
Sgo_CH1,S. gordonii,SGO_RS10455,0.215962441314554,0.4559680618819899,0.31533646322378717
Sgo_CH1,S. gordonii,SGO_RS10460,0.24824355971896955,0.4277341418297589,0.33801717408274784
Sgo_CH1,S. gordonii,SGO_RS10465,0.25203252032520324,0.45883329217198787,0.3170731707317073
Sgo_CH1,S. gordonii,SGO_RS10475,0.20205479452054795,0.4527132238112227,0.3261986301369863
Sgo_CH1,S. gordonii,SGO_RS10480,0.17894736842105263,0.47358723173837564,0.2982456140350877
Sgo_CH1,S. gordonii,SGO_RS10485,0.25806451612903225,0.49856207487762855,0.3924731182795699
Sgo_CH1,S. gordonii,SGO_RS10500,0.1796875,0.4332055280687406,0.28515625
Sgo_CH1,S. gordonii,SGO_RS10505,0.18502202643171806,0.41408995904163304,0.26505139500734215
Sgo_CH1,S. gordonii,SGO_RS10520,0.15,0.45939801303982764,0.3145833333333333
Sgo_CH1,S. gordonii,SGO_RS10525,0.16834170854271358,0.5218260201666518,0.3425460636515913
Sgo_CH1,S. gordonii,SGO_RS10530,0.23137254901960785,0.37825913403582956,0.30980392156862746
Smi_B6,S. mitis,SMI_RS00005,0.29515418502202645,0.3837148558604683,0.3656387665198238
Smi_B6,S. mitis,SMI_RS00010,0.21899736147757257,0.46855798728963494,0.33773087071240104
Smi_B6,S. mitis,SMI_RS00020,0.27956989247311825,0.5620412552757729,0.4068100358422939
Smi_B6,S. mitis,SMI_RS00025,0.28421052631578947,0.38031952457967716,0.3350877192982456
Smi_B6,S. mitis,SMI_RS00030,0.2829059829059829,0.3553194319527239,0.3507122507122507
Smi_B6,S. mitis,SMI_RS00040,0.34959349593495936,0.2993509472717297,0.3523035230352303
Smi_B6,S. mitis,SMI_RS00045,0.23877068557919623,0.38359730634043065,0.32781717888100864
Smi_B6,S. mitis,SMI_RS00050,0.26291079812206575,0.298192424875275,0.33411580594679186
Smi_B6,S. mitis,SMI_RS00055,0.2541436464088398,0.5260035472648266,0.3406998158379374
Smi_B6,S. mitis,SMI_RS00060,0.21745788667687596,0.5144024368223794,0.3787646758550281
Smi_B6,S. mitis,SMI_RS00065,0.30625,0.2914722322910058,0.3645833333333333
Smi_B6,S. mitis,SMI_RS00070,0.5501285347043702,0.2738937702886004,0.46358183376178236
Smi_B6,S. mitis,SMI_RS00110,0.2564102564102564,0.573766124519398,0.39937839937839936
Smi_B6,S. mitis,SMI_RS00115,0.4230769230769231,0.3245906272933274,0.44871794871794873
Smi_B6,S. mitis,SMI_RS00125,0.3918918918918919,0.35441929100032477,0.4594594594594595
Smi_B6,S. mitis,SMI_RS00130,0.26666666666666666,0.37047601417908516,0.3685185185185185
Smi_B6,S. mitis,SMI_RS00135,0.45154185022026433,0.3017353528292936,0.46622613803230545
Smi_B6,S. mitis,SMI_RS00140,0.3577586206896552,0.3699115711991451,0.4324712643678161
Smi_B6,S. mitis,SMI_RS00145,0.3795180722891566,0.30052846780262155,0.43172690763052207
Smi_B6,S. mitis,SMI_RS00150,0.36764705882352944,0.35552365112977063,0.38235294117647056
Smi_B6,S. mitis,SMI_RS00155,0.5424164524421594,0.2747533392420396,0.4592973436161097
Smi_B6,S. mitis,SMI_RS00160,0.3653250773993808,0.42051839366173116,0.4241486068111455
Smi_B6,S. mitis,SMI_RS00165,0.39814814814814814,0.33407942008781294,0.4269547325102881
Smi_B6,S. mitis,SMI_RS11010,0.16166281755196305,0.6228009779264615,0.3710546574287914
Smi_B6,S. mitis,SMI_RS10900,0.19560878243512975,0.559307414006274,0.38589487691284097
Smi_B6,S. mitis,SMI_RS00190,0.358974358974359,0.39403754072622527,0.4074074074074074
Smi_B6,S. mitis,SMI_RS00210,0.5398457583547558,0.2768256021383405,0.45844044558697516
Smi_B6,S. mitis,SMI_RS00215,0.20054945054945056,0.37277700963417115,0.27197802197802196
Smi_B6,S. mitis,SMI_RS00220,0.22012578616352202,0.3073190572404388,0.29559748427672955
Smi_B6,S. mitis,SMI_RS00225,0.29428571428571426,0.3427077726988348,0.38095238095238093
Smi_B6,S. mitis,SMI_RS00230,0.4486301369863014,0.3000439698564557,0.4349315068493151
Smi_B6,S. mitis,SMI_RS00235,0.45899772209567197,0.33705976291725886,0.438496583143508
Smi_B6,S. mitis,SMI_RS00240,0.3904109589041096,0.3362603220321535,0.454337899543379
Smi_B6,S. mitis,SMI_RS00245,0.5133531157270029,0.27443247288756023,0.4648862512363996
Smi_B6,S. mitis,SMI_RS00250,0.45384615384615384,0.3208940013296145,0.452991452991453
Smi_B6,S. mitis,SMI_RS00255,0.48638132295719844,0.2912845744718882,0.42412451361867703
Smi_B6,S. mitis,SMI_RS00260,0.43202416918429004,0.3559537203267522,0.48036253776435045
Smi_B6,S. mitis,SMI_RS00270,0.2817258883248731,0.47290414743660053,0.38155668358714045
Smi_B6,S. mitis,SMI_RS00275,0.2534246575342466,0.34260549640534405,0.3242009132420091
Smi_B6,S. mitis,SMI_RS00280,0.28717948717948716,0.4648617680862728,0.38632478632478634
Smi_B6,S. mitis,SMI_RS10665,0.44485294117647056,0.2581755933889133,0.42892156862745096
Smi_B6,S. mitis,SMI_RS00295,0.42213114754098363,0.2509587896128745,0.42213114754098363
Smi_B6,S. mitis,SMI_RS00320,0.5,0.2807420087014894,0.4415041782729805
Smi_B6,S. mitis,SMI_RS00325,0.4311111111111111,0.2968813882659564,0.4474074074074074
Smi_B6,S. mitis,SMI_RS00330,0.4194915254237288,0.40361564109429093,0.3926553672316384
Smi_B6,S. mitis,SMI_RS00335,0.41545893719806765,0.4475322897550535,0.45652173913043476
Smi_B6,S. mitis,SMI_RS00340,0.43451143451143454,0.3691040827981297,0.46846846846846846
Smi_B6,S. mitis,SMI_RS00345,0.4281524926686217,0.42706956104609317,0.46920821114369504
Smi_B6,S. mitis,SMI_RS00350,0.44021739130434784,0.2751711954888629,0.4673913043478261
Smi_B6,S. mitis,SMI_RS00355,0.3935483870967742,0.3079206081983403,0.4021505376344086
Smi_B6,S. mitis,SMI_RS00360,0.45348837209302323,0.4350204803171741,0.4748062015503876
Smi_B6,S. mitis,SMI_RS00365,0.466824644549763,0.3732233388422741,0.4786729857819905
Smi_B6,S. mitis,SMI_RS00370,0.47560975609756095,0.3735805065831164,0.5101626016260162
Smi_B6,S. mitis,SMI_RS00375,0.4532967032967033,0.36393363086947045,0.46794871794871795
Smi_B6,S. mitis,SMI_RS00385,0.4861111111111111,0.5096422173277007,0.4675925925925926
Smi_B6,S. mitis,SMI_RS00390,0.3914081145584726,0.3847033336808214,0.3715194908512331
Smi_B6,S. mitis,SMI_RS00395,0.33472803347280333,0.5089590639634528,0.3737796373779637
Smi_B6,S. mitis,SMI_RS00400,0.3926174496644295,0.33699560185841904,0.4306487695749441
Smi_B6,S. mitis,SMI_RS00405,0.3333333333333333,0.5532380968615571,0.42138364779874216
Smi_B6,S. mitis,SMI_RS00410,0.32450331125827814,0.618250199654213,0.4392935982339956
Smi_B6,S. mitis,SMI_RS00415,0.39705882352941174,0.648249953292927,0.4007352941176471
Smi_B6,S. mitis,SMI_RS00420,0.362962962962963,0.5163000226192754,0.42962962962962964
Smi_B6,S. mitis,SMI_RS00425,0.35732647814910024,0.48092872475067916,0.43273350471293914
Smi_B6,S. mitis,SMI_RS00435,0.3181818181818182,0.45857417486319324,0.4031986531986532
Smi_B6,S. mitis,SMI_RS10685,0.391304347826087,0.40714882633882854,0.42028985507246375
Smi_B6,S. mitis,SMI_RS00450,0.4392156862745098,0.3133256780945119,0.4718954248366013
Smi_B6,S. mitis,SMI_RS00455,0.45869565217391306,0.2775539331774226,0.4420289855072464
Smi_B6,S. mitis,SMI_RS00460,0.44594594594594594,0.27842035419742356,0.45045045045045046
Smi_B6,S. mitis,SMI_RS00470,0.504424778761062,0.24917757708750182,0.45132743362831856
Smi_B6,S. mitis,SMI_RS00475,0.25,0.5160835688412372,0.4011111111111111
Smi_B6,S. mitis,SMI_RS00480,0.4248927038626609,0.28583393839031224,0.4220314735336195
Smi_B6,S. mitis,SMI_RS00485,0.46438746438746437,0.29778732186505286,0.439696106362773
Smi_B6,S. mitis,SMI_RS00490,0.31862745098039214,0.8184938621487334,0.434640522875817
Smi_B6,S. mitis,SMI_RS00520,0.35344827586206895,0.3818844811634275,0.3764367816091954
Smi_B6,S. mitis,SMI_RS00525,0.3903345724907063,0.3236388714438297,0.4188351920693928
Smi_B6,S. mitis,SMI_RS00530,0.4326923076923077,0.34089529225914383,0.43669871794871795
Smi_B6,S. mitis,SMI_RS00535,0.2743362831858407,0.3015933039030462,0.31268436578171094
Smi_B6,S. mitis,SMI_RS00540,0.28780487804878047,0.2896720749410154,0.3300813008130081
Smi_B6,S. mitis,SMI_RS00560,0.5398457583547558,0.27410300924198305,0.45758354755784064
Smi_B6,S. mitis,SMI_RS00575,0.2614475627769572,0.2933835121369776,0.32644017725258495
Smi_B6,S. mitis,SMI_RS00585,0.20935412026726058,0.4383976439297592,0.36080178173719374
Smi_B6,S. mitis,SMI_RS00590,0.22377622377622378,0.2891964636612357,0.3484848484848485
Smi_B6,S. mitis,SMI_RS00595,0.2282958199356913,0.3279371268234737,0.35691318327974275
Smi_B6,S. mitis,SMI_RS00600,0.3926056338028169,0.48396024142224386,0.4753521126760563
Smi_B6,S. mitis,SMI_RS00605,0.40350877192982454,0.401656816724181,0.4239766081871345
Smi_B6,S. mitis,SMI_RS00610,0.3873239436619718,0.2727398630615366,0.3873239436619718
Smi_B6,S. mitis,SMI_RS00615,0.3918269230769231,0.30659097102426686,0.3942307692307692
Smi_B6,S. mitis,SMI_RS00620,0.42790697674418604,0.41277901404098294,0.4542635658914729
Smi_B6,S. mitis,SMI_RS10970,0.3741935483870968,0.33448780258904115,0.3225806451612903
Smi_B6,S. mitis,SMI_RS00640,0.3617886178861789,0.32055664748443374,0.34688346883468835
Smi_B6,S. mitis,SMI_RS00645,0.3236363636363636,0.35833612511811314,0.3793939393939394
Smi_B6,S. mitis,SMI_RS00650,0.30042918454935624,0.319218759649468,0.3376251788268956
Smi_B6,S. mitis,SMI_RS00655,0.397196261682243,0.30102050829968374,0.40965732087227413
Smi_B6,S. mitis,SMI_RS00665,0.413265306122449,0.48437996155973145,0.4546485260770975
Smi_B6,S. mitis,SMI_RS00670,0.46496815286624205,0.28266583395981704,0.42356687898089174
Smi_B6,S. mitis,SMI_RS00675,0.45592705167173253,0.3849948831908435,0.43667679837892603
Smi_B6,S. mitis,SMI_RS00680,0.4307116104868914,0.34466862191635683,0.39575530586766544
Smi_B6,S. mitis,SMI_RS00685,0.4697508896797153,0.4835755228111969,0.42704626334519574
Smi_B6,S. mitis,SMI_RS00690,0.45011600928074247,0.5232552471352009,0.4168600154679041
Smi_B6,S. mitis,SMI_RS00695,0.2971698113207547,0.6701922645513241,0.40959119496855345
Smi_B6,S. mitis,SMI_RS00700,0.40118577075098816,0.6144694826850083,0.4407114624505929
Smi_B6,S. mitis,SMI_RS00705,0.41832669322709165,0.7337863715688696,0.4169986719787517
Smi_B6,S. mitis,SMI_RS00710,0.38515901060070673,0.364416443403496,0.4040047114252061
Smi_B6,S. mitis,SMI_RS00720,0.3813682678311499,0.32246754822722323,0.38719068413391555
Smi_B6,S. mitis,SMI_RS00725,0.42482100238663484,0.5397175269114923,0.4383452665075577
Smi_B6,S. mitis,SMI_RS00730,0.5424164524421594,0.2755194828021061,0.4592973436161097
Smi_B6,S. mitis,SMI_RS00740,0.41118421052631576,0.29173732133853425,0.4024122807017544
Smi_B6,S. mitis,SMI_RS00745,0.34334763948497854,0.5097936139469529,0.4678111587982833
Smi_B6,S. mitis,SMI_RS00750,0.4376657824933687,0.3564162012569698,0.46861184792219274
Smi_B6,S. mitis,SMI_RS00755,0.39444444444444443,0.25837485228979906,0.42407407407407405
Smi_B6,S. mitis,SMI_RS00760,0.39823008849557523,0.2586746506012117,0.4306784660766962
Smi_B6,S. mitis,SMI_RS00765,0.33,0.48696732523790787,0.4222222222222222
Smi_B6,S. mitis,SMI_RS00770,0.3687315634218289,0.3639645711969076,0.43756145526057033
Smi_B6,S. mitis,SMI_RS00780,0.36879432624113473,0.5125755286159356,0.4219858156028369
Smi_B6,S. mitis,SMI_RS00785,0.348993288590604,0.3457575833335677,0.3713646532438479
Smi_B6,S. mitis,SMI_RS00790,0.463905325443787,0.29073638991592143,0.4544378698224852
Smi_B6,S. mitis,SMI_RS00795,0.437609841827768,0.3200571709784087,0.44874048037492675
Smi_B6,S. mitis,SMI_RS00800,0.4091680814940577,0.3454558497027397,0.41935483870967744
Smi_B6,S. mitis,SMI_RS00805,0.3695652173913043,0.37027031505310015,0.43043478260869567
Smi_B6,S. mitis,SMI_RS00810,0.3225806451612903,0.256706828493016,0.35268817204301073
Smi_B6,S. mitis,SMI_RS00815,0.34444444444444444,0.7404355439026131,0.4192592592592593
Smi_B6,S. mitis,SMI_RS00820,0.351129363449692,0.5490938639356189,0.41546885694729635
Smi_B6,S. mitis,SMI_RS00825,0.2896551724137931,0.42671760528825375,0.38850574712643676
Smi_B6,S. mitis,SMI_RS00915,0.22131147540983606,0.3603375237624741,0.3005464480874317
Smi_B6,S. mitis,SMI_RS00925,0.1917808219178082,0.3226339778775416,0.3264840182648402
Smi_B6,S. mitis,SMI_RS00930,0.2777777777777778,0.326073321393742,0.3271604938271605
Smi_B6,S. mitis,SMI_RS00940,0.26436781609195403,0.3806070958372162,0.3205619412515964
Smi_B6,S. mitis,SMI_RS00945,0.23046875,0.35242851841967027,0.3203125
Smi_B6,S. mitis,SMI_RS00950,0.30833333333333335,0.41994107765157535,0.3472222222222222
Smi_B6,S. mitis,SMI_RS00955,0.3047619047619048,0.34577938946193876,0.34285714285714286
Smi_B6,S. mitis,SMI_RS00960,0.26303854875283444,0.30336330245433696,0.34996220710506426
Smi_B6,S. mitis,SMI_RS00970,0.2679425837320574,0.3786603414734949,0.32057416267942584
Smi_B6,S. mitis,SMI_RS00975,0.20261437908496732,0.3447991043081849,0.32461873638344224
Smi_B6,S. mitis,SMI_RS00990,0.3075117370892019,0.3376663955279988,0.36306729264475746
Smi_B6,S. mitis,SMI_RS00995,0.3656565656565657,0.48427617916762794,0.4175084175084175
Smi_B6,S. mitis,SMI_RS01000,0.41451990632318503,0.272371173165879,0.44418423106947696
Smi_B6,S. mitis,SMI_RS01005,0.4230769230769231,0.24328752737858325,0.42788461538461536
Smi_B6,S. mitis,SMI_RS01010,0.27680798004987534,0.5003029543033564,0.4305901911886949
Smi_B6,S. mitis,SMI_RS01020,0.3627906976744186,0.3138215073799737,0.4496124031007752
Smi_B6,S. mitis,SMI_RS01030,0.40273037542662116,0.2824988962171437,0.39476678043230945
Smi_B6,S. mitis,SMI_RS01035,0.44881889763779526,0.42185537114244165,0.4566929133858268
Smi_B6,S. mitis,SMI_RS01040,0.3976897689768977,0.33716526442937717,0.41254125412541254
Smi_B6,S. mitis,SMI_RS01045,0.5501285347043702,0.2738937702886004,0.46358183376178236
Smi_B6,S. mitis,SMI_RS01050,0.2890625,0.49616892951830294,0.4227430555555556
Smi_B6,S. mitis,SMI_RS01055,0.29178470254957506,0.5536773170181816,0.39943342776203966
Smi_B6,S. mitis,SMI_RS01060,0.36065573770491804,0.40454341304319696,0.3879781420765027
Smi_B6,S. mitis,SMI_RS01065,0.4426751592356688,0.300404736114461,0.45010615711252655
Smi_B6,S. mitis,SMI_RS01070,0.4365781710914454,0.26515520056893,0.400196656833825
Smi_B6,S. mitis,SMI_RS01075,0.4166666666666667,0.3908542671619674,0.3950617283950617
Smi_B6,S. mitis,SMI_RS01080,0.42758620689655175,0.2435918664606423,0.4298850574712644
Smi_B6,S. mitis,SMI_RS01085,0.39603960396039606,0.3218850483757934,0.39603960396039606
Smi_B6,S. mitis,SMI_RS01090,0.44805194805194803,0.26334442906421424,0.4264069264069264
Smi_B6,S. mitis,SMI_RS01095,0.43478260869565216,0.329879601113793,0.3888888888888889
Smi_B6,S. mitis,SMI_RS01105,0.42452830188679247,0.35456897637809276,0.42033542976939203
Smi_B6,S. mitis,SMI_RS01110,0.30158730158730157,0.542078934621066,0.40828924162257496
Smi_B6,S. mitis,SMI_RS01115,0.3629032258064516,0.28428540823813764,0.3709677419354839
Smi_B6,S. mitis,SMI_RS01120,0.41818181818181815,0.33870664706982667,0.41575757575757577
Smi_B6,S. mitis,SMI_RS01125,0.28484848484848485,0.4637114103406967,0.38181818181818183
Smi_B6,S. mitis,SMI_RS01130,0.3584905660377358,0.290317803746626,0.4088050314465409
Smi_B6,S. mitis,SMI_RS01135,0.345679012345679,0.507601770698416,0.40397805212620025
Smi_B6,S. mitis,SMI_RS01145,0.3395061728395062,0.3978827298638664,0.4074074074074074
Smi_B6,S. mitis,SMI_RS01150,0.2702702702702703,0.4968788186695209,0.4294294294294294
Smi_B6,S. mitis,SMI_RS01155,0.3020833333333333,0.4337521447856978,0.39351851851851855
Smi_B6,S. mitis,SMI_RS01160,0.3305084745762712,0.40598653509854654,0.4265536723163842
Smi_B6,S. mitis,SMI_RS01165,0.2903225806451613,0.33158301390650213,0.33512544802867383
Smi_B6,S. mitis,SMI_RS01170,0.33791208791208793,0.5712613868057507,0.4010989010989011
Smi_B6,S. mitis,SMI_RS01175,0.3262518968133536,0.5450994365835165,0.4501770359129995
Smi_B6,S. mitis,SMI_RS01180,0.27,0.4562992860287661,0.35
Smi_B6,S. mitis,SMI_RS01185,0.34459459459459457,0.3571249243056227,0.40315315315315314
Smi_B6,S. mitis,SMI_RS01190,0.26277372262773724,0.45286332038096483,0.3819951338199513
Smi_B6,S. mitis,SMI_RS01195,0.32918552036199095,0.6664824484627544,0.4291101055806938
Smi_B6,S. mitis,SMI_RS01200,0.27299703264094954,0.8814623530547915,0.42235410484668645
Smi_B6,S. mitis,SMI_RS01205,0.386986301369863,0.3459900996613022,0.3995433789954338
Smi_B6,S. mitis,SMI_RS01210,0.30517711171662126,0.39727572292686086,0.4032697547683924
Smi_B6,S. mitis,SMI_RS01215,0.5501285347043702,0.2738937702886004,0.46358183376178236
Smi_B6,S. mitis,SMI_RS01230,0.2122905027932961,0.5361074151264462,0.3407821229050279
Smi_B6,S. mitis,SMI_RS01235,0.30625,0.2914722322910058,0.3645833333333333
Smi_B6,S. mitis,SMI_RS01240,0.5501285347043702,0.2738937702886004,0.46358183376178236
Smi_B6,S. mitis,SMI_RS01320,0.4440677966101695,0.3388359356806585,0.4271186440677966
Smi_B6,S. mitis,SMI_RS01325,0.43089430894308944,0.2821287440827387,0.4132791327913279
Smi_B6,S. mitis,SMI_RS01330,0.4098360655737705,0.28639218758591595,0.4134790528233151
Smi_B6,S. mitis,SMI_RS01335,0.41,0.3109740710859969,0.435
Smi_B6,S. mitis,SMI_RS01340,0.5501285347043702,0.2738937702886004,0.46358183376178236
Smi_B6,S. mitis,SMI_RS01345,0.2608695652173913,0.7215078426238255,0.4251207729468599
Smi_B6,S. mitis,SMI_RS01350,0.27388535031847133,0.7746502002748642,0.45222929936305734
Smi_B6,S. mitis,SMI_RS01355,0.33429394812680113,0.7530925336376855,0.4356388088376561
Smi_B6,S. mitis,SMI_RS01360,0.4378415300546448,0.33303039815011715,0.44626593806921677
Smi_B6,S. mitis,SMI_RS01375,0.3864734299516908,0.46897115070323286,0.4524959742351047
Smi_B6,S. mitis,SMI_RS01385,0.4730290456431535,0.3032955828718859,0.45504840940525587
Smi_B6,S. mitis,SMI_RS01390,0.4189189189189189,0.4944367198207935,0.43543543543543545
Smi_B6,S. mitis,SMI_RS01395,0.25740318906605925,0.3377978916186679,0.3082763857251329
Smi_B6,S. mitis,SMI_RS01400,0.15025906735751296,0.41002091198209795,0.27461139896373055
Smi_B6,S. mitis,SMI_RS10705,0.2554112554112554,0.47684986646237726,0.35353535353535354
Smi_B6,S. mitis,SMI_RS01415,0.3782894736842105,0.7148700031796583,0.4407894736842105
Smi_B6,S. mitis,SMI_RS01420,0.33948339483394835,0.6736005979919485,0.4710947109471095
Smi_B6,S. mitis,SMI_RS01425,0.3242424242424242,0.5762787796177069,0.43333333333333335
Smi_B6,S. mitis,SMI_RS01430,0.3235294117647059,0.5823676003911818,0.4627450980392157
Smi_B6,S. mitis,SMI_RS01440,0.42435424354243545,0.37062430516488626,0.4095940959409594
Smi_B6,S. mitis,SMI_RS01445,0.3678646934460888,0.5338732144371615,0.4249471458773784
Smi_B6,S. mitis,SMI_RS01450,0.3644067796610169,0.3129681923258829,0.3757062146892655
Smi_B6,S. mitis,SMI_RS01455,0.37920489296636084,0.3107013152142274,0.45158002038735984
Smi_B6,S. mitis,SMI_RS01460,0.46938775510204084,0.26771130848473784,0.4618291761148904
Smi_B6,S. mitis,SMI_RS01465,0.3837837837837838,0.42837930132574353,0.44144144144144143
Smi_B6,S. mitis,SMI_RS01470,0.45387453874538747,0.2895400781867628,0.4440344403444034
Smi_B6,S. mitis,SMI_RS01475,0.37735849056603776,0.40607937447229,0.3836477987421384
Smi_B6,S. mitis,SMI_RS01480,0.3264094955489614,0.4853790668455502,0.4124629080118694
Smi_B6,S. mitis,SMI_RS01485,0.46105919003115264,0.347261702212472,0.46105919003115264
Smi_B6,S. mitis,SMI_RS01490,0.43103448275862066,0.3201677846718427,0.4367816091954023
Smi_B6,S. mitis,SMI_RS01495,0.4105960264900662,0.4122637222719596,0.45695364238410596
Smi_B6,S. mitis,SMI_RS01500,0.38613861386138615,0.30851705497610293,0.3696369636963696
Smi_B6,S. mitis,SMI_RS01505,0.4074074074074074,0.413444708172466,0.4279835390946502
Smi_B6,S. mitis,SMI_RS01515,0.37404580152671757,0.4968596661269502,0.4076335877862595
Smi_B6,S. mitis,SMI_RS01520,0.4634146341463415,0.30380764062369536,0.4504065040650406
Smi_B6,S. mitis,SMI_RS01525,0.41245136186770426,0.37806822556542813,0.4474708171206226
Smi_B6,S. mitis,SMI_RS01530,0.4708994708994709,0.2574377080139409,0.4708994708994709
Smi_B6,S. mitis,SMI_RS01535,0.5120274914089347,0.35168778431984,0.4650630011454754
Smi_B6,S. mitis,SMI_RS01540,0.3993174061433447,0.35315223815436486,0.4300341296928328
Smi_B6,S. mitis,SMI_RS01545,0.3515981735159817,0.4252487837878548,0.4459665144596651
Smi_B6,S. mitis,SMI_RS01550,0.4434389140271493,0.29106461362908587,0.46003016591251883
Smi_B6,S. mitis,SMI_RS01555,0.4916467780429594,0.2708118160304133,0.4669848846459825
Smi_B6,S. mitis,SMI_RS01560,0.4554140127388535,0.34095957712105635,0.4394904458598726
Smi_B6,S. mitis,SMI_RS01565,0.5449871465295629,0.27962534318190013,0.46186803770351326
Smi_B6,S. mitis,SMI_RS01570,0.42391304347826086,0.41260963077192897,0.4166666666666667
Smi_B6,S. mitis,SMI_RS01575,0.4028776978417266,0.4019420756122923,0.43884892086330934
Smi_B6,S. mitis,SMI_RS01580,0.44528301886792454,0.37290799355702114,0.44150943396226416
Smi_B6,S. mitis,SMI_RS01585,0.1940928270042194,0.3401686906627484,0.34458509142053445
Smi_B6,S. mitis,SMI_RS01590,0.22519083969465647,0.3465394372858922,0.3244274809160305
Smi_B6,S. mitis,SMI_RS01595,0.26666666666666666,0.2582651400753353,0.3277777777777778
Smi_B6,S. mitis,SMI_RS01600,0.23580786026200873,0.3065295088103392,0.32023289665211063
Smi_B6,S. mitis,SMI_RS01605,0.273015873015873,0.2697758434879268,0.31746031746031744
Smi_B6,S. mitis,SMI_RS01610,0.39805825242718446,0.4567161567394326,0.43797195253505933
Smi_B6,S. mitis,SMI_RS01620,0.3724696356275304,0.3242945347946786,0.42375168690958165
Smi_B6,S. mitis,SMI_RS01625,0.42105263157894735,0.3558427783995511,0.43128654970760233
Smi_B6,S. mitis,SMI_RS01630,0.4199395770392749,0.4168163717621691,0.446122860020141
Smi_B6,S. mitis,SMI_RS01635,0.42777777777777776,0.2925791880868264,0.4444444444444444
Smi_B6,S. mitis,SMI_RS01640,0.37423312883435583,0.2751481013494677,0.40081799591002043
Smi_B6,S. mitis,SMI_RS01645,0.3901734104046243,0.3540447429567152,0.4296724470134875
Smi_B6,S. mitis,SMI_RS01655,0.40420560747663553,0.3944606095988033,0.4665109034267913
Smi_B6,S. mitis,SMI_RS01665,0.35379061371841153,0.3537640335904711,0.4259927797833935
Smi_B6,S. mitis,SMI_RS01670,0.3581081081081081,0.3556618723615935,0.3918918918918919
Smi_B6,S. mitis,SMI_RS01680,0.27575757575757576,0.5545157933722857,0.3838383838383838
Smi_B6,S. mitis,SMI_RS01685,0.3486973947895792,0.5275669756532078,0.39412157648630597
Smi_B6,S. mitis,SMI_RS01690,0.42071197411003236,0.4965132417563056,0.3959007551240561
Smi_B6,S. mitis,SMI_RS01695,0.3398876404494382,0.503127751040074,0.4241573033707865
Smi_B6,S. mitis,SMI_RS01700,0.3268608414239482,0.5035152067633053,0.39805825242718446
Smi_B6,S. mitis,SMI_RS01705,0.37116564417177916,0.3246484425669418,0.4120654396728016
Smi_B6,S. mitis,SMI_RS01710,0.41946308724832215,0.3303386120479371,0.41834451901565994
Smi_B6,S. mitis,SMI_RS01715,0.4701492537313433,0.27996907376104885,0.43532338308457713
Smi_B6,S. mitis,SMI_RS01730,0.46037735849056605,0.2917659802687988,0.4742138364779874
Smi_B6,S. mitis,SMI_RS01735,0.3888888888888889,0.3790075044332113,0.4331275720164609
Smi_B6,S. mitis,SMI_RS01740,0.4827586206896552,0.3838501596628107,0.4616858237547893
Smi_B6,S. mitis,SMI_RS01745,0.512987012987013,0.2904382176351715,0.4458874458874459
Smi_B6,S. mitis,SMI_RS01750,0.46122448979591835,0.23445229367201534,0.4231292517006803
Smi_B6,S. mitis,SMI_RS01755,0.551440329218107,0.26819249664015077,0.4430727023319616
Smi_B6,S. mitis,SMI_RS01760,0.4631578947368421,0.2384386940410296,0.4421052631578947
Smi_B6,S. mitis,SMI_RS01765,0.48132780082987553,0.35110439902695034,0.4633471645919779
Smi_B6,S. mitis,SMI_RS01780,0.3183183183183183,0.42424950355209584,0.3943943943943944
Smi_B6,S. mitis,SMI_RS01785,0.3380281690140845,0.48984855347562317,0.4507042253521127
Smi_B6,S. mitis,SMI_RS01795,0.4172794117647059,0.3889588775112939,0.42463235294117646
Smi_B6,S. mitis,SMI_RS01800,0.3016826923076923,0.47196303088591934,0.41426282051282054
Smi_B6,S. mitis,SMI_RS01805,0.3107769423558897,0.7680822378954097,0.4377610693400167
Smi_B6,S. mitis,SMI_RS01810,0.3409090909090909,0.3606983231141176,0.36742424242424243
Smi_B6,S. mitis,SMI_RS01815,0.4117647058823529,0.3538983118492308,0.43977591036414565
Smi_B6,S. mitis,SMI_RS01820,0.3429844097995546,0.537666826357541,0.4209354120267261
Smi_B6,S. mitis,SMI_RS01825,0.411214953271028,0.2761164351886301,0.3956386292834891
Smi_B6,S. mitis,SMI_RS01830,0.3229166666666667,0.27274866525373287,0.34375
Smi_B6,S. mitis,SMI_RS01835,0.27647058823529413,0.34248258784587027,0.3156862745098039
Smi_B6,S. mitis,SMI_RS01840,0.4927536231884058,0.2900723212776952,0.4463768115942029
Smi_B6,S. mitis,SMI_RS01845,0.38285714285714284,0.5689969377847457,0.4361904761904762
Smi_B6,S. mitis,SMI_RS01850,0.3223684210526316,0.712404552565057,0.43256578947368424
Smi_B6,S. mitis,SMI_RS01860,0.3473684210526316,0.5079201735333617,0.4675438596491228
Smi_B6,S. mitis,SMI_RS01865,0.39285714285714285,0.3359889654482176,0.3964285714285714
Smi_B6,S. mitis,SMI_RS01875,0.39416058394160586,0.5050581725853437,0.43309002433090027
Smi_B6,S. mitis,SMI_RS01880,0.47950819672131145,0.3044173712476944,0.4453551912568306
Smi_B6,S. mitis,SMI_RS01885,0.5,0.2653828010728475,0.439047619047619
Smi_B6,S. mitis,SMI_RS01890,0.5,0.3330897277960009,0.4696969696969697
Smi_B6,S. mitis,SMI_RS01895,0.30973451327433627,0.3846820585869804,0.35103244837758113
Smi_B6,S. mitis,SMI_RS01900,0.45934959349593496,0.2435996403910968,0.4281842818428184
Smi_B6,S. mitis,SMI_RS01905,0.4266666666666667,0.27465143281618265,0.3874074074074074
Smi_B6,S. mitis,SMI_RS01910,0.42016806722689076,0.21534746465313157,0.39215686274509803
Smi_B6,S. mitis,SMI_RS01915,0.37777777777777777,0.3104814735244875,0.34814814814814815
Smi_B6,S. mitis,SMI_RS01920,0.3203125,0.33638206813827365,0.3098958333333333
Smi_B6,S. mitis,SMI_RS01930,0.37254901960784315,0.3534705998455936,0.39052287581699346
Smi_B6,S. mitis,SMI_RS01935,0.4188679245283019,0.30054034016448034,0.42515723270440253
Smi_B6,S. mitis,SMI_RS01940,0.4481132075471698,0.3610049981035335,0.4229559748427673
Smi_B6,S. mitis,SMI_RS01945,0.45625,0.36617742603903325,0.4354166666666667
Smi_B6,S. mitis,SMI_RS01950,0.37467018469656993,0.5859665758831663,0.43447669305189096
Smi_B6,S. mitis,SMI_RS01960,0.42,0.2196162575850182,0.4166666666666667
Smi_B6,S. mitis,SMI_RS01965,0.3640256959314775,0.5059546601606284,0.45467523197715914
Smi_B6,S. mitis,SMI_RS01970,0.47863247863247865,0.4132016302632888,0.42165242165242167
Smi_B6,S. mitis,SMI_RS01985,0.449438202247191,0.33880692038899557,0.450187265917603
Smi_B6,S. mitis,SMI_RS01995,0.3181818181818182,0.5070888241686156,0.4065656565656566
Smi_B6,S. mitis,SMI_RS02000,0.43523316062176165,0.35461076402140074,0.4162348877374784
Smi_B6,S. mitis,SMI_RS02005,0.47593582887700536,0.2745742466694682,0.48128342245989303
Smi_B6,S. mitis,SMI_RS02010,0.32124352331606215,0.28942814624883306,0.36787564766839376
Smi_B6,S. mitis,SMI_RS02015,0.49434389140271495,0.4965341110605908,0.473604826546003
Smi_B6,S. mitis,SMI_RS02020,0.19329896907216496,0.3069576931261899,0.3230240549828179
Smi_B6,S. mitis,SMI_RS02025,0.2104499274310595,0.30406013724835756,0.30382196419932267
Smi_B6,S. mitis,SMI_RS02030,0.21481481481481482,0.2667694696561519,0.31234567901234567
Smi_B6,S. mitis,SMI_RS02040,0.33584905660377357,0.3267439341796145,0.38616352201257864
Smi_B6,S. mitis,SMI_RS02045,0.3650615901455767,0.28181097926608684,0.38596491228070173
Smi_B6,S. mitis,SMI_RS02055,0.4270833333333333,0.3158596525368979,0.4375
Smi_B6,S. mitis,SMI_RS02060,0.44052863436123346,0.2797657561346638,0.42584434654919234
Smi_B6,S. mitis,SMI_RS02065,0.4476439790575916,0.3234936184946953,0.41012216404886565
Smi_B6,S. mitis,SMI_RS02075,0.5449871465295629,0.27317416847919185,0.4601542416452442
Smi_B6,S. mitis,SMI_RS02080,0.3520408163265306,0.6564941395803597,0.41496598639455784
Smi_B6,S. mitis,SMI_RS02085,0.3880597014925373,0.47548309301055613,0.43905472636815923
Smi_B6,S. mitis,SMI_RS02095,0.43,0.337624340573951,0.43666666666666665
Smi_B6,S. mitis,SMI_RS02100,0.3867924528301887,0.33511580605976743,0.4119496855345912
Smi_B6,S. mitis,SMI_RS02105,0.3397129186602871,0.44661127275262624,0.4258373205741627
Smi_B6,S. mitis,SMI_RS02110,0.35039370078740156,0.33549912657015707,0.4330708661417323
Smi_B6,S. mitis,SMI_RS02115,0.3628691983122363,0.3096076555335538,0.369901547116737
Smi_B6,S. mitis,SMI_RS02125,0.3684210526315789,0.4453199007497442,0.3697705802968961
Smi_B6,S. mitis,SMI_RS02140,0.3416666666666667,0.2524786462188668,0.37777777777777777
Smi_B6,S. mitis,SMI_RS02145,0.2830188679245283,0.3792376255849035,0.3228511530398323
Smi_B6,S. mitis,SMI_RS02155,0.3394495412844037,0.3154751475065489,0.43425076452599387
Smi_B6,S. mitis,SMI_RS02160,0.38596491228070173,0.3517231625700185,0.39766081871345027
Smi_B6,S. mitis,SMI_RS02165,0.3987341772151899,0.41620486887394537,0.3924050632911392
Smi_B6,S. mitis,SMI_RS02170,0.3888888888888889,0.33006513023759243,0.41452991452991456
Smi_B6,S. mitis,SMI_RS02175,0.40425531914893614,0.292876448594509,0.4021276595744681
Smi_B6,S. mitis,SMI_RS02180,0.2732919254658385,0.5135422196194541,0.36438923395445133
Smi_B6,S. mitis,SMI_RS02185,0.3383458646616541,0.32157760487146914,0.39223057644110276
Smi_B6,S. mitis,SMI_RS02190,0.37570093457943926,0.3355643942435357,0.3912772585669782
Smi_B6,S. mitis,SMI_RS02195,0.2621359223300971,0.30818705578824807,0.4110032362459547
Smi_B6,S. mitis,SMI_RS02205,0.38011695906432746,0.28974416612684323,0.3742690058479532
Smi_B6,S. mitis,SMI_RS02210,0.2543859649122807,0.390088875146508,0.34502923976608185
Smi_B6,S. mitis,SMI_RS02215,0.25892857142857145,0.41366194736876094,0.30357142857142855
Smi_B6,S. mitis,SMI_RS02230,0.33858267716535434,0.31501799035586714,0.42607174103237094
Smi_B6,S. mitis,SMI_RS02235,0.3312883435582822,0.3341034243522928,0.35991820040899797
Smi_B6,S. mitis,SMI_RS02250,0.4576271186440678,0.33440705154191963,0.4576271186440678
Smi_B6,S. mitis,SMI_RS02260,0.46308724832214765,0.31162064613480517,0.40939597315436244
Smi_B6,S. mitis,SMI_RS02270,0.3148148148148148,0.36978353525839847,0.38065843621399176
Smi_B6,S. mitis,SMI_RS02275,0.4200477326968974,0.3234154930939416,0.4295942720763723
Smi_B6,S. mitis,SMI_RS02280,0.37894736842105264,0.38509217697987125,0.39087719298245616
Smi_B6,S. mitis,SMI_RS02285,0.3679727427597956,0.3125491230125937,0.40488358886996023
Smi_B6,S. mitis,SMI_RS02290,0.2882882882882883,0.38368599808989234,0.34234234234234234
Smi_B6,S. mitis,SMI_RS02305,0.3968253968253968,0.4114956017611356,0.43209876543209874
Smi_B6,S. mitis,SMI_RS02310,0.3442622950819672,0.5722708510701886,0.39562841530054643
Smi_B6,S. mitis,SMI_RS02320,0.4491525423728814,0.2963380997880402,0.4293785310734463
Smi_B6,S. mitis,SMI_RS02325,0.4117647058823529,0.338987159203932,0.4117647058823529
Smi_B6,S. mitis,SMI_RS02330,0.4405594405594406,0.30478813664423415,0.4382284382284382
Smi_B6,S. mitis,SMI_RS02335,0.41843971631205673,0.2966322239584766,0.38534278959810875
Smi_B6,S. mitis,SMI_RS02345,0.3808411214953271,0.4765036040705295,0.4127725856697819
Smi_B6,S. mitis,SMI_RS02350,0.3741935483870968,0.4792395465818468,0.3978494623655914
Smi_B6,S. mitis,SMI_RS02355,0.417910447761194,0.46393276203382877,0.4253731343283582
Smi_B6,S. mitis,SMI_RS02360,0.40931372549019607,0.3482664991870107,0.4338235294117647
Smi_B6,S. mitis,SMI_RS02365,0.3574660633484163,0.376536092915062,0.4072398190045249
Smi_B6,S. mitis,SMI_RS02370,0.45962732919254656,0.32666269112378904,0.39648033126293997
Smi_B6,S. mitis,SMI_RS02380,0.3684210526315789,0.3353650383968983,0.38345864661654133
Smi_B6,S. mitis,SMI_RS02385,0.3977272727272727,0.34169210966964414,0.42234848484848486
Smi_B6,S. mitis,SMI_RS02390,0.3988439306358382,0.33053702097178356,0.3930635838150289
Smi_B6,S. mitis,SMI_RS02395,0.39947780678851175,0.35452374789936897,0.4281984334203655
Smi_B6,S. mitis,SMI_RS02400,0.43609022556390975,0.32384050193941233,0.44110275689223055
Smi_B6,S. mitis,SMI_RS02405,0.25,0.33005022256751165,0.3449074074074074
Smi_B6,S. mitis,SMI_RS02410,0.30327868852459017,0.4310620529161954,0.4139344262295082
Smi_B6,S. mitis,SMI_RS02420,0.3741935483870968,0.35419452385998484,0.40860215053763443
Smi_B6,S. mitis,SMI_RS02430,0.36018957345971564,0.43018226646095864,0.4075829383886256
Smi_B6,S. mitis,SMI_RS02435,0.375,0.46170837411781657,0.41964285714285715
Smi_B6,S. mitis,SMI_RS02440,0.4827586206896552,0.44239263726044054,0.4618599791013584
Smi_B6,S. mitis,SMI_RS02445,0.3896797153024911,0.33504175237078715,0.3944246737841044
Smi_B6,S. mitis,SMI_RS02450,0.4126984126984127,0.43237484554673383,0.4497354497354497
Smi_B6,S. mitis,SMI_RS02460,0.30868761552680224,0.5462496734244447,0.4349969192852742
Smi_B6,S. mitis,SMI_RS02465,0.4140625,0.3506030070808439,0.40234375
Smi_B6,S. mitis,SMI_RS02470,0.2441860465116279,0.33967898831595256,0.29844961240310075
Smi_B6,S. mitis,SMI_RS02475,0.2097902097902098,0.29058428635430195,0.2692307692307692
Smi_B6,S. mitis,SMI_RS02480,0.38202247191011235,0.3855792697389052,0.3857677902621723
Smi_B6,S. mitis,SMI_RS02485,0.3281853281853282,0.35179184469360897,0.3590733590733591
Smi_B6,S. mitis,SMI_RS02490,0.30043859649122806,0.36984100567443573,0.37646198830409355
Smi_B6,S. mitis,SMI_RS02605,0.30448717948717946,0.3825229544613431,0.3717948717948718
Smi_B6,S. mitis,SMI_RS02610,0.5501285347043702,0.2738937702886004,0.46358183376178236
Smi_B6,S. mitis,SMI_RS02615,0.39195979899497485,0.3294843546785247,0.3777219430485762
Smi_B6,S. mitis,SMI_RS02620,0.32432432432432434,0.3167099878258301,0.38063063063063063
Smi_B6,S. mitis,SMI_RS02630,0.3662551440329218,0.32640904836933743,0.4224965706447188
Smi_B6,S. mitis,SMI_RS02635,0.42209072978303747,0.32476898454709213,0.43261012491781725
Smi_B6,S. mitis,SMI_RS02640,0.44692737430167595,0.33337057760436156,0.409683426443203
Smi_B6,S. mitis,SMI_RS02645,0.39057239057239057,0.2763880712378441,0.4163860830527497
Smi_B6,S. mitis,SMI_RS02650,0.48059701492537316,0.2789145743249767,0.4577114427860697
Smi_B6,S. mitis,SMI_RS02655,0.361323155216285,0.5270934863794733,0.4308736217133164
Smi_B6,S. mitis,SMI_RS02660,0.45951417004048584,0.33142140567641665,0.4622132253711201
Smi_B6,S. mitis,SMI_RS02665,0.4222222222222222,0.31582199820097134,0.4246913580246914
Smi_B6,S. mitis,SMI_RS02670,0.20350877192982456,0.3536568648975068,0.3111111111111111
Smi_B6,S. mitis,SMI_RS02675,0.2803030303030303,0.39521960697768627,0.3446969696969697
Smi_B6,S. mitis,SMI_RS02680,0.16296296296296298,0.2902318937090168,0.27530864197530863
Smi_B6,S. mitis,SMI_RS02685,0.2376237623762376,0.3415153992971999,0.32893289328932895
Smi_B6,S. mitis,SMI_RS02690,0.46080760095011875,0.3833117277609269,0.45605700712589076
Smi_B6,S. mitis,SMI_RS02695,0.42783505154639173,0.4319313813083439,0.42955326460481097
Smi_B6,S. mitis,SMI_RS02700,0.4186046511627907,0.34034640663061255,0.43669250645994834
Smi_B6,S. mitis,SMI_RS02705,0.47101449275362317,0.4097846933050599,0.4722222222222222
Smi_B6,S. mitis,SMI_RS02710,0.32666666666666666,0.3233243912263351,0.39555555555555555
Smi_B6,S. mitis,SMI_RS02720,0.3364485981308411,0.285627014537473,0.34579439252336447
Smi_B6,S. mitis,SMI_RS02725,0.4276315789473684,0.38859671147766134,0.39473684210526316
Smi_B6,S. mitis,SMI_RS02730,0.4528301886792453,0.3867337398381496,0.4229559748427673
Smi_B6,S. mitis,SMI_RS02735,0.47594501718213056,0.2749104746231826,0.45017182130584193
Smi_B6,S. mitis,SMI_RS02740,0.4784853700516351,0.291763422395932,0.438324727481354
Smi_B6,S. mitis,SMI_RS02745,0.5411255411255411,0.32180568664940506,0.4531024531024531
Smi_B6,S. mitis,SMI_RS02750,0.3878048780487805,0.44866378204651525,0.4373983739837398
Smi_B6,S. mitis,SMI_RS02755,0.3964757709251101,0.3564147726601875,0.43171806167400884
Smi_B6,S. mitis,SMI_RS02760,0.4126984126984127,0.39924386794391975,0.42857142857142855
Smi_B6,S. mitis,SMI_RS02765,0.35522388059701493,0.42778790929044985,0.43482587064676614
Smi_B6,S. mitis,SMI_RS02770,0.44921875,0.31540165281540355,0.4479166666666667
Smi_B6,S. mitis,SMI_RS02775,0.365,0.2942977541089519,0.44666666666666666
Smi_B6,S. mitis,SMI_RS02780,0.3897058823529412,0.4627037752547554,0.4738562091503268
Smi_B6,S. mitis,SMI_RS02785,0.39768339768339767,0.38527294563538134,0.444015444015444
Smi_B6,S. mitis,SMI_RS02790,0.4636363636363636,0.27994240636901074,0.4393939393939394
Smi_B6,S. mitis,SMI_RS02795,0.39473684210526316,0.3019811554590422,0.3991228070175439
Smi_B6,S. mitis,SMI_RS02805,0.2413793103448276,0.7574884737884312,0.3694581280788177
Smi_B6,S. mitis,SMI_RS02815,0.2931937172774869,0.3363467841238483,0.32111692844677137
Smi_B6,S. mitis,SMI_RS02825,0.25963488843813387,0.34317725014026496,0.3110209601081812
Smi_B6,S. mitis,SMI_RS02835,0.3761194029850746,0.4279333398713917,0.42885572139303485
Smi_B6,S. mitis,SMI_RS02840,0.2847222222222222,0.3764616679249529,0.36342592592592593
Smi_B6,S. mitis,SMI_RS02850,0.47641509433962265,0.3201611605613938,0.485062893081761
Smi_B6,S. mitis,SMI_RS02855,0.3503184713375796,0.4320130758212349,0.3991507430997877
Smi_B6,S. mitis,SMI_RS02860,0.38926174496644295,0.3393619381566278,0.41387024608501116
Smi_B6,S. mitis,SMI_RS02865,0.48580441640378547,0.35949046580634525,0.4794952681388013
Smi_B6,S. mitis,SMI_RS02870,0.4274193548387097,0.31275054053388246,0.45698924731182794
Smi_B6,S. mitis,SMI_RS02875,0.4757929883138564,0.4144170237626365,0.452977184195882
Smi_B6,S. mitis,SMI_RS02885,0.3181818181818182,0.3191841376531462,0.37752525252525254
Smi_B6,S. mitis,SMI_RS02890,0.27058823529411763,0.5422974510154804,0.4300653594771242
Smi_B6,S. mitis,SMI_RS02895,0.37668161434977576,0.5562996072471149,0.4439461883408072
Smi_B6,S. mitis,SMI_RS10610,0.4634146341463415,0.4032473501023736,0.4146341463414634
Smi_B6,S. mitis,SMI_RS10615,0.46443514644351463,0.3387403021262613,0.48535564853556484
Smi_B6,S. mitis,SMI_RS02905,0.5067567567567568,0.35628053193590464,0.44594594594594594
Smi_B6,S. mitis,SMI_RS02910,0.463302752293578,0.36305149663830133,0.47706422018348627
Smi_B6,S. mitis,SMI_RS02915,0.3238095238095238,0.6962460823409514,0.40634920634920635
Smi_B6,S. mitis,SMI_RS02925,0.4409448818897638,0.3280931264839944,0.4330708661417323
Smi_B6,S. mitis,SMI_RS02930,0.456,0.27904658596017906,0.392
Smi_B6,S. mitis,SMI_RS02935,0.40948275862068967,0.31013147224549326,0.4410919540229885
Smi_B6,S. mitis,SMI_RS02940,0.41472868217054265,0.3479653862574423,0.39147286821705424
Smi_B6,S. mitis,SMI_RS02945,0.37890625,0.36640825278131545,0.3932291666666667
Smi_B6,S. mitis,SMI_RS02950,0.41810344827586204,0.37453853417560384,0.4295977011494253
Smi_B6,S. mitis,SMI_RS02955,0.4262295081967213,0.3080336714188958,0.43169398907103823
Smi_B6,S. mitis,SMI_RS02960,0.4050632911392405,0.308946485663371,0.4345991561181435
Smi_B6,S. mitis,SMI_RS02965,0.41794871794871796,0.2984538176947452,0.42136752136752137
Smi_B6,S. mitis,SMI_RS02970,0.431438127090301,0.3489766529673194,0.43478260869565216
Smi_B6,S. mitis,SMI_RS02975,0.40756302521008403,0.3266989506653155,0.46218487394957986
Smi_B6,S. mitis,SMI_RS02980,0.43478260869565216,0.4237417236252477,0.4454614797864226
Smi_B6,S. mitis,SMI_RS10720,0.4017857142857143,0.3093372622519953,0.34226190476190477
Smi_B6,S. mitis,SMI_RS02990,0.383054892601432,0.5233180126019914,0.4315831344470963
Smi_B6,S. mitis,SMI_RS02995,0.37790697674418605,0.4254013581496286,0.4253875968992248
Smi_B6,S. mitis,SMI_RS03000,0.4273255813953488,0.3944865511559013,0.4428294573643411
Smi_B6,S. mitis,SMI_RS03005,0.4462809917355372,0.269672872879041,0.4490358126721763
Smi_B6,S. mitis,SMI_RS03010,0.41847826086956524,0.3304783783315508,0.46648550724637683
Smi_B6,S. mitis,SMI_RS03015,0.4642857142857143,0.2956392003936429,0.46478174603174605
Smi_B6,S. mitis,SMI_RS03020,0.3716216216216216,0.2517269179078843,0.4144144144144144
Smi_B6,S. mitis,SMI_RS03025,0.33070866141732286,0.35049813137430963,0.3858267716535433
Smi_B6,S. mitis,SMI_RS03030,0.4401294498381877,0.3111830565994449,0.42934196332254587
Smi_B6,S. mitis,SMI_RS03035,0.3804347826086957,0.30318745060426394,0.39492753623188404
Smi_B6,S. mitis,SMI_RS03040,0.4801223241590214,0.3191124763496416,0.4536187563710499
Smi_B6,S. mitis,SMI_RS10975,0.21593291404612158,0.42501585166597383,0.37264150943396224
Smi_B6,S. mitis,SMI_RS03050,0.3562231759656652,0.37325518212931874,0.43919885550786836
Smi_B6,S. mitis,SMI_RS03055,0.2595936794582393,0.6846060830141909,0.3912716328066215
Smi_B6,S. mitis,SMI_RS03060,0.3633217993079585,0.49727358339475436,0.3771626297577855
Smi_B6,S. mitis,SMI_RS03065,0.4714285714285714,0.5017802556726833,0.43452380952380953
Smi_B6,S. mitis,SMI_RS03070,0.31125827814569534,0.48402420028506,0.3554083885209713
Smi_B6,S. mitis,SMI_RS03075,0.4558139534883721,0.3220247650513289,0.4062015503875969
Smi_B6,S. mitis,SMI_RS03080,0.3660130718954248,0.5427571802777135,0.42919389978213507
Smi_B6,S. mitis,SMI_RS03085,0.35451505016722407,0.4127875552211481,0.431438127090301
Smi_B6,S. mitis,SMI_RS03095,0.3076923076923077,0.2698281642441645,0.3504273504273504
Smi_B6,S. mitis,SMI_RS03100,0.4119718309859155,0.34493378475222025,0.4213615023474178
Smi_B6,S. mitis,SMI_RS03105,0.3688046647230321,0.3356818785703187,0.4173955296404276
Smi_B6,S. mitis,SMI_RS03110,0.4271356783919598,0.3058862423588743,0.4556113902847571
Smi_B6,S. mitis,SMI_RS03115,0.4339080459770115,0.4122243266619798,0.4444444444444444
Smi_B6,S. mitis,SMI_RS03120,0.43013100436681223,0.39567255248762156,0.4294032023289665
Smi_B6,S. mitis,SMI_RS03125,0.3446808510638298,0.31870269545441066,0.3773049645390071
Smi_B6,S. mitis,SMI_RS03130,0.5501285347043702,0.2738937702886004,0.46358183376178236
Smi_B6,S. mitis,SMI_RS03135,0.5526992287917738,0.2731225253374984,0.4644387317909169
Smi_B6,S. mitis,SMI_RS03140,0.28602620087336245,0.4635991763868011,0.4148471615720524
Smi_B6,S. mitis,SMI_RS03145,0.2649164677804296,0.5844173597948672,0.4439140811455847
Smi_B6,S. mitis,SMI_RS03150,0.32142857142857145,0.3445447856704694,0.37202380952380953
Smi_B6,S. mitis,SMI_RS03155,0.25280898876404495,0.48226561200452805,0.38764044943820225
Smi_B6,S. mitis,SMI_RS03165,0.2824427480916031,0.27933178145528026,0.34096692111959287
Smi_B6,S. mitis,SMI_RS03170,0.273972602739726,0.4829877804373207,0.4121004566210046
Smi_B6,S. mitis,SMI_RS03175,0.3394199785177229,0.5841648996626154,0.4246330110991765
Smi_B6,S. mitis,SMI_RS03180,0.16541353383458646,0.43389877175642527,0.39598997493734334
Smi_B6,S. mitis,SMI_RS03185,0.3463203463203463,0.82037654976578,0.4227994227994228
Smi_B6,S. mitis,SMI_RS03190,0.39303482587064675,0.2773257900486283,0.4291044776119403
Smi_B6,S. mitis,SMI_RS03195,0.452991452991453,0.32594377252240164,0.452991452991453
Smi_B6,S. mitis,SMI_RS03200,0.40420819490586934,0.28438261198774833,0.43373938722775934
Smi_B6,S. mitis,SMI_RS03205,0.4024390243902439,0.4022064445635649,0.43902439024390244
Smi_B6,S. mitis,SMI_RS03210,0.3387096774193548,0.5987893069613865,0.3774193548387097
Smi_B6,S. mitis,SMI_RS03215,0.4558303886925795,0.35971179478917836,0.42402826855123676
Smi_B6,S. mitis,SMI_RS03220,0.4149377593360996,0.3310103879392355,0.42047026279391425
Smi_B6,S. mitis,SMI_RS03225,0.23017902813299232,0.29684905784438503,0.3154305200341006
Smi_B6,S. mitis,SMI_RS03230,0.19623655913978494,0.3371768139598301,0.32437275985663083
Smi_B6,S. mitis,SMI_RS03235,0.40570522979397783,0.4324187108141868,0.4463814051769678
Smi_B6,S. mitis,SMI_RS03250,0.4885290148448043,0.33717836691803477,0.4552406657669816
Smi_B6,S. mitis,SMI_RS03255,0.41216216216216217,0.3319698001216405,0.42792792792792794
Smi_B6,S. mitis,SMI_RS03260,0.47101449275362317,0.2805917303999875,0.391304347826087
Smi_B6,S. mitis,SMI_RS03265,0.4976958525345622,0.29893023071825586,0.4393241167434716
Smi_B6,S. mitis,SMI_RS03270,0.4377224199288256,0.29765339793511814,0.4578884934756821
Smi_B6,S. mitis,SMI_RS03275,0.4315068493150685,0.27743589673317437,0.4474885844748858
Smi_B6,S. mitis,SMI_RS03280,0.4720670391061452,0.27794575916158804,0.4338919925512104
Smi_B6,S. mitis,SMI_RS03285,0.4823008849557522,0.28303041237520843,0.4306784660766962
Smi_B6,S. mitis,SMI_RS03290,0.4246153846153846,0.27010709963644236,0.40307692307692305
Smi_B6,S. mitis,SMI_RS03295,0.3134920634920635,0.3619626854124586,0.3445767195767196
Smi_B6,S. mitis,SMI_RS03300,0.3171428571428571,0.33434960228425825,0.36857142857142855
Smi_B6,S. mitis,SMI_RS03305,0.404320987654321,0.6462754612304581,0.44907407407407407
Smi_B6,S. mitis,SMI_RS03315,0.4040114613180516,0.2570493069446227,0.4383954154727794
Smi_B6,S. mitis,SMI_RS03320,0.47619047619047616,0.2566184192997099,0.4470899470899471
Smi_B6,S. mitis,SMI_RS03325,0.37388724035608306,0.426634351164225,0.3877349159248269
Smi_B6,S. mitis,SMI_RS03330,0.4199134199134199,0.338202710652626,0.43722943722943725
Smi_B6,S. mitis,SMI_RS03335,0.444,0.4149877484880989,0.4226666666666667
Smi_B6,S. mitis,SMI_RS03340,0.5424164524421594,0.2755194828021061,0.4592973436161097
Smi_B6,S. mitis,SMI_RS03345,0.4685494223363286,0.2981558112579936,0.45186136071887034
Smi_B6,S. mitis,SMI_RS03350,0.43805309734513276,0.3118709941992905,0.44837758112094395
Smi_B6,S. mitis,SMI_RS03355,0.46616541353383456,0.34706845718954304,0.4523809523809524
Smi_B6,S. mitis,SMI_RS03365,0.36470588235294116,0.5193112375175137,0.43333333333333335
Smi_B6,S. mitis,SMI_RS03370,0.3944099378881988,0.29074136561832037,0.41718426501035194
Smi_B6,S. mitis,SMI_RS03380,0.2795031055900621,0.36000300784725087,0.4161490683229814
Smi_B6,S. mitis,SMI_RS03385,0.33185840707964603,0.4259283535986435,0.43215339233038347
Smi_B6,S. mitis,SMI_RS03390,0.415929203539823,0.44228824780548276,0.4247787610619469
Smi_B6,S. mitis,SMI_RS03395,0.4714285714285714,0.3207948360869362,0.3904761904761905
Smi_B6,S. mitis,SMI_RS03400,0.4114583333333333,0.2749065129307168,0.4236111111111111
Smi_B6,S. mitis,SMI_RS03405,0.416,0.29409229649766705,0.444
Smi_B6,S. mitis,SMI_RS03410,0.3488372093023256,0.40291073527771476,0.4289405684754522
Smi_B6,S. mitis,SMI_RS03415,0.42857142857142855,0.3230413631653822,0.4329004329004329
Smi_B6,S. mitis,SMI_RS03420,0.407202216066482,0.4990533572861287,0.4404432132963989
Smi_B6,S. mitis,SMI_RS03425,0.4329501915708812,0.40711652973211754,0.4240102171136654
Smi_B6,S. mitis,SMI_RS03430,0.40625,0.40266313998484193,0.4367559523809524
Smi_B6,S. mitis,SMI_RS03435,0.33029612756264237,0.6126039902822485,0.4168564920273349
Smi_B6,S. mitis,SMI_RS03440,0.3713592233009709,0.3729260818978562,0.4401294498381877
Smi_B6,S. mitis,SMI_RS03445,0.3157894736842105,0.40787954275108484,0.4269005847953216
Smi_B6,S. mitis,SMI_RS03450,0.3218390804597701,0.5143524682293543,0.43167305236270753
Smi_B6,S. mitis,SMI_RS03455,0.5449871465295629,0.27962534318190013,0.46186803770351326
Smi_B6,S. mitis,SMI_RS03460,0.3574144486692015,0.3935396756824844,0.40430925221799746
Smi_B6,S. mitis,SMI_RS03465,0.3125,0.3662489682186913,0.3993055555555556
Smi_B6,S. mitis,SMI_RS03475,0.38028169014084506,0.3411606552601495,0.3998435054773083
Smi_B6,S. mitis,SMI_RS03480,0.3412322274881517,0.33831835083818196,0.4028436018957346
Smi_B6,S. mitis,SMI_RS03485,0.4717391304347826,0.38064944667478245,0.43623188405797103
Smi_B6,S. mitis,SMI_RS03495,0.4748858447488584,0.2669267431786889,0.4383561643835616
Smi_B6,S. mitis,SMI_RS03500,0.4580498866213152,0.24129382864038149,0.4270597127739985
Smi_B6,S. mitis,SMI_RS03505,0.2857142857142857,0.8355798550485355,0.427437641723356
Smi_B6,S. mitis,SMI_RS03510,0.17647058823529413,0.3800180796970544,0.2458521870286576
Smi_B6,S. mitis,SMI_RS03515,0.2549019607843137,0.3688046878596243,0.3562091503267974
Smi_B6,S. mitis,SMI_RS03525,0.3408360128617363,0.3223313679892739,0.3933547695605573
Smi_B6,S. mitis,SMI_RS03530,0.1978021978021978,0.29960791252709373,0.29853479853479853
Smi_B6,S. mitis,SMI_RS03535,0.48036253776435045,0.2805252797646428,0.4380664652567976
Smi_B6,S. mitis,SMI_RS03540,0.48717948717948717,0.2681464672441468,0.4126984126984127
Smi_B6,S. mitis,SMI_RS03545,0.48854961832061067,0.33756386730121535,0.40966921119592875
Smi_B6,S. mitis,SMI_RS10740,0.4423076923076923,0.3821771273005351,0.40705128205128205
Smi_B6,S. mitis,SMI_RS03560,0.23305860805860806,0.40162113828904383,0.3380647130647131
Smi_B6,S. mitis,SMI_RS03565,0.3883495145631068,0.3594328842885104,0.39158576051779936
Smi_B6,S. mitis,SMI_RS03570,0.4083333333333333,0.2996352838108676,0.3416666666666667
Smi_B6,S. mitis,SMI_RS03575,0.4263322884012539,0.32135759390805124,0.43051201671891326
Smi_B6,S. mitis,SMI_RS03590,0.4569343065693431,0.26417818552978173,0.4209245742092457
Smi_B6,S. mitis,SMI_RS03595,0.313588850174216,0.31800895896345827,0.3252032520325203
Smi_B6,S. mitis,SMI_RS03600,0.4402332361516035,0.368804105124131,0.47327502429543244
Smi_B6,S. mitis,SMI_RS03605,0.3432203389830508,0.4864901867725557,0.4166666666666667
Smi_B6,S. mitis,SMI_RS03620,0.39923954372623577,0.3134126567631085,0.4131812420785805
Smi_B6,S. mitis,SMI_RS03625,0.296875,0.3862460643028935,0.375
Smi_B6,S. mitis,SMI_RS03630,0.3153846153846154,0.3962880663253846,0.4128205128205128
Smi_B6,S. mitis,SMI_RS03635,0.4854111405835544,0.29401661431216103,0.4438549955791335
Smi_B6,S. mitis,SMI_RS03640,0.45121951219512196,0.31490792716992694,0.42005420054200543
Smi_B6,S. mitis,SMI_RS03645,0.4418604651162791,0.35778820838750464,0.45348837209302323
Smi_B6,S. mitis,SMI_RS03650,0.46116504854368934,0.28404942365744984,0.40938511326860844
Smi_B6,S. mitis,SMI_RS03655,0.34545454545454546,0.3072332097650938,0.3575757575757576
Smi_B6,S. mitis,SMI_RS03660,0.32460732984293195,0.3531706259736086,0.36300174520069806
Smi_B6,S. mitis,SMI_RS03665,0.28611898016997167,0.4304709845997826,0.37582625118035884
Smi_B6,S. mitis,SMI_RS11030,0.3215258855585831,0.3932384159009844,0.36966394187102636
Smi_B6,S. mitis,SMI_RS03675,0.30409356725146197,0.3278779313766232,0.39701104613385313
Smi_B6,S. mitis,SMI_RS03680,0.30597014925373134,0.3853936008000918,0.373134328358209
Smi_B6,S. mitis,SMI_RS03690,0.3953488372093023,0.2936760920563159,0.4470284237726098
Smi_B6,S. mitis,SMI_RS03695,0.38850574712643676,0.33669128464126813,0.4467432950191571
Smi_B6,S. mitis,SMI_RS03700,0.3993174061433447,0.3824544077044101,0.459613196814562
Smi_B6,S. mitis,SMI_RS03705,0.434640522875817,0.3749211847328384,0.4422657952069717
Smi_B6,S. mitis,SMI_RS03710,0.43050847457627117,0.3832603209736515,0.4497175141242938
Smi_B6,S. mitis,SMI_RS03715,0.4626865671641791,0.38121701499956473,0.43159203980099503
Smi_B6,S. mitis,SMI_RS03720,0.43478260869565216,0.39965070259815605,0.43741765480895917
Smi_B6,S. mitis,SMI_RS03725,0.3486238532110092,0.4516400720028368,0.40061162079510704
Smi_B6,S. mitis,SMI_RS03730,0.34191176470588236,0.4114673615210308,0.4068627450980392
Smi_B6,S. mitis,SMI_RS03735,0.47641509433962265,0.2871231470239885,0.4410377358490566
Smi_B6,S. mitis,SMI_RS03740,0.45081967213114754,0.37301273193828394,0.4521857923497268
Smi_B6,S. mitis,SMI_RS03745,0.4262948207171315,0.34241877629782264,0.4116865869853918
Smi_B6,S. mitis,SMI_RS03750,0.40066225165562913,0.4067585535380192,0.445916114790287
Smi_B6,S. mitis,SMI_RS03755,0.4637305699481865,0.4127278248096518,0.4430051813471503
Smi_B6,S. mitis,SMI_RS03760,0.5687732342007435,0.2870621890277586,0.43866171003717475
Smi_B6,S. mitis,SMI_RS03765,0.5077519379844961,0.31953836046251294,0.42764857881136953
Smi_B6,S. mitis,SMI_RS03770,0.48179271708683474,0.35519996559398004,0.4211017740429505
Smi_B6,S. mitis,SMI_RS03775,0.5501285347043702,0.27202146830421947,0.46358183376178236
Smi_B6,S. mitis,SMI_RS03780,0.46296296296296297,0.3197482811668462,0.4218106995884774
Smi_B6,S. mitis,SMI_RS03785,0.3665521191294387,0.5860548326303638,0.4417716685757923
Smi_B6,S. mitis,SMI_RS03790,0.4309278350515464,0.4384502783349164,0.44810996563573885
Smi_B6,S. mitis,SMI_RS03795,0.412,0.3330409490479948,0.41733333333333333
Smi_B6,S. mitis,SMI_RS03800,0.4055045871559633,0.2520931771645529,0.39143730886850153
Smi_B6,S. mitis,SMI_RS03805,0.43059490084985835,0.31340451813808434,0.4197355996222852
Smi_B6,S. mitis,SMI_RS03810,0.3943298969072165,0.33115106229492597,0.40893470790378006
Smi_B6,S. mitis,SMI_RS03815,0.4646017699115044,0.33759641855183486,0.443952802359882
Smi_B6,S. mitis,SMI_RS03820,0.40350877192982454,0.29940128243555203,0.43391812865497076
Smi_B6,S. mitis,SMI_RS03825,0.4241573033707865,0.3375653456326072,0.45224719101123595
Smi_B6,S. mitis,SMI_RS03830,0.39331619537275064,0.38014185087711344,0.4644387317909169
Smi_B6,S. mitis,SMI_RS03835,0.43478260869565216,0.3458225228031513,0.45018115942028986
Smi_B6,S. mitis,SMI_RS03840,0.30973451327433627,0.46555232394689167,0.3893805309734513
Smi_B6,S. mitis,SMI_RS03845,0.264,0.3842798082993089,0.37066666666666664
Smi_B6,S. mitis,SMI_RS03850,0.29133858267716534,0.34933705286804967,0.363079615048119
Smi_B6,S. mitis,SMI_RS03855,0.37850467289719625,0.3856983524686775,0.4439252336448598
Smi_B6,S. mitis,SMI_RS03860,0.3522012578616352,0.25641034609934216,0.42138364779874216
Smi_B6,S. mitis,SMI_RS03865,0.3462897526501767,0.36461744783677996,0.42402826855123676
Smi_B6,S. mitis,SMI_RS03870,0.391304347826087,0.3554002119665979,0.41800152555301295
Smi_B6,S. mitis,SMI_RS03875,0.3546099290780142,0.41106769496503526,0.41252955082742315
Smi_B6,S. mitis,SMI_RS03880,0.3641304347826087,0.3237669946034794,0.38858695652173914
Smi_B6,S. mitis,SMI_RS03885,0.3556231003039514,0.28456451482363576,0.3617021276595745
Smi_B6,S. mitis,SMI_RS03890,0.3469387755102041,0.26865371169927205,0.36054421768707484
Smi_B6,S. mitis,SMI_RS03895,0.2492753623188406,0.4599281071354538,0.32463768115942027
Smi_B6,S. mitis,SMI_RS03900,0.3983739837398374,0.4469813336938205,0.3888888888888889
Smi_B6,S. mitis,SMI_RS03905,0.3822843822843823,0.4905723032718069,0.4296814296814297
Smi_B6,S. mitis,SMI_RS03910,0.4241379310344828,0.37080174197404026,0.46551724137931033
Smi_B6,S. mitis,SMI_RS03915,0.3546325878594249,0.3511523912530462,0.42385516506922255
Smi_B6,S. mitis,SMI_RS03920,0.4226086956521739,0.2788302192201718,0.43072463768115943
Smi_B6,S. mitis,SMI_RS03925,0.4339622641509434,0.27522593245723115,0.4316752429959977
Smi_B6,S. mitis,SMI_RS03935,0.5449871465295629,0.27317416847919185,0.4601542416452442
Smi_B6,S. mitis,SMI_RS03940,0.5449871465295629,0.27317416847919185,0.4601542416452442
Smi_B6,S. mitis,SMI_RS03945,0.5449871465295629,0.27317416847919185,0.4601542416452442
Smi_B6,S. mitis,SMI_RS03950,0.5449871465295629,0.27317416847919185,0.4601542416452442
Smi_B6,S. mitis,SMI_RS03955,0.23353293413173654,0.6801512947914627,0.4351297405189621
Smi_B6,S. mitis,SMI_RS03960,0.17886178861788618,0.8460592728098147,0.41192411924119243
Smi_B6,S. mitis,SMI_RS03965,0.2692307692307692,0.3139590317134658,0.3525641025641026
Smi_B6,S. mitis,SMI_RS03970,0.25165562913907286,0.32136614790237533,0.38704930095658574
Smi_B6,S. mitis,SMI_RS03975,0.26,0.3226065720456629,0.3288888888888889
Smi_B6,S. mitis,SMI_RS03980,0.2677165354330709,0.2956867137688895,0.30708661417322836
Smi_B6,S. mitis,SMI_RS03990,0.3163265306122449,0.2649693732649507,0.3469387755102041
Smi_B6,S. mitis,SMI_RS03995,0.2740740740740741,0.37802469281935136,0.34444444444444444
Smi_B6,S. mitis,SMI_RS04000,0.18376068376068377,0.4080312523259918,0.34615384615384615
Smi_B6,S. mitis,SMI_RS04005,0.19607843137254902,0.5916102426393661,0.3540305010893246
Smi_B6,S. mitis,SMI_RS04010,0.2821011673151751,0.49782587986193194,0.36251621271076523
Smi_B6,S. mitis,SMI_RS04015,0.17647058823529413,0.5225033684145364,0.30501089324618735
Smi_B6,S. mitis,SMI_RS04020,0.22972972972972974,0.6264465039045671,0.38828828828828826
Smi_B6,S. mitis,SMI_RS04025,0.21885521885521886,0.3568171262762215,0.33108866442199775
Smi_B6,S. mitis,SMI_RS04030,0.25,0.338404821683711,0.29012345679012347
Smi_B6,S. mitis,SMI_RS04035,0.2289156626506024,0.3334613233418545,0.31626506024096385
Smi_B6,S. mitis,SMI_RS04040,0.2641509433962264,0.46236637924416857,0.39832285115303984
Smi_B6,S. mitis,SMI_RS04045,0.2422680412371134,0.32680148986747803,0.29037800687285226
Smi_B6,S. mitis,SMI_RS04050,0.20535714285714285,0.30275600942569697,0.29563492063492064
Smi_B6,S. mitis,SMI_RS04055,0.17757009345794392,0.2952664443310057,0.30218068535825543
Smi_B6,S. mitis,SMI_RS04060,0.22804054054054054,0.3928305683297708,0.3947072072072072
Smi_B6,S. mitis,SMI_RS04065,0.21212121212121213,0.388439797640316,0.3658008658008658
Smi_B6,S. mitis,SMI_RS04070,0.24509803921568626,0.33799958962243887,0.3088235294117647
Smi_B6,S. mitis,SMI_RS04080,0.21020408163265306,0.44286037404362927,0.3921768707482993
Smi_B6,S. mitis,SMI_RS04090,0.3161290322580645,0.25920415697867244,0.3548387096774194
Smi_B6,S. mitis,SMI_RS04095,0.30957683741648107,0.672663937178047,0.429101707498144
Smi_B6,S. mitis,SMI_RS04100,0.3974358974358974,0.3908819947538094,0.4305555555555556
Smi_B6,S. mitis,SMI_RS04105,0.3901734104046243,0.3116004696322488,0.3805394990366089
Smi_B6,S. mitis,SMI_RS04115,0.35148514851485146,0.7304377783632493,0.42574257425742573
Smi_B6,S. mitis,SMI_RS04120,0.3559322033898305,0.31782214663129016,0.3935969868173258
Smi_B6,S. mitis,SMI_RS04125,0.425414364640884,0.4243538752907441,0.42357274401473294
Smi_B6,S. mitis,SMI_RS04130,0.4050632911392405,0.34294454708643535,0.3881856540084388
Smi_B6,S. mitis,SMI_RS04135,0.4163424124513619,0.3968035355567261,0.44228274967574577
Smi_B6,S. mitis,SMI_RS04140,0.3890909090909091,0.4300430318836239,0.4290909090909091
Smi_B6,S. mitis,SMI_RS04155,0.34673366834170855,0.3389843344395927,0.3768844221105528
Smi_B6,S. mitis,SMI_RS04170,0.42342342342342343,0.35035937102979703,0.42042042042042044
Smi_B6,S. mitis,SMI_RS04175,0.23954372623574144,0.3526977471262837,0.3409378960709759
Smi_B6,S. mitis,SMI_RS04180,0.4393063583815029,0.4214448879621078,0.4007707129094412
Smi_B6,S. mitis,SMI_RS04185,0.45416666666666666,0.3200940993263683,0.4527777777777778
Smi_B6,S. mitis,SMI_RS04190,0.336283185840708,0.45823944835802244,0.40117994100294985
Smi_B6,S. mitis,SMI_RS04195,0.34579439252336447,0.3525739596433431,0.37694704049844235
Smi_B6,S. mitis,SMI_RS04205,0.329608938547486,0.37100744595095836,0.4450651769087523
Smi_B6,S. mitis,SMI_RS10990,0.14678899082568808,0.47390753458293694,0.3333333333333333
Smi_B6,S. mitis,SMI_RS04215,0.2783661119515885,0.30495286387700626,0.3076147251638931
Smi_B6,S. mitis,SMI_RS04220,0.2403846153846154,0.323439145237043,0.3157051282051282
Smi_B6,S. mitis,SMI_RS04225,0.2754491017964072,0.38565134009078955,0.31736526946107785
Smi_B6,S. mitis,SMI_RS04230,0.32293986636971045,0.5390182098290907,0.4365256124721604
Smi_B6,S. mitis,SMI_RS04235,0.31265508684863524,0.41991503849880807,0.43672456575682383
Smi_B6,S. mitis,SMI_RS04240,0.3418803418803419,0.3713164583788889,0.41025641025641024
Smi_B6,S. mitis,SMI_RS04245,0.3595238095238095,0.35143919905223275,0.41904761904761906
Smi_B6,S. mitis,SMI_RS04250,0.3948948948948949,0.5107459676066827,0.43543543543543545
Smi_B6,S. mitis,SMI_RS04255,0.2524271844660194,0.3817924494493278,0.3592233009708738
Smi_B6,S. mitis,SMI_RS04265,0.4248927038626609,0.3446849509797631,0.45493562231759654
Smi_B6,S. mitis,SMI_RS04270,0.3625,0.3224028839010155,0.40208333333333335
Smi_B6,S. mitis,SMI_RS04275,0.23868312757201646,0.34152608868705353,0.33607681755829905
Smi_B6,S. mitis,SMI_RS04280,0.22043010752688172,0.33906264634486327,0.2777777777777778
Smi_B6,S. mitis,SMI_RS04290,0.36866902237926974,0.513067368057084,0.4381625441696113
Smi_B6,S. mitis,SMI_RS04295,0.3466666666666667,0.38024850243635067,0.3674074074074074
Smi_B6,S. mitis,SMI_RS04300,0.3887640449438202,0.3001557176229313,0.3880149812734082
Smi_B6,S. mitis,SMI_RS04310,0.4258064516129032,0.4628415597795474,0.4236559139784946
Smi_B6,S. mitis,SMI_RS04315,0.32558139534883723,0.323790202072985,0.3912688698490412
Smi_B6,S. mitis,SMI_RS04320,0.44607843137254904,0.296732889008523,0.4158496732026144
Smi_B6,S. mitis,SMI_RS04325,0.3567567567567568,0.3958192360560092,0.43963963963963965
Smi_B6,S. mitis,SMI_RS04330,0.5449871465295629,0.2746290935087171,0.46101113967437873
Smi_B6,S. mitis,SMI_RS04335,0.30851063829787234,0.3441875344934364,0.3723404255319149
Smi_B6,S. mitis,SMI_RS04340,0.337442218798151,0.4397703214786374,0.4268104776579353
Smi_B6,S. mitis,SMI_RS04345,0.2621527777777778,0.47017873127704507,0.3576388888888889
Smi_B6,S. mitis,SMI_RS04350,0.2796208530805687,0.30773825317624454,0.3412322274881517
Smi_B6,S. mitis,SMI_RS04355,0.33,0.4548897173310094,0.36666666666666664
Smi_B6,S. mitis,SMI_RS04360,0.32450331125827814,0.49567003883868727,0.4105960264900662
Smi_B6,S. mitis,SMI_RS04365,0.4037184594953519,0.42398699863504563,0.4404603806994245
Smi_B6,S. mitis,SMI_RS04375,0.39035087719298245,0.3274416451028356,0.3932748538011696
Smi_B6,S. mitis,SMI_RS04380,0.4122448979591837,0.3706496090718296,0.42448979591836733
Smi_B6,S. mitis,SMI_RS04385,0.3706293706293706,0.3686228021951669,0.45104895104895104
Smi_B6,S. mitis,SMI_RS04390,0.25547445255474455,0.33050762046842047,0.33941605839416056
Smi_B6,S. mitis,SMI_RS04395,0.33098591549295775,0.33496958999918336,0.43661971830985913
Smi_B6,S. mitis,SMI_RS04405,0.39035087719298245,0.3901391264524709,0.4371345029239766
Smi_B6,S. mitis,SMI_RS04410,0.35148514851485146,0.5327479810717984,0.43316831683168316
Smi_B6,S. mitis,SMI_RS04415,0.44919786096256686,0.3601046663817566,0.41532976827094475
Smi_B6,S. mitis,SMI_RS04420,0.31851851851851853,0.5486952184676985,0.43950617283950616
Smi_B6,S. mitis,SMI_RS04425,0.3177570093457944,0.24920288112811467,0.39797507788161995
Smi_B6,S. mitis,SMI_RS04430,0.22362869198312235,0.37854283640629705,0.3769338959212377
Smi_B6,S. mitis,SMI_RS04435,0.4177215189873418,0.49679744678712995,0.4360056258790436
Smi_B6,S. mitis,SMI_RS04440,0.3237704918032787,0.3666822486720642,0.39617486338797814
Smi_B6,S. mitis,SMI_RS04445,0.3583815028901734,0.3461829050707198,0.37957610789980734
Smi_B6,S. mitis,SMI_RS04455,0.40390879478827363,0.33771280555533834,0.4028230184581976
Smi_B6,S. mitis,SMI_RS04460,0.37037037037037035,0.31822306949892726,0.3506172839506173
Smi_B6,S. mitis,SMI_RS04465,0.20610687022900764,0.3049672780110685,0.31806615776081426
Smi_B6,S. mitis,SMI_RS04470,0.21389396709323583,0.35354824357993486,0.3662400975015235
Smi_B6,S. mitis,SMI_RS04480,0.41116751269035534,0.33999454708147575,0.41455160744500846
Smi_B6,S. mitis,SMI_RS04485,0.3427230046948357,0.3627953767254754,0.4303599374021909
Smi_B6,S. mitis,SMI_RS04490,0.31221719457013575,0.40395921140063734,0.4298642533936652
Smi_B6,S. mitis,SMI_RS04495,0.33076923076923076,0.3842676689980154,0.40512820512820513
Smi_B6,S. mitis,SMI_RS04500,0.23646723646723647,0.7109362482533446,0.41120607787274455
Smi_B6,S. mitis,SMI_RS04505,0.341796875,0.466921495460624,0.4205729166666667
Smi_B6,S. mitis,SMI_RS04510,0.40509915014164305,0.3742743905197899,0.45042492917847027
Smi_B6,S. mitis,SMI_RS04515,0.41379310344827586,0.4641516854293939,0.44723092998955066
Smi_B6,S. mitis,SMI_RS04520,0.35514018691588783,0.3775976150556653,0.40654205607476634
Smi_B6,S. mitis,SMI_RS04525,0.46615384615384614,0.3632873122343232,0.4641025641025641
Smi_B6,S. mitis,SMI_RS04530,0.2558139534883721,0.32386954826195447,0.2930232558139535
Smi_B6,S. mitis,SMI_RS04535,0.1787709497206704,0.44154809427550484,0.25884543761638734
Smi_B6,S. mitis,SMI_RS04540,0.19858156028368795,0.36703689727335803,0.28132387706855794
Smi_B6,S. mitis,SMI_RS04555,0.296,0.29731006019419354,0.368
Smi_B6,S. mitis,SMI_RS04570,0.4393203883495146,0.3901384151707802,0.44215210355987056
Smi_B6,S. mitis,SMI_RS04575,0.2961876832844575,0.5105869101261808,0.41935483870967744
Smi_B6,S. mitis,SMI_RS04580,0.3399390243902439,0.508298263318173,0.3948170731707317
Smi_B6,S. mitis,SMI_RS04600,0.19201995012468828,0.7857218358125084,0.4089775561097257
Smi_B6,S. mitis,SMI_RS04605,0.29518072289156627,0.39836030706058523,0.38755020080321284
Smi_B6,S. mitis,SMI_RS04610,0.33695652173913043,0.365526342229781,0.4178743961352657
Smi_B6,S. mitis,SMI_RS04620,0.36186770428015563,0.5826984731760608,0.42282749675745784
Smi_B6,S. mitis,SMI_RS04625,0.3491686460807601,0.48958660107376867,0.4235946159936659
Smi_B6,S. mitis,SMI_RS04630,0.4156479217603912,0.37593193775428574,0.4539527302363488
Smi_B6,S. mitis,SMI_RS04635,0.34265734265734266,0.4410530395688338,0.4125874125874126
Smi_B6,S. mitis,SMI_RS04640,0.386411889596603,0.5039503446296668,0.4210898796886058
Smi_B6,S. mitis,SMI_RS04645,0.28502415458937197,0.4629192764533758,0.39049919484702095
Smi_B6,S. mitis,SMI_RS04650,0.37027027027027026,0.29439338556514044,0.34864864864864864
Smi_B6,S. mitis,SMI_RS04655,0.3458646616541353,0.8103610090684507,0.44360902255639095
Smi_B6,S. mitis,SMI_RS04660,0.3739612188365651,0.3656502216620533,0.41458910433979684
Smi_B6,S. mitis,SMI_RS04665,0.40797546012269936,0.3861216253867702,0.43558282208588955
Smi_B6,S. mitis,SMI_RS04670,0.5424164524421594,0.27746712420587394,0.4592973436161097
Smi_B6,S. mitis,SMI_RS04675,0.21904761904761905,0.8029974478980798,0.38095238095238093
Smi_B6,S. mitis,SMI_RS04680,0.4,0.3059214450983915,0.4144927536231884
Smi_B6,S. mitis,SMI_RS04690,0.5398457583547558,0.2771122114054665,0.45844044558697516
Smi_B6,S. mitis,SMI_RS04695,0.38613861386138615,0.35885974930796355,0.41034103410341033
Smi_B6,S. mitis,SMI_RS04700,0.45454545454545453,0.28523596615512503,0.4004329004329004
Smi_B6,S. mitis,SMI_RS04705,0.41216216216216217,0.3199422853230374,0.45157657657657657
Smi_B6,S. mitis,SMI_RS04715,0.3057324840764331,0.4115808050971597,0.37154989384288745
Smi_B6,S. mitis,SMI_RS04720,0.4135135135135135,0.3613571844662041,0.45495495495495497
Smi_B6,S. mitis,SMI_RS04725,0.37292161520190026,0.36861663662651756,0.44576405384006335
Smi_B6,S. mitis,SMI_RS04730,0.37218045112781956,0.32407924610709654,0.4674185463659148
Smi_B6,S. mitis,SMI_RS04735,0.4131455399061033,0.349612678117248,0.4522691705790297
Smi_B6,S. mitis,SMI_RS04740,0.4444444444444444,0.2824452352346826,0.42424242424242425
Smi_B6,S. mitis,SMI_RS04745,0.4811320754716981,0.31793428794878525,0.4528301886792453
Smi_B6,S. mitis,SMI_RS04750,0.3931034482758621,0.3595232744225459,0.4241379310344828
Smi_B6,S. mitis,SMI_RS04755,0.24147727272727273,0.32270960505959323,0.35132575757575757
Smi_B6,S. mitis,SMI_RS04760,0.27194860813704497,0.3709531235468256,0.3433261955745896
Smi_B6,S. mitis,SMI_RS04765,0.2334293948126801,0.3742737258968349,0.356388088376561
Smi_B6,S. mitis,SMI_RS04770,0.2339622641509434,0.41200860963528346,0.30943396226415093
Smi_B6,S. mitis,SMI_RS04775,0.2549019607843137,0.28440981806092985,0.315359477124183
Smi_B6,S. mitis,SMI_RS04780,0.19954648526077098,0.34087629393653857,0.31065759637188206
Smi_B6,S. mitis,SMI_RS04785,0.36629213483146067,0.44198119122094176,0.4419475655430712
Smi_B6,S. mitis,SMI_RS04790,0.34552845528455284,0.5304853270872465,0.44173441734417346
Smi_B6,S. mitis,SMI_RS04795,0.3387096774193548,0.6320684059532427,0.42473118279569894
Smi_B6,S. mitis,SMI_RS04800,0.48771929824561405,0.3834626643821895,0.45263157894736844
Smi_B6,S. mitis,SMI_RS04810,0.41492537313432837,0.34614942143092564,0.445771144278607
Smi_B6,S. mitis,SMI_RS04815,0.42105263157894735,0.3156854795127814,0.4052631578947368
Smi_B6,S. mitis,SMI_RS04820,0.37142857142857144,0.3406313194152325,0.43333333333333335
Smi_B6,S. mitis,SMI_RS04825,0.4149933065595716,0.2752772174564035,0.4069611780455154
Smi_B6,S. mitis,SMI_RS04830,0.4387755102040816,0.2485723328401896,0.39965986394557823
Smi_B6,S. mitis,SMI_RS04835,0.369620253164557,0.30954505330597554,0.3721518987341772
Smi_B6,S. mitis,SMI_RS04840,0.327683615819209,0.48769500941436666,0.3973634651600753
Smi_B6,S. mitis,SMI_RS04850,0.325,0.752275281287921,0.4222222222222222
Smi_B6,S. mitis,SMI_RS04855,0.30708661417322836,0.4542766261406805,0.4120734908136483
Smi_B6,S. mitis,SMI_RS04860,0.5501285347043702,0.2738937702886004,0.46358183376178236
Smi_B6,S. mitis,SMI_RS04865,0.39325842696629215,0.3489233257604135,0.46192259675405745
Smi_B6,S. mitis,SMI_RS04870,0.3586626139817629,0.37152653839529715,0.43667679837892603
Smi_B6,S. mitis,SMI_RS04875,0.329246935201401,0.38847354633319264,0.38820782253356684
Smi_B6,S. mitis,SMI_RS04880,0.4221014492753623,0.35432662461865677,0.4221014492753623
Smi_B6,S. mitis,SMI_RS04885,0.40963855421686746,0.42286498445644444,0.41566265060240964
Smi_B6,S. mitis,SMI_RS04890,0.38636363636363635,0.3192136992208323,0.4015151515151515
Smi_B6,S. mitis,SMI_RS04895,0.4633333333333333,0.3695433050813797,0.43777777777777777
Smi_B6,S. mitis,SMI_RS04900,0.44,0.2980038113153618,0.4533333333333333
Smi_B6,S. mitis,SMI_RS04905,0.38613861386138615,0.36068850607113084,0.43399339933993397
Smi_B6,S. mitis,SMI_RS04910,0.39,0.30962030589240463,0.42916666666666664
Smi_B6,S. mitis,SMI_RS04925,0.4119897959183674,0.3481752740818503,0.4332482993197279
Smi_B6,S. mitis,SMI_RS04930,0.4358974358974359,0.33455006926428993,0.45085470085470086
Smi_B6,S. mitis,SMI_RS04935,0.4181184668989547,0.41611427914008436,0.42857142857142855
Smi_B6,S. mitis,SMI_RS04940,0.1689909762100082,0.47553963913181097,0.4030626196335794
Smi_B6,S. mitis,SMI_RS04945,0.36477987421383645,0.31145764419689215,0.3888888888888889
Smi_B6,S. mitis,SMI_RS04950,0.37603993344425957,0.4341827634563791,0.41098169717138106
Smi_B6,S. mitis,SMI_RS04955,0.39915966386554624,0.3452623339182977,0.42997198879551823
Smi_B6,S. mitis,SMI_RS04960,0.2779552715654952,0.5697687346044527,0.36741214057507987
Smi_B6,S. mitis,SMI_RS04965,0.36764705882352944,0.303789721439327,0.3937908496732026
Smi_B6,S. mitis,SMI_RS04970,0.3248053392658509,0.4656730039940091,0.37300704486466446
Smi_B6,S. mitis,SMI_RS04975,0.5526992287917738,0.2717870295634992,0.46272493573264784
Smi_B6,S. mitis,SMI_RS04980,0.5475578406169666,0.27382974740153293,0.46186803770351326
Smi_B6,S. mitis,SMI_RS04985,0.27710843373493976,0.5452319416688022,0.39558232931726905
Smi_B6,S. mitis,SMI_RS04990,0.370242214532872,0.3545118979752678,0.4209919261822376
Smi_B6,S. mitis,SMI_RS04995,0.35968379446640314,0.33667695288942145,0.3939393939393939
Smi_B6,S. mitis,SMI_RS05000,0.3986371379897785,0.30880867625132535,0.42191936399772856
Smi_B6,S. mitis,SMI_RS05005,0.35945945945945945,0.4962772494604337,0.43423423423423424
Smi_B6,S. mitis,SMI_RS05010,0.32727272727272727,0.41256336650058983,0.3939393939393939
Smi_B6,S. mitis,SMI_RS05015,0.3706896551724138,0.3576770472863401,0.4013409961685824
Smi_B6,S. mitis,SMI_RS05020,0.38687782805429866,0.3027223816602448,0.4095022624434389
Smi_B6,S. mitis,SMI_RS05035,0.34782608695652173,0.47153443970310177,0.4431731502669718
Smi_B6,S. mitis,SMI_RS05040,0.3184713375796178,0.47441029046141897,0.4033970276008493
Smi_B6,S. mitis,SMI_RS05045,0.37056504599211565,0.38490916874816117,0.4060446780551905
Smi_B6,S. mitis,SMI_RS05055,0.180478376419425,0.588128088605172,0.3844729000563743
Smi_B6,S. mitis,SMI_RS05060,0.3191489361702128,0.3461314059001714,0.3852353320438427
Smi_B6,S. mitis,SMI_RS05065,0.30952380952380953,0.6211643683473222,0.4444444444444444
Smi_B6,S. mitis,SMI_RS05070,0.2689243027888446,0.8265473987632953,0.4037184594953519
Smi_B6,S. mitis,SMI_RS05075,0.2948328267477204,0.7727442064442559,0.42451874366767983
Smi_B6,S. mitis,SMI_RS05080,0.37667071688942894,0.42473382803562276,0.4333738355609559
Smi_B6,S. mitis,SMI_RS05085,0.20161290322580644,0.38848426488039267,0.32123655913978494
Smi_B6,S. mitis,SMI_RS05090,0.39473684210526316,0.46347631494161234,0.40100250626566414
Smi_B6,S. mitis,SMI_RS05095,0.3372365339578454,0.46877309658379074,0.42935206869633097
Smi_B6,S. mitis,SMI_RS05100,0.43820224719101125,0.3496253628089094,0.40823970037453183
Smi_B6,S. mitis,SMI_RS05105,0.3924914675767918,0.33732001943543494,0.45164960182025027
Smi_B6,S. mitis,SMI_RS05110,0.460093896713615,0.3370754033603126,0.4350547730829421
Smi_B6,S. mitis,SMI_RS05115,0.37360178970917224,0.3153423667253086,0.43027591349739003
Smi_B6,S. mitis,SMI_RS05125,0.3938356164383562,0.3285875636293402,0.4360730593607306
Smi_B6,S. mitis,SMI_RS05130,0.4117647058823529,0.3098976508852238,0.44362745098039214
Smi_B6,S. mitis,SMI_RS05135,0.3402777777777778,0.3612401535284984,0.36574074074074076
Smi_B6,S. mitis,SMI_RS05140,0.4172661870503597,0.360564408659675,0.42985611510791366
Smi_B6,S. mitis,SMI_RS05145,0.37037037037037035,0.45804239019747345,0.4334705075445816
Smi_B6,S. mitis,SMI_RS05150,0.39144736842105265,0.42458534583182084,0.43585526315789475
Smi_B6,S. mitis,SMI_RS05155,0.31446540880503143,0.4123906294636431,0.37735849056603776
Smi_B6,S. mitis,SMI_RS05160,0.27450980392156865,0.6769108408293152,0.4084967320261438
Smi_B6,S. mitis,SMI_RS05165,0.3597560975609756,0.6786897380805064,0.41192411924119243
Smi_B6,S. mitis,SMI_RS05170,0.2842809364548495,0.41090178627676915,0.38127090301003347
Smi_B6,S. mitis,SMI_RS05175,0.3028169014084507,0.74331415433885,0.4107981220657277
Smi_B6,S. mitis,SMI_RS05180,0.3081395348837209,0.693258938217512,0.3953488372093023
Smi_B6,S. mitis,SMI_RS05185,0.27741935483870966,0.47829126508841463,0.4010752688172043
Smi_B6,S. mitis,SMI_RS05190,0.2782874617737003,0.6924301028529688,0.4148827726809378
Smi_B6,S. mitis,SMI_RS05195,0.2774566473988439,0.49185458162939005,0.3988439306358382
Smi_B6,S. mitis,SMI_RS05200,0.3146853146853147,0.4424359273573983,0.38461538461538464
Smi_B6,S. mitis,SMI_RS05205,0.31446540880503143,0.3335136740195073,0.3438155136268344
Smi_B6,S. mitis,SMI_RS05210,0.2983606557377049,0.2940180668908682,0.3639344262295082
Smi_B6,S. mitis,SMI_RS10770,0.3027027027027027,0.2861341093759494,0.3387387387387387
Smi_B6,S. mitis,SMI_RS05220,0.2074688796680498,0.35498713900434553,0.31673582295988933
Smi_B6,S. mitis,SMI_RS05225,0.3333333333333333,0.30875652314669455,0.35722819593787336
Smi_B6,S. mitis,SMI_RS05230,0.3490566037735849,0.4115014841292491,0.4119496855345912
Smi_B6,S. mitis,SMI_RS05235,0.2925531914893617,0.5707412110538767,0.3947990543735225
Smi_B6,S. mitis,SMI_RS05240,0.326226012793177,0.5558301316201406,0.39872068230277186
Smi_B6,S. mitis,SMI_RS05250,0.328125,0.3926394168920284,0.3658854166666667
Smi_B6,S. mitis,SMI_RS05255,0.4751552795031056,0.45983983885241947,0.422360248447205
Smi_B6,S. mitis,SMI_RS05260,0.4097222222222222,0.5732807301104534,0.4199074074074074
Smi_B6,S. mitis,SMI_RS05275,0.32525951557093424,0.6924225373851476,0.4261822376009227
Smi_B6,S. mitis,SMI_RS05280,0.44242424242424244,0.3234299875230726,0.4080808080808081
Smi_B6,S. mitis,SMI_RS05285,0.39444444444444443,0.275968998338249,0.40370370370370373
Smi_B6,S. mitis,SMI_RS05290,0.2727272727272727,0.3412116063995234,0.3808080808080808
Smi_B6,S. mitis,SMI_RS05295,0.288135593220339,0.44068531839659536,0.3314500941619586
Smi_B6,S. mitis,SMI_RS05300,0.2727272727272727,0.46040572908809063,0.403030303030303
Smi_B6,S. mitis,SMI_RS05305,0.2916666666666667,0.4085535335310999,0.40625
Smi_B6,S. mitis,SMI_RS05315,0.3939393939393939,0.33717448163240515,0.42712842712842713
Smi_B6,S. mitis,SMI_RS05320,0.4036697247706422,0.31223327658569017,0.44801223241590216
Smi_B6,S. mitis,SMI_RS05325,0.44516129032258067,0.3383997375390193,0.44086021505376344
Smi_B6,S. mitis,SMI_RS05330,0.37825059101654845,0.41172786214845525,0.4397163120567376
Smi_B6,S. mitis,SMI_RS05335,0.43458980044345896,0.309387361452514,0.42276422764227645
Smi_B6,S. mitis,SMI_RS05345,0.33613445378151263,0.3618910541197775,0.38468720821662
Smi_B6,S. mitis,SMI_RS05350,0.2602739726027397,0.4215668293938752,0.3013698630136986
Smi_B6,S. mitis,SMI_RS05355,0.3771760154738878,0.30724821261886154,0.4274661508704062
Smi_B6,S. mitis,SMI_RS05360,0.36153846153846153,0.36698284296303224,0.41410256410256413
Smi_B6,S. mitis,SMI_RS05365,0.39436619718309857,0.40177096366517007,0.41431924882629106
Smi_B6,S. mitis,SMI_RS05370,0.21139166177334115,0.4464952341526132,0.38598551575650814
Smi_B6,S. mitis,SMI_RS05375,0.3969465648854962,0.2905317596436799,0.4173027989821883
Smi_B6,S. mitis,SMI_RS05380,0.42070665571076415,0.33902116986350694,0.42618460695699806
Smi_B6,S. mitis,SMI_RS05385,0.4175824175824176,0.30683364953515996,0.42887667887667885
Smi_B6,S. mitis,SMI_RS05390,0.5501285347043702,0.2738937702886004,0.46358183376178236
Smi_B6,S. mitis,SMI_RS05395,0.4,0.358673364340428,0.43950617283950616
Smi_B6,S. mitis,SMI_RS05400,0.3333333333333333,0.3508507950665053,0.37623762376237624
Smi_B6,S. mitis,SMI_RS05405,0.3386454183266932,0.34176267862161763,0.3798140770252324
Smi_B6,S. mitis,SMI_RS05410,0.3856655290102389,0.2852216264395455,0.3856655290102389
Smi_B6,S. mitis,SMI_RS05415,0.3418803418803419,0.3432605323550825,0.3732193732193732
Smi_B6,S. mitis,SMI_RS05420,0.34913793103448276,0.38909405807232395,0.4267241379310345
Smi_B6,S. mitis,SMI_RS05430,0.3861236802413273,0.37838229022761516,0.37858220211161386
Smi_B6,S. mitis,SMI_RS05435,0.43478260869565216,0.3999527789863046,0.43478260869565216
Smi_B6,S. mitis,SMI_RS05440,0.2286282306163022,0.3741794959260462,0.35056328694499667
Smi_B6,S. mitis,SMI_RS05445,0.2100456621004566,0.4161222757095766,0.3531202435312024
Smi_B6,S. mitis,SMI_RS05455,0.42,0.2583627923820435,0.44
Smi_B6,S. mitis,SMI_RS05460,0.3901408450704225,0.3707974463042669,0.444131455399061
Smi_B6,S. mitis,SMI_RS05465,0.25984251968503935,0.37738955746299363,0.32808398950131235
Smi_B6,S. mitis,SMI_RS05470,0.41721854304635764,0.2851780358916514,0.4271523178807947
Smi_B6,S. mitis,SMI_RS05475,0.46691176470588236,0.30414767617330535,0.4178921568627451
Smi_B6,S. mitis,SMI_RS05490,0.5604026845637584,0.2876105514080972,0.470917225950783
Smi_B6,S. mitis,SMI_RS05495,0.28451882845188287,0.3327253892248344,0.3500697350069735
Smi_B6,S. mitis,SMI_RS05500,0.3557692307692308,0.39589829790143216,0.3782051282051282
Smi_B6,S. mitis,SMI_RS05510,0.21278195488721804,0.4140761255671471,0.3172932330827068
Smi_B6,S. mitis,SMI_RS05515,0.22033898305084745,0.3389261337566928,0.3239171374764595
Smi_B6,S. mitis,SMI_RS05525,0.21739130434782608,0.38210160137858085,0.3422847399829497
Smi_B6,S. mitis,SMI_RS05535,0.21451104100946372,0.343639400585721,0.31545741324921134
Smi_B6,S. mitis,SMI_RS05540,0.1986754966887417,0.37982079346279235,0.28421633554083886
Smi_B6,S. mitis,SMI_RS05545,0.251063829787234,0.3806270351879956,0.3177304964539007
Smi_B6,S. mitis,SMI_RS05550,0.20634920634920634,0.3983202593512598,0.27336860670194
Smi_B6,S. mitis,SMI_RS05560,0.1752136752136752,0.36149117132305,0.28062678062678065
Smi_B6,S. mitis,SMI_RS05565,0.2012012012012012,0.41302553962914645,0.30930930930930933
Smi_B6,S. mitis,SMI_RS05575,0.1863799283154122,0.4869942839100827,0.31899641577060933
Smi_B6,S. mitis,SMI_RS05580,0.23346303501945526,0.36026585656286886,0.35927367055771725
Smi_B6,S. mitis,SMI_RS05585,0.23270440251572327,0.2939162900593508,0.3228511530398323
Smi_B6,S. mitis,SMI_RS05590,0.2565789473684211,0.3292639637224146,0.3223684210526316
Smi_B6,S. mitis,SMI_RS05595,0.3694158075601375,0.35153857660183957,0.3900343642611684
Smi_B6,S. mitis,SMI_RS05605,0.35034013605442177,0.40343613326618066,0.37528344671201813
Smi_B6,S. mitis,SMI_RS05610,0.3192982456140351,0.3680367459367562,0.4070175438596491
Smi_B6,S. mitis,SMI_RS05615,0.36363636363636365,0.35207736528865957,0.3806060606060606
Smi_B6,S. mitis,SMI_RS05625,0.23821339950372208,0.27612559765233113,0.29942100909842845
Smi_B6,S. mitis,SMI_RS05630,0.30049261083743845,0.30151112574131084,0.3333333333333333
Smi_B6,S. mitis,SMI_RS05635,0.2097902097902098,0.33692368063088085,0.3123543123543124
Smi_B6,S. mitis,SMI_RS05640,0.258974358974359,0.30779222367949943,0.3076923076923077
Smi_B6,S. mitis,SMI_RS05645,0.25770308123249297,0.3690851180465546,0.32866479925303455
Smi_B6,S. mitis,SMI_RS05650,0.21261682242990654,0.3149755482352281,0.30218068535825543
Smi_B6,S. mitis,SMI_RS05655,0.1826086956521739,0.35456802857113456,0.2985507246376812
Smi_B6,S. mitis,SMI_RS05660,0.1843137254901961,0.32517293803491404,0.33464052287581697
Smi_B6,S. mitis,SMI_RS05670,0.2857142857142857,0.4338983784073707,0.345679012345679
Smi_B6,S. mitis,SMI_RS05675,0.3708609271523179,0.41792505965723387,0.4091243561442237
Smi_B6,S. mitis,SMI_RS05680,0.39692307692307693,0.4020627532463182,0.40102564102564103
Smi_B6,S. mitis,SMI_RS05685,0.36585365853658536,0.3368950251718904,0.408130081300813
Smi_B6,S. mitis,SMI_RS05690,0.4246153846153846,0.37016713222057224,0.39076923076923076
Smi_B6,S. mitis,SMI_RS05695,0.36754176610978523,0.4954068929122905,0.4335719968178202
Smi_B6,S. mitis,SMI_RS05700,0.22916666666666666,0.39195236856068516,0.3726851851851852
Smi_B6,S. mitis,SMI_RS05705,0.3781094527363184,0.3170868242980055,0.43449419568822556
Smi_B6,S. mitis,SMI_RS05710,0.3010752688172043,0.3549799496632452,0.3942652329749104
Smi_B6,S. mitis,SMI_RS05715,0.41388888888888886,0.46068278622762815,0.4527777777777778
Smi_B6,S. mitis,SMI_RS05720,0.20625,0.39893691998821046,0.30416666666666664
Smi_B6,S. mitis,SMI_RS05725,0.42,0.32299537412438806,0.4166666666666667
Smi_B6,S. mitis,SMI_RS05735,0.37117903930131,0.42532156630007767,0.43085880640465796
Smi_B6,S. mitis,SMI_RS05740,0.33974358974358976,0.48200484795360404,0.42948717948717946
Smi_B6,S. mitis,SMI_RS05745,0.30362116991643456,0.5778528397381189,0.4308263695450325
Smi_B6,S. mitis,SMI_RS05755,0.3352941176470588,0.45493400178367777,0.36666666666666664
Smi_B6,S. mitis,SMI_RS05760,0.25,0.31294825482669947,0.28935185185185186
Smi_B6,S. mitis,SMI_RS05765,0.29133858267716534,0.6643325886791442,0.3937007874015748
Smi_B6,S. mitis,SMI_RS05770,0.3287671232876712,0.3782870315692153,0.3680365296803653
Smi_B6,S. mitis,SMI_RS05775,0.35194174757281554,0.41956723879003777,0.42637540453074435
Smi_B6,S. mitis,SMI_RS05780,0.3826291079812207,0.2613842418009557,0.4014084507042254
Smi_B6,S. mitis,SMI_RS10925,0.28539156626506024,0.44269605538460416,0.3918172690763052
Smi_B6,S. mitis,SMI_RS05790,0.25121241513094084,0.40858863883672014,0.3818299385709667
Smi_B6,S. mitis,SMI_RS05795,0.27124183006535946,0.3918346461477259,0.3779956427015251
Smi_B6,S. mitis,SMI_RS05805,0.3642241379310345,0.3103056809111759,0.40804597701149425
Smi_B6,S. mitis,SMI_RS05810,0.2804232804232804,0.48659814397445866,0.37566137566137564
Smi_B6,S. mitis,SMI_RS05820,0.30597014925373134,0.38099484303889763,0.376865671641791
Smi_B6,S. mitis,SMI_RS05835,0.275,0.4406532046399637,0.38452380952380955
Smi_B6,S. mitis,SMI_RS05840,0.3003533568904594,0.3528602933495008,0.3651354534746761
Smi_B6,S. mitis,SMI_RS05845,0.24836601307189543,0.430809496094315,0.37363834422657954
Smi_B6,S. mitis,SMI_RS05850,0.2961672473867596,0.5218619844720955,0.413472706155633
Smi_B6,S. mitis,SMI_RS05855,0.3145539906103286,0.3445190667306718,0.3935837245696401
Smi_B6,S. mitis,SMI_RS05860,0.27717391304347827,0.3828522649672838,0.34782608695652173
Smi_B6,S. mitis,SMI_RS05865,0.25476190476190474,0.41995788379532073,0.39285714285714285
Smi_B6,S. mitis,SMI_RS05870,0.5424164524421594,0.2766444444753325,0.4592973436161097
Smi_B6,S. mitis,SMI_RS05875,0.2988505747126437,0.8364109486002792,0.43524904214559385
Smi_B6,S. mitis,SMI_RS05880,0.20134228187919462,0.4687532174192127,0.3534675615212528
Smi_B6,S. mitis,SMI_RS05885,0.2768817204301075,0.3861024645037549,0.4175627240143369
Smi_B6,S. mitis,SMI_RS05890,0.32558139534883723,0.3045440550969842,0.3984496124031008
Smi_B6,S. mitis,SMI_RS05895,0.3619246861924686,0.4208777238260715,0.41352859135285913
Smi_B6,S. mitis,SMI_RS05900,0.2657894736842105,0.5243690712066186,0.3719298245614035
Smi_B6,S. mitis,SMI_RS05905,0.30971128608923887,0.5175714888240512,0.4111986001749781
Smi_B6,S. mitis,SMI_RS05910,0.38724727838258166,0.382349395554057,0.4048729911871436
Smi_B6,S. mitis,SMI_RS05915,0.5424164524421594,0.2747533392420396,0.4592973436161097
Smi_B6,S. mitis,SMI_RS05920,0.3763157894736842,0.4040706826672504,0.41973684210526313
Smi_B6,S. mitis,SMI_RS05925,0.3460949464012251,0.37078576829764764,0.4384890250127616
Smi_B6,S. mitis,SMI_RS05930,0.3511450381679389,0.30730769259216567,0.3842239185750636
Smi_B6,S. mitis,SMI_RS05935,0.3576388888888889,0.34024548450686637,0.3715277777777778
Smi_B6,S. mitis,SMI_RS05940,0.4069400630914827,0.38522738592169364,0.41430073606729756
Smi_B6,S. mitis,SMI_RS05945,0.33507853403141363,0.678162626186186,0.4328097731239092
Smi_B6,S. mitis,SMI_RS05950,0.3275862068965517,0.6424199100312218,0.41954022988505746
Smi_B6,S. mitis,SMI_RS05955,0.3925925925925926,0.3387156835861343,0.41975308641975306
Smi_B6,S. mitis,SMI_RS05960,0.3488888888888889,0.3296916930770653,0.39111111111111113
Smi_B6,S. mitis,SMI_RS05965,0.3050847457627119,0.4162249241800262,0.3912429378531073
Smi_B6,S. mitis,SMI_RS05970,0.3730964467005076,0.3603487888202109,0.4137055837563452
Smi_B6,S. mitis,SMI_RS05975,0.3076923076923077,0.5634868343487207,0.4256410256410256
Smi_B6,S. mitis,SMI_RS05980,0.42474916387959866,0.30059252468243275,0.4269788182831661
Smi_B6,S. mitis,SMI_RS05985,0.42857142857142855,0.29611248081428543,0.42735042735042733
Smi_B6,S. mitis,SMI_RS05990,0.42857142857142855,0.2925973638937831,0.42410714285714285
Smi_B6,S. mitis,SMI_RS05995,0.4052631578947368,0.35977339784724743,0.3894736842105263
Smi_B6,S. mitis,SMI_RS06000,0.29375,0.5292041018490773,0.40208333333333335
Smi_B6,S. mitis,SMI_RS06005,0.3548387096774194,0.37645472942124825,0.4336917562724014
Smi_B6,S. mitis,SMI_RS06010,0.41379310344827586,0.47134233605090076,0.367816091954023
Smi_B6,S. mitis,SMI_RS06020,0.4205607476635514,0.33210649044258195,0.42679127725856697
Smi_B6,S. mitis,SMI_RS06025,0.391304347826087,0.42113414197380766,0.41304347826086957
Smi_B6,S. mitis,SMI_RS06030,0.42290748898678415,0.2762586351314732,0.4199706314243759
Smi_B6,S. mitis,SMI_RS06035,0.40445026178010474,0.38481162134629254,0.4341186736474695
Smi_B6,S. mitis,SMI_RS06040,0.3590664272890485,0.5036529023923461,0.43925792938360264
Smi_B6,S. mitis,SMI_RS06045,0.4,0.3864289295632432,0.4
Smi_B6,S. mitis,SMI_RS06050,0.3804347826086957,0.30787443149191884,0.42934782608695654
Smi_B6,S. mitis,SMI_RS06055,0.3617021276595745,0.370104944081218,0.3900709219858156
Smi_B6,S. mitis,SMI_RS06060,0.35795454545454547,0.34772852627131096,0.38636363636363635
Smi_B6,S. mitis,SMI_RS06065,0.3488372093023256,0.3650228809698771,0.4108527131782946
Smi_B6,S. mitis,SMI_RS06070,0.37735849056603776,0.39637734443069467,0.42557651991614254
Smi_B6,S. mitis,SMI_RS06075,0.2883435582822086,0.36294770563355255,0.3537832310838446
Smi_B6,S. mitis,SMI_RS06080,0.28191489361702127,0.4012023103069748,0.324468085106383
Smi_B6,S. mitis,SMI_RS06085,0.444947209653092,0.34874449159994964,0.44746103569632983
Smi_B6,S. mitis,SMI_RS06090,0.3333333333333333,0.2825953520927558,0.3836477987421384
Smi_B6,S. mitis,SMI_RS06095,0.33933518005540164,0.5470657439335571,0.39196675900277006
Smi_B6,S. mitis,SMI_RS06100,0.4089068825910931,0.4907369958561026,0.42105263157894735
Smi_B6,S. mitis,SMI_RS06105,0.3810483870967742,0.5078651073272501,0.4213709677419355
Smi_B6,S. mitis,SMI_RS06110,0.34186046511627904,0.47256681185353866,0.42868217054263563
Smi_B6,S. mitis,SMI_RS06115,0.358974358974359,0.40765631815326236,0.4139194139194139
Smi_B6,S. mitis,SMI_RS06120,0.3849056603773585,0.3578682144985351,0.4025157232704403
Smi_B6,S. mitis,SMI_RS06125,0.3940677966101695,0.343486400067017,0.430225988700565
Smi_B6,S. mitis,SMI_RS06130,0.351931330472103,0.35816637099704884,0.4062947067238913
Smi_B6,S. mitis,SMI_RS06140,0.3373860182370821,0.4738244105400433,0.425531914893617
Smi_B6,S. mitis,SMI_RS06145,0.3923076923076923,0.549656442755316,0.45256410256410257
Smi_B6,S. mitis,SMI_RS06150,0.4292929292929293,0.3438889953340502,0.4225589225589226
Smi_B6,S. mitis,SMI_RS06155,0.4403470715835141,0.33459298305288904,0.4750542299349241
Smi_B6,S. mitis,SMI_RS06165,0.3554913294797688,0.31193133149884605,0.44701348747591524
Smi_B6,S. mitis,SMI_RS06170,0.3666026871401152,0.38037342362600635,0.4331413947536788
Smi_B6,S. mitis,SMI_RS06175,0.3926940639269406,0.3277966900391763,0.3896499238964992
Smi_B6,S. mitis,SMI_RS06180,0.3933649289099526,0.373195337435264,0.4423380726698262
Smi_B6,S. mitis,SMI_RS06185,0.4083333333333333,0.3623970411990864,0.3861111111111111
Smi_B6,S. mitis,SMI_RS06190,0.38936781609195403,0.387158250710804,0.4209770114942529
Smi_B6,S. mitis,SMI_RS06195,0.31802120141342755,0.36695586281953624,0.4040047114252061
Smi_B6,S. mitis,SMI_RS06200,0.3521739130434783,0.4748778849805043,0.35507246376811596
Smi_B6,S. mitis,SMI_RS06205,0.3856655290102389,0.35257169803888744,0.39362912400455063
Smi_B6,S. mitis,SMI_RS06210,0.30689655172413793,0.39827459659576103,0.35977011494252875
Smi_B6,S. mitis,SMI_RS06215,0.35777126099706746,0.4139013257942495,0.39589442815249265
Smi_B6,S. mitis,SMI_RS06220,0.3093220338983051,0.5059531760074446,0.3912429378531073
Smi_B6,S. mitis,SMI_RS06225,0.40524193548387094,0.3227550737733893,0.37163978494623656
Smi_B6,S. mitis,SMI_RS06230,0.30597014925373134,0.3920881786697084,0.3345771144278607
Smi_B6,S. mitis,SMI_RS06235,0.337037037037037,0.4268770532376906,0.37037037037037035
Smi_B6,S. mitis,SMI_RS06240,0.3325842696629214,0.34275700379187374,0.3805243445692884
Smi_B6,S. mitis,SMI_RS06245,0.37488196411709157,0.4769727517780665,0.4444444444444444
Smi_B6,S. mitis,SMI_RS06250,0.38055555555555554,0.44471091182170136,0.4351851851851852
Smi_B6,S. mitis,SMI_RS06255,0.39935064935064934,0.3685845234434935,0.43073593073593075
Smi_B6,S. mitis,SMI_RS06260,0.3390804597701149,0.4638946444135127,0.42337164750957856
Smi_B6,S. mitis,SMI_RS06265,0.3761904761904762,0.3305122003741165,0.44285714285714284
Smi_B6,S. mitis,SMI_RS06270,0.3314917127071823,0.4418107199302516,0.3996316758747698
Smi_B6,S. mitis,SMI_RS06275,0.37272727272727274,0.3179778648511252,0.39090909090909093
Smi_B6,S. mitis,SMI_RS06280,0.375,0.31711358275192336,0.4032051282051282
Smi_B6,S. mitis,SMI_RS06285,0.42,0.3043671917666948,0.4588888888888889
Smi_B6,S. mitis,SMI_RS06290,0.3155080213903743,0.4978497572398177,0.39037433155080214
Smi_B6,S. mitis,SMI_RS06295,0.3907563025210084,0.3619493260746103,0.40896358543417366
Smi_B6,S. mitis,SMI_RS06300,0.338785046728972,0.5767413769674478,0.43146417445482865
Smi_B6,S. mitis,SMI_RS06305,0.2962962962962963,0.3734465221242843,0.35185185185185186
Smi_B6,S. mitis,SMI_RS06310,0.2912621359223301,0.40379188348776096,0.32038834951456313
Smi_B6,S. mitis,SMI_RS06315,0.23841059602649006,0.38646287863945294,0.3708609271523179
Smi_B6,S. mitis,SMI_RS06320,0.30116959064327486,0.3592307530738498,0.37199480181936323
Smi_B6,S. mitis,SMI_RS06325,0.21153846153846154,0.3666565649880872,0.27403846153846156
Smi_B6,S. mitis,SMI_RS06330,0.2780569514237856,0.3652398433348053,0.36627582356225574
Smi_B6,S. mitis,SMI_RS06340,0.21929824561403508,0.3084660690683553,0.3084795321637427
Smi_B6,S. mitis,SMI_RS06345,0.26427255985267034,0.35949003739351837,0.3370165745856354
Smi_B6,S. mitis,SMI_RS06350,0.3988549618320611,0.4187042488021698,0.43384223918575066
Smi_B6,S. mitis,SMI_RS06355,0.4864864864864865,0.2996819762047373,0.3963963963963964
Smi_B6,S. mitis,SMI_RS06360,0.3968253968253968,0.28096971857803577,0.3835978835978836
Smi_B6,S. mitis,SMI_RS06365,0.4735632183908046,0.3244602531330306,0.4452107279693487
Smi_B6,S. mitis,SMI_RS06370,0.4684014869888476,0.4090908568470191,0.4473358116480793
Smi_B6,S. mitis,SMI_RS06375,0.20987654320987653,0.2853859940180972,0.2765432098765432
Smi_B6,S. mitis,SMI_RS06385,0.1989247311827957,0.33138833915209104,0.2724014336917563
Smi_B6,S. mitis,SMI_RS06390,0.28719723183391005,0.29339750592341923,0.3137254901960784
Smi_B6,S. mitis,SMI_RS06400,0.2,0.26226074038434166,0.2853333333333333
Smi_B6,S. mitis,SMI_RS06405,0.2,0.32833221508150257,0.2920634920634921
Smi_B6,S. mitis,SMI_RS06420,0.28448275862068967,0.8001085959686193,0.43103448275862066
Smi_B6,S. mitis,SMI_RS06425,0.3,0.32539559013589925,0.3696969696969697
Smi_B6,S. mitis,SMI_RS06430,0.416,0.2699824440130459,0.44
Smi_B6,S. mitis,SMI_RS06440,0.3783783783783784,0.5580205264520716,0.43018018018018017
Smi_B6,S. mitis,SMI_RS06445,0.3717948717948718,0.4432294616708118,0.43482905982905984
Smi_B6,S. mitis,SMI_RS06460,0.3,0.39327549320695154,0.3416666666666667
Smi_B6,S. mitis,SMI_RS06470,0.3729508196721312,0.32313249509066716,0.3797814207650273
Smi_B6,S. mitis,SMI_RS06475,0.40852575488454707,0.33549934252312547,0.41503848431024276
Smi_B6,S. mitis,SMI_RS06480,0.3728395061728395,0.38002729480760666,0.4205761316872428
Smi_B6,S. mitis,SMI_RS06485,0.36082474226804123,0.49829941011904805,0.3848797250859107
Smi_B6,S. mitis,SMI_RS06490,0.25,0.32356948278918485,0.3112244897959184
Smi_B6,S. mitis,SMI_RS11040,0.2764505119453925,0.47190026493510173,0.38794084186575656
Smi_B6,S. mitis,SMI_RS06500,0.1935483870967742,0.4107335955774218,0.33548387096774196
Smi_B6,S. mitis,SMI_RS06505,0.2492836676217765,0.36025256848091797,0.3553008595988539
Smi_B6,S. mitis,SMI_RS06510,0.33,0.6273030523143316,0.4033333333333333
Smi_B6,S. mitis,SMI_RS06520,0.34517766497461927,0.32827276871582095,0.40609137055837563
Smi_B6,S. mitis,SMI_RS06530,0.3597560975609756,0.35472036511331323,0.39227642276422764
Smi_B6,S. mitis,SMI_RS06535,0.3333333333333333,0.35913743614052795,0.42424242424242425
Smi_B6,S. mitis,SMI_RS06540,0.3557692307692308,0.28019704903965836,0.36538461538461536
Smi_B6,S. mitis,SMI_RS06545,0.37362637362637363,0.3652724933997068,0.4157509157509158
Smi_B6,S. mitis,SMI_RS06550,0.3391304347826087,0.4597558157042199,0.41956521739130437
Smi_B6,S. mitis,SMI_RS06555,0.36329588014981273,0.37265347739621835,0.383270911360799
Smi_B6,S. mitis,SMI_RS06560,0.38434163701067614,0.3733356181698315,0.4045077105575326
Smi_B6,S. mitis,SMI_RS06565,0.37037037037037035,0.46862790778162333,0.4053497942386831
Smi_B6,S. mitis,SMI_RS06570,0.33495145631067963,0.3380231871993716,0.43042071197411
Smi_B6,S. mitis,SMI_RS06575,0.38028169014084506,0.6126999629410466,0.43259557344064387
Smi_B6,S. mitis,SMI_RS06580,0.35,0.3354265174985915,0.3904761904761905
Smi_B6,S. mitis,SMI_RS06585,0.3952380952380952,0.31542406748377233,0.42698412698412697
Smi_B6,S. mitis,SMI_RS06590,0.4439252336448598,0.3196161125640557,0.40654205607476634
Smi_B6,S. mitis,SMI_RS06595,0.37073170731707317,0.36850920868135756,0.4065040650406504
Smi_B6,S. mitis,SMI_RS06600,0.36503856041131105,0.35285530569004914,0.3838903170522708
Smi_B6,S. mitis,SMI_RS06605,0.22995461422087746,0.4578492356260911,0.37367624810892586
Smi_B6,S. mitis,SMI_RS06610,0.5424164524421594,0.2738018694471215,0.4601542416452442
Smi_B6,S. mitis,SMI_RS06615,0.30177514792899407,0.46616860297363777,0.4171597633136095
Smi_B6,S. mitis,SMI_RS06625,0.18707070707070708,0.5250048712684784,0.3855892255892256
Smi_B6,S. mitis,SMI_RS06635,0.32857142857142857,0.41155165004653427,0.4380952380952381
Smi_B6,S. mitis,SMI_RS06640,0.34541577825159914,0.5821158157571352,0.4470504619758351
Smi_B6,S. mitis,SMI_RS06645,0.32764505119453924,0.46107880562681847,0.40273037542662116
Smi_B6,S. mitis,SMI_RS06650,0.33665338645418325,0.5554068717816193,0.4435590969455511
Smi_B6,S. mitis,SMI_RS06655,0.3016759776536313,0.4459321066848328,0.3370577281191806
Smi_B6,S. mitis,SMI_RS06660,0.24848484848484848,0.5181997178016864,0.37373737373737376
Smi_B6,S. mitis,SMI_RS06665,0.33613445378151263,0.4009816202075368,0.3641456582633053
Smi_B6,S. mitis,SMI_RS06675,0.358974358974359,0.44692248051797284,0.439005439005439
Smi_B6,S. mitis,SMI_RS10935,0.22179487179487178,0.4023249954882969,0.367948717948718
Smi_B6,S. mitis,SMI_RS06685,0.20987654320987653,0.33819552550995613,0.3022405121170553
Smi_B6,S. mitis,SMI_RS06690,0.21237458193979933,0.32489937797583407,0.2898550724637681
Smi_B6,S. mitis,SMI_RS06695,0.3047619047619048,0.3352318239668841,0.37777777777777777
Smi_B6,S. mitis,SMI_RS06700,0.3333333333333333,0.3825806231092387,0.4074074074074074
Smi_B6,S. mitis,SMI_RS06705,0.34108527131782945,0.3129361693734815,0.37467700258397935
Smi_B6,S. mitis,SMI_RS06710,0.3311965811965812,0.37038117297401707,0.3767806267806268
Smi_B6,S. mitis,SMI_RS06715,0.34430379746835443,0.3615849987209268,0.38059071729957805
Smi_B6,S. mitis,SMI_RS06730,0.19230769230769232,0.3356880585866407,0.3
Smi_B6,S. mitis,SMI_RS06735,0.2994011976047904,0.3806395033286431,0.37524950099800397
Smi_B6,S. mitis,SMI_RS06740,0.22065727699530516,0.3397454574029677,0.30672926447574334
Smi_B6,S. mitis,SMI_RS06745,0.3560606060606061,0.2446094788675979,0.3686868686868687
Smi_B6,S. mitis,SMI_RS06750,0.33496332518337407,0.3380047302845941,0.37571312143439284
Smi_B6,S. mitis,SMI_RS06755,0.3668639053254438,0.28888261088832523,0.3890532544378698
Smi_B6,S. mitis,SMI_RS06760,0.375366568914956,0.30277285460134806,0.41348973607038125
Smi_B6,S. mitis,SMI_RS06765,0.36774193548387096,0.3316885111724551,0.34838709677419355
Smi_B6,S. mitis,SMI_RS06775,0.2609375,0.31204906994004733,0.3567708333333333
Smi_B6,S. mitis,SMI_RS06785,0.2542372881355932,0.359422151681458,0.3531073446327684
Smi_B6,S. mitis,SMI_RS06790,0.28368794326241137,0.33369090945027946,0.3262411347517731
Smi_B6,S. mitis,SMI_RS06805,0.2663316582914573,0.3816460271852761,0.32830820770519265
Smi_B6,S. mitis,SMI_RS06810,0.32053742802303264,0.6208140588483722,0.4235444657709533
Smi_B6,S. mitis,SMI_RS06815,0.36909871244635195,0.3228657827530341,0.4177396280400572
Smi_B6,S. mitis,SMI_RS06820,0.431438127090301,0.28120012544153494,0.431438127090301
Smi_B6,S. mitis,SMI_RS06825,0.3685897435897436,0.314889595844587,0.41773504273504275
Smi_B6,S. mitis,SMI_RS06830,0.256198347107438,0.3561252222224486,0.34710743801652894
Smi_B6,S. mitis,SMI_RS06835,0.2913907284768212,0.6367283393169946,0.4282560706401766
Smi_B6,S. mitis,SMI_RS06840,0.25882352941176473,0.4999889000781273,0.3627450980392157
Smi_B6,S. mitis,SMI_RS06845,0.3229166666666667,0.311723356772459,0.33564814814814814
Smi_B6,S. mitis,SMI_RS06850,0.390745501285347,0.4118138107087105,0.4138817480719794
Smi_B6,S. mitis,SMI_RS06855,0.46558704453441296,0.3968113730702647,0.4574898785425101
Smi_B6,S. mitis,SMI_RS06860,0.43272727272727274,0.3644320021667424,0.4290909090909091
Smi_B6,S. mitis,SMI_RS06865,0.3925925925925926,0.42612109526494407,0.4312757201646091
Smi_B6,S. mitis,SMI_RS06870,0.4041994750656168,0.348846644810172,0.4374453193350831
Smi_B6,S. mitis,SMI_RS06875,0.2945205479452055,0.43713083287660487,0.3744292237442922
Smi_B6,S. mitis,SMI_RS06880,0.3802083333333333,0.3328248289863327,0.4418402777777778
Smi_B6,S. mitis,SMI_RS06885,0.32769230769230767,0.5922031588615638,0.4502564102564103
Smi_B6,S. mitis,SMI_RS06890,0.34539473684210525,0.44635222618698334,0.4232456140350877
Smi_B6,S. mitis,SMI_RS06895,0.43724696356275305,0.34067259742895983,0.43049932523616735
Smi_B6,S. mitis,SMI_RS06910,0.262987012987013,0.4580714937557027,0.3528138528138528
Smi_B6,S. mitis,SMI_RS06920,0.3022222222222222,0.37631662857989506,0.35259259259259257
Smi_B6,S. mitis,SMI_RS06925,0.33840304182509506,0.31171971766895523,0.4017743979721166
Smi_B6,S. mitis,SMI_RS06930,0.21606648199445982,0.331596693177363,0.33518005540166207
Smi_B6,S. mitis,SMI_RS06940,0.27638190954773867,0.4591434301316705,0.36515912897822445
Smi_B6,S. mitis,SMI_RS06955,0.330188679245283,0.3374937041162041,0.3789308176100629
Smi_B6,S. mitis,SMI_RS06960,0.39855072463768115,0.37590749441264815,0.4335748792270531
Smi_B6,S. mitis,SMI_RS06965,0.3613636363636364,0.3899709006848532,0.4075757575757576
Smi_B6,S. mitis,SMI_RS06970,0.35784313725490197,0.4809879573590347,0.4264705882352941
Smi_B6,S. mitis,SMI_RS06975,0.4156378600823045,0.32052661122342185,0.4375857338820302
Smi_B6,S. mitis,SMI_RS06980,0.3092105263157895,0.5475584271280687,0.4276315789473684
Smi_B6,S. mitis,SMI_RS06990,0.3346774193548387,0.431462878267366,0.40456989247311825
Smi_B6,S. mitis,SMI_RS06995,0.3857677902621723,0.34555967861140036,0.43820224719101125
Smi_B6,S. mitis,SMI_RS07000,0.33613445378151263,0.4029776561445512,0.3753501400560224
Smi_B6,S. mitis,SMI_RS07005,0.35260115606936415,0.26076938774887615,0.4373795761078998
Smi_B6,S. mitis,SMI_RS07010,0.3333333333333333,0.38174791493346766,0.4222222222222222
Smi_B6,S. mitis,SMI_RS07015,0.4228187919463087,0.34072109940281214,0.42058165548098436
Smi_B6,S. mitis,SMI_RS07020,0.44907407407407407,0.3362094058832322,0.4012345679012346
Smi_B6,S. mitis,SMI_RS07025,0.3711340206185567,0.317301605487757,0.4209621993127148
Smi_B6,S. mitis,SMI_RS07030,0.3835616438356164,0.41888671510602327,0.4589041095890411
Smi_B6,S. mitis,SMI_RS07035,0.35294117647058826,0.6937822936571371,0.4103122730573711
Smi_B6,S. mitis,SMI_RS07040,0.37337662337662336,0.36020679100729974,0.4253246753246753
Smi_B6,S. mitis,SMI_RS07045,0.2871287128712871,0.6395797233704557,0.38943894389438943
Smi_B6,S. mitis,SMI_RS07050,0.2819277108433735,0.6034011218262967,0.41124497991967873
Smi_B6,S. mitis,SMI_RS07060,0.3387334315169367,0.5299059215551031,0.41924398625429554
Smi_B6,S. mitis,SMI_RS07065,0.37254901960784315,0.5392900848271821,0.4411764705882353
Smi_B6,S. mitis,SMI_RS07070,0.23660714285714285,0.31261774014109445,0.26339285714285715
Smi_B6,S. mitis,SMI_RS07075,0.2076470588235294,0.45888389858783296,0.35549019607843135
Smi_B6,S. mitis,SMI_RS07080,0.31896551724137934,0.3649041579518237,0.3670977011494253
Smi_B6,S. mitis,SMI_RS07085,0.3425692695214106,0.4812962546631582,0.4534005037783375
Smi_B6,S. mitis,SMI_RS07090,0.3638392857142857,0.4184001229492796,0.4107142857142857
Smi_B6,S. mitis,SMI_RS07095,0.3382352941176471,0.46206081780920266,0.4056372549019608
Smi_B6,S. mitis,SMI_RS07100,0.297111416781293,0.6866627432579663,0.41357175607519486
Smi_B6,S. mitis,SMI_RS07105,0.5526992287917738,0.2715660460411862,0.4644387317909169
Smi_B6,S. mitis,SMI_RS07110,0.32038834951456313,0.41706756548745166,0.37216828478964403
Smi_B6,S. mitis,SMI_RS07115,0.3939393939393939,0.3718635514270146,0.42568542568542567
Smi_B6,S. mitis,SMI_RS07120,0.40273972602739727,0.40102296057745085,0.42100456621004567
Smi_B6,S. mitis,SMI_RS07125,0.5501285347043702,0.27202146830421947,0.46358183376178236
Smi_B6,S. mitis,SMI_RS07130,0.2694063926940639,0.4643810289024047,0.3713850837138508
Smi_B6,S. mitis,SMI_RS07135,0.31223628691983124,0.4774953128562077,0.4149085794655415
Smi_B6,S. mitis,SMI_RS07140,0.3058823529411765,0.4550651038849122,0.39738562091503266
Smi_B6,S. mitis,SMI_RS07145,0.3448275862068966,0.4518734241190065,0.406478578892372
Smi_B6,S. mitis,SMI_RS07150,0.41724137931034483,0.39922628188430953,0.43333333333333335
Smi_B6,S. mitis,SMI_RS07155,0.28165374677002586,0.6160088637005577,0.4125753660637382
Smi_B6,S. mitis,SMI_RS07165,0.3553299492385787,0.5395329373094498,0.4179357021996616
Smi_B6,S. mitis,SMI_RS07170,0.3047619047619048,0.6337427250895299,0.41904761904761906
Smi_B6,S. mitis,SMI_RS07175,0.5526992287917738,0.2728438116052003,0.4644387317909169
Smi_B6,S. mitis,SMI_RS07180,0.3717948717948718,0.37962457295976765,0.43803418803418803
Smi_B6,S. mitis,SMI_RS07185,0.3763440860215054,0.32882900308297686,0.3817204301075269
Smi_B6,S. mitis,SMI_RS07190,0.3404255319148936,0.41622434271040987,0.41962174940898345
Smi_B6,S. mitis,SMI_RS07195,0.4194373401534527,0.31923850918473107,0.4416027280477408
Smi_B6,S. mitis,SMI_RS07200,0.25287356321839083,0.3582148274982636,0.3160919540229885
Smi_B6,S. mitis,SMI_RS07205,0.41295546558704455,0.32262784774340314,0.4224021592442645
Smi_B6,S. mitis,SMI_RS07210,0.45861297539149887,0.34915210692803345,0.4354958985831469
Smi_B6,S. mitis,SMI_RS07215,0.3682539682539683,0.4920853001918408,0.42433862433862435
Smi_B6,S. mitis,SMI_RS07225,0.29904761904761906,0.3449182607329204,0.35174603174603175
Smi_B6,S. mitis,SMI_RS07235,0.35344827586206895,0.3523416230327609,0.3764367816091954
Smi_B6,S. mitis,SMI_RS07240,0.35135135135135137,0.7694476607080418,0.42454954954954954
Smi_B6,S. mitis,SMI_RS07245,0.3810160427807487,0.36867375412026354,0.4376114081996435
Smi_B6,S. mitis,SMI_RS07250,0.4435483870967742,0.37085575554235745,0.42473118279569894
Smi_B6,S. mitis,SMI_RS07255,0.45454545454545453,0.3422692501476826,0.4090909090909091
Smi_B6,S. mitis,SMI_RS07265,0.4669603524229075,0.26046744164879415,0.4669603524229075
Smi_B6,S. mitis,SMI_RS07270,0.49557522123893805,0.27583907539426766,0.42920353982300885
Smi_B6,S. mitis,SMI_RS07275,0.3794466403162055,0.34224928225792756,0.42555994729907776
Smi_B6,S. mitis,SMI_RS07280,0.3633217993079585,0.5019603514774664,0.419838523644752
Smi_B6,S. mitis,SMI_RS07285,0.21296296296296297,0.30674134818531335,0.3148148148148148
Smi_B6,S. mitis,SMI_RS07290,0.3218884120171674,0.22070161021908236,0.32045779685264664
Smi_B6,S. mitis,SMI_RS07295,0.2908366533864542,0.2663077248724569,0.2908366533864542
Smi_B6,S. mitis,SMI_RS07300,0.24313725490196078,0.3229449508868554,0.338562091503268
Smi_B6,S. mitis,SMI_RS10630,0.25925925925925924,0.3209688878719743,0.38765432098765434
Smi_B6,S. mitis,SMI_RS07310,0.38388625592417064,0.4288082022215638,0.45813586097946285
Smi_B6,S. mitis,SMI_RS07315,0.39655172413793105,0.36737113526048926,0.4640804597701149
Smi_B6,S. mitis,SMI_RS07320,0.37623762376237624,0.3467365049571345,0.41089108910891087
Smi_B6,S. mitis,SMI_RS07325,0.4192634560906516,0.37145655372880954,0.42870632672332387
Smi_B6,S. mitis,SMI_RS07330,0.4079822616407982,0.42681524014673633,0.442719881744272
Smi_B6,S. mitis,SMI_RS07340,0.3177570093457944,0.3286538986883572,0.3644859813084112
Smi_B6,S. mitis,SMI_RS07345,0.28338278931750743,0.30967366939836444,0.36993076162215627
Smi_B6,S. mitis,SMI_RS07350,0.3914081145584726,0.3847033336808214,0.3715194908512331
Smi_B6,S. mitis,SMI_RS07360,0.38273615635179153,0.6328336804212774,0.4375678610206297
Smi_B6,S. mitis,SMI_RS07365,0.40082644628099173,0.2999323281144718,0.4462809917355372
Smi_B6,S. mitis,SMI_RS07370,0.359375,0.4846176787609555,0.4114583333333333
Smi_B6,S. mitis,SMI_RS07380,0.3969849246231156,0.3201713592078622,0.36515912897822445
Smi_B6,S. mitis,SMI_RS10830,0.3662551440329218,0.3060533855028991,0.37037037037037035
Smi_B6,S. mitis,SMI_RS07390,0.40922619047619047,0.3202023728032321,0.37896825396825395
Smi_B6,S. mitis,SMI_RS07395,0.363265306122449,0.35523579142648826,0.3877551020408163
Smi_B6,S. mitis,SMI_RS07415,0.5313531353135313,0.3074340158591169,0.4389438943894389
Smi_B6,S. mitis,SMI_RS07420,0.25728155339805825,0.34861268989766386,0.36084142394822005
Smi_B6,S. mitis,SMI_RS07425,0.23561346362649294,0.35359606334703036,0.33695258776692
Smi_B6,S. mitis,SMI_RS07430,0.2037914691943128,0.35054163869955807,0.33175355450236965
Smi_B6,S. mitis,SMI_RS07435,0.21014492753623187,0.32488648475236664,0.30434782608695654
Smi_B6,S. mitis,SMI_RS07440,0.23655913978494625,0.41572302239860126,0.32974910394265233
Smi_B6,S. mitis,SMI_RS07445,0.3046153846153846,0.4382838274969459,0.37948717948717947
Smi_B6,S. mitis,SMI_RS07450,0.21808510638297873,0.3826729482451704,0.31560283687943264
Smi_B6,S. mitis,SMI_RS07460,0.31456953642384106,0.37783057749037474,0.347682119205298
Smi_B6,S. mitis,SMI_RS07465,0.4523809523809524,0.30786034598912904,0.4444444444444444
Smi_B6,S. mitis,SMI_RS07470,0.4258064516129032,0.3510960131136038,0.45806451612903226
Smi_B6,S. mitis,SMI_RS07475,0.3894230769230769,0.3239998877164365,0.41346153846153844
Smi_B6,S. mitis,SMI_RS07480,0.48668280871670705,0.2837319303437108,0.4463276836158192
Smi_B6,S. mitis,SMI_RS07485,0.39322033898305087,0.3366020898546117,0.4485875706214689
Smi_B6,S. mitis,SMI_RS07495,0.48214285714285715,0.3920012986846452,0.43333333333333335
Smi_B6,S. mitis,SMI_RS07500,0.35625,0.5926946871203855,0.446875
Smi_B6,S. mitis,SMI_RS07510,0.3106796116504854,0.2953691065103729,0.3802588996763754
Smi_B6,S. mitis,SMI_RS07515,0.41986062717770034,0.3113121034684259,0.4372822299651568
Smi_B6,S. mitis,SMI_RS07520,0.28730964467005077,0.4898516161843994,0.38934010152284265
Smi_B6,S. mitis,SMI_RS07525,0.3617021276595745,0.34332848887508055,0.44148936170212766
Smi_B6,S. mitis,SMI_RS07530,0.42021276595744683,0.3156985823835055,0.4237588652482269
Smi_B6,S. mitis,SMI_RS07535,0.46747967479674796,0.27741850543207486,0.4254742547425474
Smi_B6,S. mitis,SMI_RS07540,0.40431266846361186,0.36753489184419225,0.4249775381850854
Smi_B6,S. mitis,SMI_RS07545,0.42021276595744683,0.3995587730554277,0.425531914893617
Smi_B6,S. mitis,SMI_RS07550,0.42616033755274263,0.29910916070157967,0.4345991561181435
Smi_B6,S. mitis,SMI_RS07555,0.47297297297297297,0.3107870484402297,0.4380630630630631
Smi_B6,S. mitis,SMI_RS07560,0.3804347826086957,0.30197585799503646,0.40942028985507245
Smi_B6,S. mitis,SMI_RS07565,0.38181818181818183,0.3981697599453104,0.46060606060606063
Smi_B6,S. mitis,SMI_RS07570,0.486652977412731,0.35318337818968715,0.45516769336071183
Smi_B6,S. mitis,SMI_RS07575,0.34355828220858897,0.3121323538037706,0.35991820040899797
Smi_B6,S. mitis,SMI_RS07585,0.30656934306569344,0.29778987491068604,0.36739659367396593
Smi_B6,S. mitis,SMI_RS07590,0.46153846153846156,0.35678984833066835,0.43736263736263736
Smi_B6,S. mitis,SMI_RS07600,0.27256637168141595,0.4746985686734373,0.39941002949852505
Smi_B6,S. mitis,SMI_RS07605,0.3763440860215054,0.3010835487607802,0.43727598566308246
Smi_B6,S. mitis,SMI_RS07610,0.33766233766233766,0.32453512417545066,0.40476190476190477
Smi_B6,S. mitis,SMI_RS07615,0.35280898876404493,0.4927372781737037,0.40823970037453183
Smi_B6,S. mitis,SMI_RS07620,0.3883495145631068,0.3759059820192503,0.4110032362459547
Smi_B6,S. mitis,SMI_RS07625,0.409486931268151,0.3141571890342726,0.4323975475959987
Smi_B6,S. mitis,SMI_RS07630,0.2781456953642384,0.31248156280455786,0.2980132450331126
Smi_B6,S. mitis,SMI_RS07635,0.21495327102803738,0.3707054968079268,0.2757009345794392
Smi_B6,S. mitis,SMI_RS07640,0.4087403598971722,0.3605552462676312,0.4190231362467866
Smi_B6,S. mitis,SMI_RS07645,0.4054794520547945,0.3889372080860259,0.44474885844748857
Smi_B6,S. mitis,SMI_RS07650,0.40789473684210525,0.34348963318330444,0.36622807017543857
Smi_B6,S. mitis,SMI_RS07655,0.2879019908116386,0.48390522396647984,0.3767228177641654
Smi_B6,S. mitis,SMI_RS07660,0.4805914972273567,0.3210676530235331,0.4374614910659273
Smi_B6,S. mitis,SMI_RS07665,0.4045643153526971,0.4014470327822038,0.42047026279391425
Smi_B6,S. mitis,SMI_RS07675,0.39631336405529954,0.3278897887834878,0.3763440860215054
Smi_B6,S. mitis,SMI_RS07680,0.40606060606060607,0.2850874748206666,0.4303030303030303
Smi_B6,S. mitis,SMI_RS07685,0.3333333333333333,0.6599423154533158,0.4252136752136752
Smi_B6,S. mitis,SMI_RS07695,0.424,0.2923997835508471,0.4266666666666667
Smi_B6,S. mitis,SMI_RS07700,0.4462809917355372,0.32238128130364024,0.44077134986225897
Smi_B6,S. mitis,SMI_RS07705,0.3426124197002141,0.4580288155056004,0.4097073518915061
Smi_B6,S. mitis,SMI_RS07715,0.3057324840764331,0.5176224958847601,0.43524416135881105
Smi_B6,S. mitis,SMI_RS07725,0.5501285347043702,0.2738937702886004,0.46358183376178236
Smi_B6,S. mitis,SMI_RS07730,0.390625,0.5555144672550397,0.44047619047619047
Smi_B6,S. mitis,SMI_RS07735,0.3114754098360656,0.36810094919315356,0.4016393442622951
Smi_B6,S. mitis,SMI_RS07740,0.43686868686868685,0.34979101582640876,0.4696969696969697
Smi_B6,S. mitis,SMI_RS07745,0.3496932515337423,0.34714660997511804,0.40081799591002043
Smi_B6,S. mitis,SMI_RS07750,0.40852130325814534,0.27235801718977226,0.39598997493734334
Smi_B6,S. mitis,SMI_RS07755,0.36065573770491804,0.5609088583168222,0.453551912568306
Smi_B6,S. mitis,SMI_RS07760,0.21641541038525963,0.5730080289354608,0.4353992183137912
Smi_B6,S. mitis,SMI_RS07765,0.32525252525252524,0.37249361967633926,0.3414141414141414
Smi_B6,S. mitis,SMI_RS07770,0.43621399176954734,0.34985982321785736,0.43072702331961593
Smi_B6,S. mitis,SMI_RS07775,0.27093802345058626,0.462788848403846,0.4071747627024009
Smi_B6,S. mitis,SMI_RS07780,0.3914081145584726,0.3862706360706677,0.3723150357995227
Smi_B6,S. mitis,SMI_RS07785,0.35910224438902744,0.3380540898405977,0.40482128013300084
Smi_B6,S. mitis,SMI_RS07790,0.30097437748105377,0.5344058613423472,0.4157343919162757
Smi_B6,S. mitis,SMI_RS07795,0.3030563925957813,0.5303176923845333,0.41311522456593486
Smi_B6,S. mitis,SMI_RS07800,0.448559670781893,0.3366189638013186,0.4252400548696845
Smi_B6,S. mitis,SMI_RS07810,0.48872180451127817,0.34079700119415635,0.43107769423558895
Smi_B6,S. mitis,SMI_RS07815,0.45985401459854014,0.2564784589009941,0.45012165450121655
Smi_B6,S. mitis,SMI_RS07820,0.38264738598442716,0.48035475522381277,0.44271412680756395
Smi_B6,S. mitis,SMI_RS07825,0.43037974683544306,0.3701478464002651,0.4118143459915612
Smi_B6,S. mitis,SMI_RS07830,0.4791666666666667,0.32830073944804267,0.4481837606837607
Smi_B6,S. mitis,SMI_RS07835,0.4075,0.325072098764187,0.43083333333333335
Smi_B6,S. mitis,SMI_RS07840,0.3671875,0.4044140294991474,0.4505208333333333
Smi_B6,S. mitis,SMI_RS07845,0.35335689045936397,0.39857169007794196,0.4016489988221437
Smi_B6,S. mitis,SMI_RS07855,0.35476718403547675,0.5041675358202821,0.4441980783444198
Smi_B6,S. mitis,SMI_RS07860,0.3423076923076923,0.33192677428028056,0.40512820512820513
Smi_B6,S. mitis,SMI_RS07865,0.4195804195804196,0.3060712003267997,0.4219114219114219
Smi_B6,S. mitis,SMI_RS07870,0.4055727554179567,0.4090773657114882,0.4437564499484004
Smi_B6,S. mitis,SMI_RS07875,0.48026315789473684,0.28177240297770134,0.45285087719298245
Smi_B6,S. mitis,SMI_RS07880,0.4447852760736196,0.3114567800877378,0.4560327198364008
Smi_B6,S. mitis,SMI_RS07885,0.4377104377104377,0.3764773447677907,0.44107744107744107
Smi_B6,S. mitis,SMI_RS07890,0.31496062992125984,0.5788592501177636,0.41732283464566927
Smi_B6,S. mitis,SMI_RS07895,0.4744897959183674,0.34055092414591015,0.44727891156462585
Smi_B6,S. mitis,SMI_RS07900,0.40389294403892945,0.44661826427187534,0.42660178426601786
Smi_B6,S. mitis,SMI_RS07905,0.46153846153846156,0.3308615479035475,0.43984220907297833
Smi_B6,S. mitis,SMI_RS07910,0.2832369942196532,0.6910179672724778,0.4046242774566474
Smi_B6,S. mitis,SMI_RS07915,0.33147113594040967,0.44532196824834847,0.38050900062073245
Smi_B6,S. mitis,SMI_RS07920,0.24110671936758893,0.8591849457438766,0.42424242424242425
Smi_B6,S. mitis,SMI_RS07925,0.42035398230088494,0.3173055830631538,0.4247787610619469
Smi_B6,S. mitis,SMI_RS07930,0.4,0.32817740895762854,0.41693121693121693
Smi_B6,S. mitis,SMI_RS07935,0.32748538011695905,0.5789256792510519,0.41325536062378165
Smi_B6,S. mitis,SMI_RS07940,0.2648221343873518,0.3484151529135434,0.37417654808959155
Smi_B6,S. mitis,SMI_RS07945,0.2782608695652174,0.814373761102026,0.41594202898550725
Smi_B6,S. mitis,SMI_RS07950,0.23943661971830985,0.8155163501187425,0.4131455399061033
Smi_B6,S. mitis,SMI_RS07955,0.35564853556485354,0.42161646867123087,0.42538354253835425
Smi_B6,S. mitis,SMI_RS07960,0.39490445859872614,0.26695735514829966,0.42250530785562634
Smi_B6,S. mitis,SMI_RS07965,0.36127167630057805,0.44139344046118073,0.43834296724470134
Smi_B6,S. mitis,SMI_RS07970,0.36877828054298645,0.44109668843429534,0.4253393665158371
Smi_B6,S. mitis,SMI_RS07985,0.41968911917098445,0.3273168751132385,0.44041450777202074
Smi_B6,S. mitis,SMI_RS07990,0.3683083511777302,0.5402768298715354,0.4489650249821556
Smi_B6,S. mitis,SMI_RS07995,0.37623762376237624,0.47305790311821816,0.4207920792079208
Smi_B6,S. mitis,SMI_RS08000,0.36329588014981273,0.4067939616746725,0.4069912609238452
Smi_B6,S. mitis,SMI_RS08005,0.41007194244604317,0.32033567892354176,0.42805755395683454
Smi_B6,S. mitis,SMI_RS08010,0.48214285714285715,0.32032223229466583,0.44805194805194803
Smi_B6,S. mitis,SMI_RS08015,0.4230769230769231,0.3293532506276449,0.44871794871794873
Smi_B6,S. mitis,SMI_RS08020,0.2798053527980535,0.3569618967663994,0.3560421735604217
Smi_B6,S. mitis,SMI_RS08025,0.3071253071253071,0.31045332135151577,0.3595413595413595
Smi_B6,S. mitis,SMI_RS08030,0.4153846153846154,0.32792487405578497,0.4282051282051282
Smi_B6,S. mitis,SMI_RS08035,0.40613718411552346,0.3744848817656196,0.4416365824308063
Smi_B6,S. mitis,SMI_RS08045,0.4224021592442645,0.31973080888296035,0.44174538911381017
Smi_B6,S. mitis,SMI_RS08050,0.39920948616600793,0.4345191466200241,0.4413702239789196
Smi_B6,S. mitis,SMI_RS08055,0.47547169811320755,0.3458083833570733,0.44025157232704404
Smi_B6,S. mitis,SMI_RS08065,0.4818181818181818,0.33316664676713975,0.43636363636363634
Smi_B6,S. mitis,SMI_RS08070,0.34748010610079577,0.7744083945519994,0.41732979664014147
Smi_B6,S. mitis,SMI_RS08075,0.4379310344827586,0.2965858210854535,0.4298850574712644
Smi_B6,S. mitis,SMI_RS08080,0.5038759689922481,0.3095039194153719,0.45478036175710596
Smi_B6,S. mitis,SMI_RS08085,0.43973214285714285,0.3763866947663887,0.45014880952380953
Smi_B6,S. mitis,SMI_RS08090,0.33559322033898303,0.3037499972787506,0.3943502824858757
Smi_B6,S. mitis,SMI_RS08095,0.4223300970873786,0.3605434005306847,0.48381877022653724
Smi_B6,S. mitis,SMI_RS08100,0.36720867208672087,0.5499364585776718,0.45076784101174344
Smi_B6,S. mitis,SMI_RS08105,0.4359861591695502,0.3961286151036259,0.43944636678200694
Smi_B6,S. mitis,SMI_RS08110,0.38666666666666666,0.6562616281560516,0.4328888888888889
Smi_B6,S. mitis,SMI_RS08115,0.3900709219858156,0.33561972151493197,0.3953900709219858
Smi_B6,S. mitis,SMI_RS08120,0.5263157894736842,0.27097766122387423,0.48830409356725146
Smi_B6,S. mitis,SMI_RS08125,0.5259259259259259,0.34129099476955443,0.4419753086419753
Smi_B6,S. mitis,SMI_RS08130,0.3389162561576355,0.3682538652499321,0.3668308702791461
Smi_B6,S. mitis,SMI_RS08135,0.23391812865497075,0.3570739671165398,0.31773879142300193
Smi_B6,S. mitis,SMI_RS10855,0.2647058823529412,0.30262701671791176,0.3366013071895425
Smi_B6,S. mitis,SMI_RS08150,0.4146341463414634,0.3151805629635176,0.4176829268292683
Smi_B6,S. mitis,SMI_RS08155,0.34541984732824427,0.4189552888295164,0.38740458015267176
Smi_B6,S. mitis,SMI_RS08160,0.21172638436482086,0.31450796337915954,0.2768729641693811
Smi_B6,S. mitis,SMI_RS08165,0.20286396181384247,0.34202268500780386,0.294351630867144
Smi_B6,S. mitis,SMI_RS08175,0.5339805825242718,0.2803305037808425,0.441747572815534
Smi_B6,S. mitis,SMI_RS08180,0.34797297297297297,0.5558834549465105,0.4436936936936937
Smi_B6,S. mitis,SMI_RS08185,0.3386327503974563,0.6587912773404672,0.44144144144144143
Smi_B6,S. mitis,SMI_RS08190,0.4061855670103093,0.5144456568092629,0.4274914089347079
Smi_B6,S. mitis,SMI_RS08195,0.45962732919254656,0.3417158779445718,0.4358178053830228
Smi_B6,S. mitis,SMI_RS08200,0.40705882352941175,0.301208563237043,0.46588235294117647
Smi_B6,S. mitis,SMI_RS08205,0.40664961636828645,0.3871051546616987,0.42114236999147486
Smi_B6,S. mitis,SMI_RS08210,0.38666666666666666,0.28113599257320165,0.4111111111111111
Smi_B6,S. mitis,SMI_RS08215,0.4150197628458498,0.27614353582698126,0.4321475625823452
Smi_B6,S. mitis,SMI_RS08220,0.39968404423380727,0.31720972296742916,0.4486571879936809
Smi_B6,S. mitis,SMI_RS08225,0.32793522267206476,0.3940599300968967,0.4116059379217274
Smi_B6,S. mitis,SMI_RS08230,0.408675799086758,0.30917933593590063,0.4429223744292237
Smi_B6,S. mitis,SMI_RS08235,0.3717948717948718,0.4340037842564832,0.4497863247863248
Smi_B6,S. mitis,SMI_RS08240,0.43429286608260326,0.2782595673940089,0.45640383813099705
Smi_B6,S. mitis,SMI_RS08245,0.2857142857142857,0.624108679231592,0.4031746031746032
Smi_B6,S. mitis,SMI_RS08250,0.3875598086124402,0.4002246569679612,0.4529505582137161
Smi_B6,S. mitis,SMI_RS08255,0.236,0.4025350878591297,0.3466666666666667
Smi_B6,S. mitis,SMI_RS08260,0.3828996282527881,0.46042988994750356,0.4479553903345725
Smi_B6,S. mitis,SMI_RS08265,0.23694029850746268,0.296175690179687,0.277363184079602
Smi_B6,S. mitis,SMI_RS08270,0.46994535519125685,0.26359182741847104,0.4581056466302368
Smi_B6,S. mitis,SMI_RS08275,0.4898785425101215,0.34818974922313495,0.43724696356275305
Smi_B6,S. mitis,SMI_RS08280,0.45544554455445546,0.4457988851695368,0.46534653465346537
Smi_B6,S. mitis,SMI_RS08285,0.31137724550898205,0.3139927402198696,0.3373253493013972
Smi_B6,S. mitis,SMI_RS08290,0.4494949494949495,0.3237451812892787,0.45791245791245794
Smi_B6,S. mitis,SMI_RS08295,0.5142857142857142,0.2991691118515905,0.46190476190476193
Smi_B6,S. mitis,SMI_RS08300,0.4230769230769231,0.47304400584272494,0.38782051282051283
Smi_B6,S. mitis,SMI_RS08305,0.43902439024390244,0.3617837991517754,0.4480578139114724
Smi_B6,S. mitis,SMI_RS08310,0.4659090909090909,0.30651427678906,0.45454545454545453
Smi_B6,S. mitis,SMI_RS08315,0.39072847682119205,0.3367466831166987,0.37858719646799116
Smi_B6,S. mitis,SMI_RS08320,0.39572192513368987,0.2979374566234439,0.39750445632798576
Smi_B6,S. mitis,SMI_RS08325,0.39800995024875624,0.38948110448133244,0.44112769485903813
Smi_B6,S. mitis,SMI_RS08330,0.46540880503144655,0.2868440232624215,0.45178197064989517
Smi_B6,S. mitis,SMI_RS08345,0.3789237668161435,0.3362927359861776,0.414050822122571
Smi_B6,S. mitis,SMI_RS08350,0.38095238095238093,0.36024675294437325,0.39880952380952384
Smi_B6,S. mitis,SMI_RS08355,0.3805309734513274,0.3344093965494136,0.41761483354403706
Smi_B6,S. mitis,SMI_RS08360,0.2653061224489796,0.30518844784437954,0.35600907029478457
Smi_B6,S. mitis,SMI_RS08365,0.271484375,0.3390089401147591,0.3704427083333333
Smi_B6,S. mitis,SMI_RS08370,0.2922201138519924,0.32288591257117766,0.35294117647058826
Smi_B6,S. mitis,SMI_RS08375,0.3374384236453202,0.30091203036614966,0.3669950738916256
Smi_B6,S. mitis,SMI_RS08380,0.25249169435215946,0.33945186883738776,0.33111849390919157
Smi_B6,S. mitis,SMI_RS08385,0.23558897243107768,0.333845926319828,0.3366750208855472
Smi_B6,S. mitis,SMI_RS08390,0.28255528255528256,0.36970375274142037,0.33497133497133497
Smi_B6,S. mitis,SMI_RS08395,0.1958762886597938,0.3257412469819638,0.3115693012600229
Smi_B6,S. mitis,SMI_RS08400,0.28588957055214725,0.3344237123636238,0.35173824130879344
Smi_B6,S. mitis,SMI_RS08405,0.34124629080118696,0.30454330572206867,0.3639960435212661
Smi_B6,S. mitis,SMI_RS08410,0.2901023890784983,0.32276629543746116,0.36177474402730375
Smi_B6,S. mitis,SMI_RS08415,0.3035971223021583,0.36415016882203116,0.3462829736211031
Smi_B6,S. mitis,SMI_RS11050,0.29585427135678394,0.371762982078185,0.45205192629815744
Smi_B6,S. mitis,SMI_RS08425,0.48349514563106794,0.3838583587950058,0.4576051779935275
Smi_B6,S. mitis,SMI_RS08440,0.38613861386138615,0.4649580109392904,0.44224422442244227
Smi_B6,S. mitis,SMI_RS08445,0.40286298568507156,0.49654454456815916,0.4553510565780504
Smi_B6,S. mitis,SMI_RS08450,0.45228215767634855,0.45834637669509315,0.4578146611341632
Smi_B6,S. mitis,SMI_RS08455,0.36363636363636365,0.25701294370739647,0.37626262626262624
Smi_B6,S. mitis,SMI_RS08460,0.33689839572192515,0.7827427801152632,0.40463458110516937
Smi_B6,S. mitis,SMI_RS08465,0.33076923076923076,0.5486411170062463,0.4128205128205128
Smi_B6,S. mitis,SMI_RS08470,0.35,0.47296159395385023,0.4119047619047619
Smi_B6,S. mitis,SMI_RS08475,0.3347107438016529,0.31505937720254873,0.33746556473829203
Smi_B6,S. mitis,SMI_RS08485,0.375,0.36837609333846427,0.45703125
Smi_B6,S. mitis,SMI_RS08490,0.3737024221453287,0.3858867724113532,0.4429065743944637
Smi_B6,S. mitis,SMI_RS08495,0.33771929824561403,0.38336910198131363,0.43859649122807015
Smi_B6,S. mitis,SMI_RS08500,0.45390070921985815,0.4175182919097975,0.4562647754137116
Smi_B6,S. mitis,SMI_RS08505,0.29012345679012347,0.4658776627969615,0.4279835390946502
Smi_B6,S. mitis,SMI_RS08510,0.2961165048543689,0.5290801498768495,0.42637540453074435
Smi_B6,S. mitis,SMI_RS08515,0.36475409836065575,0.36359974934168365,0.42349726775956287
Smi_B6,S. mitis,SMI_RS08520,0.3474025974025974,0.3750363060433398,0.4491341991341991
Smi_B6,S. mitis,SMI_RS08525,0.3046153846153846,0.44795746033342987,0.4369230769230769
Smi_B6,S. mitis,SMI_RS08535,0.3292307692307692,0.35911423853406044,0.4307692307692308
Smi_B6,S. mitis,SMI_RS08540,0.4206896551724138,0.33298923922394646,0.39080459770114945
Smi_B6,S. mitis,SMI_RS08545,0.35877862595419846,0.357088832677822,0.43384223918575066
Smi_B6,S. mitis,SMI_RS08550,0.36923076923076925,0.4882880470021678,0.4249084249084249
Smi_B6,S. mitis,SMI_RS08555,0.3548387096774194,0.4090562143648731,0.3924731182795699
Smi_B6,S. mitis,SMI_RS08560,0.36470588235294116,0.5764097729800545,0.4462745098039216
Smi_B6,S. mitis,SMI_RS08570,0.19827586206896552,0.2213951073146396,0.3074712643678161
Smi_B6,S. mitis,SMI_RS08580,0.30597014925373134,0.38099484303889763,0.376865671641791
Smi_B6,S. mitis,SMI_RS08600,0.4523809523809524,0.2756827425591107,0.44642857142857145
Smi_B6,S. mitis,SMI_RS08605,0.4440789473684211,0.32807029820251793,0.4155701754385965
Smi_B6,S. mitis,SMI_RS08610,0.1861198738170347,0.34634439230314223,0.2807570977917981
Smi_B6,S. mitis,SMI_RS08615,0.24587458745874588,0.36030494605327157,0.3388338833883388
Smi_B6,S. mitis,SMI_RS08620,0.3291139240506329,0.2869776672775111,0.28270042194092826
Smi_B6,S. mitis,SMI_RS08625,0.1774193548387097,0.3701611734168933,0.3064516129032258
Smi_B6,S. mitis,SMI_RS08645,0.11458333333333333,0.3360404104786498,0.2465277777777778
Smi_B6,S. mitis,SMI_RS08650,0.10687022900763359,0.38738856086221274,0.24681933842239187
Smi_B6,S. mitis,SMI_RS08665,0.3202614379084967,0.23142867336908096,0.3790849673202614
Smi_B6,S. mitis,SMI_RS08675,0.5283018867924528,0.2433453937160434,0.4477987421383648
Smi_B6,S. mitis,SMI_RS08680,0.4143646408839779,0.28569358603584394,0.3775322283609576
Smi_B6,S. mitis,SMI_RS08685,0.40594059405940597,0.2113223176794591,0.385038503850385
Smi_B6,S. mitis,SMI_RS08690,0.3469387755102041,0.279861119134075,0.38231292517006804
Smi_B6,S. mitis,SMI_RS08695,0.27241379310344827,0.30748469334755957,0.34022988505747126
Smi_B6,S. mitis,SMI_RS08700,0.38740458015267176,0.3040696369988591,0.4033078880407125
Smi_B6,S. mitis,SMI_RS08705,0.3695652173913043,0.2989206914165467,0.41304347826086957
Smi_B6,S. mitis,SMI_RS08710,0.37425742574257426,0.29087932857951343,0.38745874587458745
Smi_B6,S. mitis,SMI_RS08715,0.24470134874759153,0.29237839216898553,0.2980089916506101
Smi_B6,S. mitis,SMI_RS08720,0.27983539094650206,0.30712958531408563,0.3401920438957476
Smi_B6,S. mitis,SMI_RS08725,0.1941747572815534,0.28317473464113657,0.27346278317152106
Smi_B6,S. mitis,SMI_RS08730,0.42333333333333334,0.30046186477221876,0.43222222222222223
Smi_B6,S. mitis,SMI_RS08735,0.37158469945355194,0.4351106554273163,0.4444444444444444
Smi_B6,S. mitis,SMI_RS08740,0.42630385487528344,0.35587817560265916,0.4504913076341648
Smi_B6,S. mitis,SMI_RS08745,0.3313953488372093,0.33878702471214034,0.4024547803617571
Smi_B6,S. mitis,SMI_RS08750,0.28023598820059,0.4854325702295885,0.36774827925270404
Smi_B6,S. mitis,SMI_RS08755,0.291358024691358,0.42347323217726707,0.388477366255144
Smi_B6,S. mitis,SMI_RS08760,0.2692307692307692,0.2778295047664841,0.2987179487179487
Smi_B6,S. mitis,SMI_RS08765,0.24087591240875914,0.33879847535215124,0.34793187347931875
Smi_B6,S. mitis,SMI_RS08770,0.19607843137254902,0.457459331933399,0.30501089324618735
Smi_B6,S. mitis,SMI_RS08775,0.25,0.32594692745559256,0.31871345029239767
Smi_B6,S. mitis,SMI_RS08780,0.2046783625730994,0.4009438407312214,0.3645224171539961
Smi_B6,S. mitis,SMI_RS08785,0.23295454545454544,0.3387482081293306,0.30113636363636365
Smi_B6,S. mitis,SMI_RS08790,0.34516129032258064,0.3544738304675407,0.36989247311827955
Smi_B6,S. mitis,SMI_RS08795,0.4595635430038511,0.3050586070369092,0.4557124518613607
Smi_B6,S. mitis,SMI_RS08800,0.48633879781420764,0.28296504698470837,0.4371584699453552
Smi_B6,S. mitis,SMI_RS08805,0.4158415841584158,0.3767416928047127,0.39603960396039606
Smi_B6,S. mitis,SMI_RS08810,0.42517006802721086,0.323739402286963,0.4421768707482993
Smi_B6,S. mitis,SMI_RS08815,0.4682926829268293,0.42212435704865975,0.43577235772357725
Smi_B6,S. mitis,SMI_RS08820,0.44866920152091255,0.32769569149703554,0.44866920152091255
Smi_B6,S. mitis,SMI_RS08825,0.3107476635514019,0.8005623100020524,0.4104361370716511
Smi_B6,S. mitis,SMI_RS08840,0.5260663507109005,0.32249515511494936,0.4707740916271722
Smi_B6,S. mitis,SMI_RS08845,0.4864864864864865,0.2730475006112409,0.42542542542542544
Smi_B6,S. mitis,SMI_RS08850,0.4678111587982833,0.2919719807712815,0.3905579399141631
Smi_B6,S. mitis,SMI_RS08855,0.4391691394658754,0.30061408397111533,0.44807121661721067
Smi_B6,S. mitis,SMI_RS08860,0.4017857142857143,0.3233221963003329,0.4255952380952381
Smi_B6,S. mitis,SMI_RS08865,0.4591194968553459,0.3324464193735579,0.4528301886792453
Smi_B6,S. mitis,SMI_RS08870,0.4129692832764505,0.3018995654984927,0.4641638225255973
Smi_B6,S. mitis,SMI_RS08875,0.35987261146496813,0.39875253910340425,0.40976645435244163
Smi_B6,S. mitis,SMI_RS08880,0.44782608695652176,0.3283721977782907,0.4405797101449275
Smi_B6,S. mitis,SMI_RS08885,0.3494736842105263,0.6893109228248158,0.42736842105263156
Smi_B6,S. mitis,SMI_RS08890,0.2709677419354839,0.3890825690155548,0.3878136200716846
Smi_B6,S. mitis,SMI_RS08895,0.41968911917098445,0.3500822371562172,0.4525043177892919
Smi_B6,S. mitis,SMI_RS08905,0.32456140350877194,0.406600025808747,0.391812865497076
Smi_B6,S. mitis,SMI_RS08910,0.29545454545454547,0.3215854380422975,0.3333333333333333
Smi_B6,S. mitis,SMI_RS08915,0.3417085427135678,0.3835389097397693,0.3869346733668342
Smi_B6,S. mitis,SMI_RS08920,0.3452544704264099,0.40524549586885855,0.42090784044016505
Smi_B6,S. mitis,SMI_RS08925,0.3333333333333333,0.46735715511689063,0.40555555555555556
Smi_B6,S. mitis,SMI_RS08930,0.32697547683923706,0.484843855000266,0.3787465940054496
Smi_B6,S. mitis,SMI_RS08935,0.3824626865671642,0.42713251023081633,0.39676616915422885
Smi_B6,S. mitis,SMI_RS08940,0.44216417910447764,0.3662542700711266,0.43034825870646765
Smi_B6,S. mitis,SMI_RS08945,0.41818181818181815,0.4817890960324891,0.43973063973063975
Smi_B6,S. mitis,SMI_RS08950,0.40993788819875776,0.4636440061458276,0.44306418219461696
Smi_B6,S. mitis,SMI_RS08955,0.3826291079812207,0.2613842418009557,0.4014084507042254
Smi_B6,S. mitis,SMI_RS08960,0.32905982905982906,0.5104421974444863,0.42687559354226023
Smi_B6,S. mitis,SMI_RS08965,0.39755351681957185,0.3685611016429292,0.4108053007135576
Smi_B6,S. mitis,SMI_RS08970,0.3022636484687084,0.39743492841712047,0.39369729249889035
Smi_B6,S. mitis,SMI_RS08975,0.44339622641509435,0.31377255518319225,0.3836477987421384
Smi_B6,S. mitis,SMI_RS08980,0.45425867507886436,0.34522640430311896,0.4395373291272345
Smi_B6,S. mitis,SMI_RS08990,0.3812154696132597,0.31068199050239853,0.3848987108655617
Smi_B6,S. mitis,SMI_RS10875,0.3684210526315789,0.2765286767237232,0.3391812865497076
Smi_B6,S. mitis,SMI_RS08995,0.47150259067357514,0.3108572862764662,0.3920552677029361
Smi_B6,S. mitis,SMI_RS09000,0.4088050314465409,0.3685918147421952,0.4276729559748428
Smi_B6,S. mitis,SMI_RS09010,0.3884297520661157,0.2724159507399313,0.40771349862258954
Smi_B6,S. mitis,SMI_RS09015,0.4894067796610169,0.22720732944047525,0.4456214689265537
Smi_B6,S. mitis,SMI_RS09020,0.4978165938864629,0.2729259591749405,0.4556040756914119
Smi_B6,S. mitis,SMI_RS09030,0.2704714640198511,0.308719896861809,0.3391232423490488
Smi_B6,S. mitis,SMI_RS09040,0.21818181818181817,0.30836152187189414,0.3212121212121212
Smi_B6,S. mitis,SMI_RS09045,0.2363238512035011,0.3532427687658403,0.3384390955506929
Smi_B6,S. mitis,SMI_RS09065,0.25,0.44959626105786593,0.34595959595959597
Smi_B6,S. mitis,SMI_RS09070,0.2413793103448276,0.42620431824971694,0.30114942528735633
Smi_B6,S. mitis,SMI_RS09075,0.2229299363057325,0.3588502588647488,0.3184713375796178
Smi_B6,S. mitis,SMI_RS09080,0.175,0.34213549174438135,0.3037878787878788
Smi_B6,S. mitis,SMI_RS09085,0.19047619047619047,0.40390860007386264,0.3047619047619048
Smi_B6,S. mitis,SMI_RS09090,0.21810699588477367,0.40407577570433195,0.3058984910836763
Smi_B6,S. mitis,SMI_RS09095,0.18992248062015504,0.4240816026344908,0.30749354005167956
Smi_B6,S. mitis,SMI_RS09100,0.21509433962264152,0.3240445082455904,0.3018867924528302
Smi_B6,S. mitis,SMI_RS09110,0.2727272727272727,0.35453295003469865,0.3308763308763309
Smi_B6,S. mitis,SMI_RS09115,0.24427480916030533,0.8143323938461104,0.45038167938931295
Smi_B6,S. mitis,SMI_RS09120,0.2348993288590604,0.7727134361630549,0.3959731543624161
Smi_B6,S. mitis,SMI_RS09125,0.5449871465295629,0.27317416847919185,0.4601542416452442
Smi_B6,S. mitis,SMI_RS09130,0.395,0.3417527576491235,0.415
Smi_B6,S. mitis,SMI_RS09135,0.4228187919463087,0.3381423955125943,0.4272930648769575
Smi_B6,S. mitis,SMI_RS09140,0.35785536159601,0.5290363075454189,0.45303408146300916
Smi_B6,S. mitis,SMI_RS09150,0.42406876790830944,0.4768039957771141,0.4574976122254059
Smi_B6,S. mitis,SMI_RS09155,0.38666666666666666,0.2920936870628222,0.41333333333333333
Smi_B6,S. mitis,SMI_RS09160,0.2785714285714286,0.32905838427370393,0.36666666666666664
Smi_B6,S. mitis,SMI_RS09165,0.4470046082949309,0.3039934446166828,0.4254992319508449
Smi_B6,S. mitis,SMI_RS09170,0.42021276595744683,0.40593943306145736,0.4024822695035461
Smi_B6,S. mitis,SMI_RS09175,0.4523809523809524,0.3293033073503114,0.41865079365079366
Smi_B6,S. mitis,SMI_RS09180,0.4548736462093863,0.2869683319474877,0.4151624548736462
Smi_B6,S. mitis,SMI_RS09185,0.4206773618538324,0.28667574846952637,0.42899584076054664
Smi_B6,S. mitis,SMI_RS09190,0.3241758241758242,0.4191570159731832,0.43223443223443225
Smi_B6,S. mitis,SMI_RS09195,0.38515901060070673,0.3392859224439398,0.42402826855123676
Smi_B6,S. mitis,SMI_RS09200,0.4222222222222222,0.34405278580383036,0.4237037037037037
Smi_B6,S. mitis,SMI_RS09205,0.44166666666666665,0.3201236799651051,0.42291666666666666
Smi_B6,S. mitis,SMI_RS09210,0.3536269430051813,0.7824012450805778,0.41493955094991364
Smi_B6,S. mitis,SMI_RS09215,0.3728813559322034,0.31878133328422326,0.4209039548022599
Smi_B6,S. mitis,SMI_RS09220,0.4326241134751773,0.38402681704356795,0.3983451536643026
Smi_B6,S. mitis,SMI_RS09225,0.35873015873015873,0.3360226262862318,0.4105820105820106
Smi_B6,S. mitis,SMI_RS09230,0.3773946360153257,0.4276212393332694,0.4144316730523627
Smi_B6,S. mitis,SMI_RS09235,0.3643724696356275,0.4716397587360235,0.4183535762483131
Smi_B6,S. mitis,SMI_RS09245,0.3213429256594724,0.3992424390086361,0.4172661870503597
Smi_B6,S. mitis,SMI_RS09250,0.2785923753665689,0.7563780801580948,0.40762463343108507
Smi_B6,S. mitis,SMI_RS09255,0.3584905660377358,0.33984733942332596,0.44025157232704404
Smi_B6,S. mitis,SMI_RS09260,0.3897707231040564,0.39915144658712454,0.442092886537331
Smi_B6,S. mitis,SMI_RS09265,0.3471223021582734,0.527142682866367,0.43345323741007197
Smi_B6,S. mitis,SMI_RS09270,0.30327868852459017,0.4366958572260166,0.3879781420765027
Smi_B6,S. mitis,SMI_RS09280,0.5449871465295629,0.27317416847919185,0.4601542416452442
Smi_B6,S. mitis,SMI_RS09285,0.5424164524421594,0.2758675112431638,0.45844044558697516
Smi_B6,S. mitis,SMI_RS09290,0.37777777777777777,0.36527105934114634,0.4148148148148148
Smi_B6,S. mitis,SMI_RS09295,0.46308724832214765,0.24596356608578657,0.41387024608501116
Smi_B6,S. mitis,SMI_RS09300,0.39880952380952384,0.30293796244586874,0.4107142857142857
Smi_B6,S. mitis,SMI_RS09305,0.43611584327086883,0.33081374798842506,0.4338444065871664
Smi_B6,S. mitis,SMI_RS09310,0.43728813559322033,0.3361264429288096,0.43615819209039547
Smi_B6,S. mitis,SMI_RS09315,0.38961038961038963,0.3153921113495459,0.4090909090909091
Smi_B6,S. mitis,SMI_RS09320,0.3389121338912134,0.588940782112665,0.42538354253835425
Smi_B6,S. mitis,SMI_RS09325,0.4223194748358862,0.3033796569392867,0.43471918307804525
Smi_B6,S. mitis,SMI_RS09330,0.34805194805194806,0.5413421570167313,0.43376623376623374
Smi_B6,S. mitis,SMI_RS09335,0.3914081145584726,0.3049105045996821,0.44709626093874305
Smi_B6,S. mitis,SMI_RS09340,0.32670454545454547,0.3632659559885609,0.3835227272727273
Smi_B6,S. mitis,SMI_RS09345,0.3236994219653179,0.32335381650687717,0.4026974951830443
Smi_B6,S. mitis,SMI_RS09350,0.2702702702702703,0.3808893950515102,0.3783783783783784
Smi_B6,S. mitis,SMI_RS09355,0.36666666666666664,0.28504895648703277,0.3396825396825397
Smi_B6,S. mitis,SMI_RS09360,0.2978723404255319,0.504645833144712,0.4160756501182033
Smi_B6,S. mitis,SMI_RS09365,0.39559543230016314,0.5726684344800033,0.46112017400761285
Smi_B6,S. mitis,SMI_RS09370,0.35910224438902744,0.6067914190686491,0.44389027431421446
Smi_B6,S. mitis,SMI_RS09375,0.3756735950731332,0.47270481771101297,0.4311008468052348
Smi_B6,S. mitis,SMI_RS09380,0.42,0.32520990304084896,0.45904761904761904
Smi_B6,S. mitis,SMI_RS09385,0.3946932006633499,0.5191542577504918,0.45494748479823105
Smi_B6,S. mitis,SMI_RS09390,0.38913043478260867,0.36890091752551074,0.4355072463768116
Smi_B6,S. mitis,SMI_RS09395,0.3818770226537217,0.5451546953615815,0.44552319309600863
Smi_B6,S. mitis,SMI_RS09400,0.3952380952380952,0.35645281174392934,0.4222222222222222
Smi_B6,S. mitis,SMI_RS09405,0.3843283582089552,0.32997700631601684,0.40422885572139305
Smi_B6,S. mitis,SMI_RS09410,0.4624505928853755,0.34850653754863137,0.4453227931488801
Smi_B6,S. mitis,SMI_RS09415,0.5501285347043702,0.2738937702886004,0.46358183376178236
Smi_B6,S. mitis,SMI_RS09420,0.37789203084832906,0.3242472214647163,0.4104541559554413
Smi_B6,S. mitis,SMI_RS09425,0.35602094240837695,0.3346441978789174,0.37347294938917974
Smi_B6,S. mitis,SMI_RS09430,0.4294294294294294,0.29903288661427585,0.4544544544544545
Smi_B6,S. mitis,SMI_RS09445,0.38046272493573263,0.32410277394883336,0.41131105398457585
Smi_B6,S. mitis,SMI_RS09450,0.39568345323741005,0.31873480900612466,0.3980815347721823
Smi_B6,S. mitis,SMI_RS09455,0.40086206896551724,0.3192297676829114,0.4382183908045977
Smi_B6,S. mitis,SMI_RS09460,0.34285714285714286,0.27796291624020725,0.37142857142857144
Smi_B6,S. mitis,SMI_RS09465,0.3815789473684211,0.24899159618887814,0.35964912280701755
Smi_B6,S. mitis,SMI_RS09470,0.4092526690391459,0.2958701299880446,0.4045077105575326
Smi_B6,S. mitis,SMI_RS09475,0.328719723183391,0.3886557460665818,0.40369088811995385
Smi_B6,S. mitis,SMI_RS09480,0.41007194244604317,0.4952872459196317,0.45643485211830537
Smi_B6,S. mitis,SMI_RS09485,0.4155844155844156,0.3386752087424712,0.46464646464646464
Smi_B6,S. mitis,SMI_RS09490,0.23293172690763053,0.3749026827936141,0.3353413654618474
Smi_B6,S. mitis,SMI_RS09495,0.3654708520179372,0.4152292343274815,0.4469357249626308
Smi_B6,S. mitis,SMI_RS09505,0.24806201550387597,0.7466482466741974,0.4186046511627907
Smi_B6,S. mitis,SMI_RS09510,0.24358974358974358,0.5331855987577284,0.37713675213675213
Smi_B6,S. mitis,SMI_RS09515,0.15625,0.7265277135146214,0.4375
Smi_B6,S. mitis,SMI_RS09520,0.2540983606557377,0.7692334210679035,0.42349726775956287
Smi_B6,S. mitis,SMI_RS09535,0.2863849765258216,0.6030253532058168,0.39436619718309857
Smi_B6,S. mitis,SMI_RS09540,0.32265446224256294,0.4540315434747505,0.38672768878718533
Smi_B6,S. mitis,SMI_RS09545,0.21768707482993196,0.7910309912027302,0.4126984126984127
Smi_B6,S. mitis,SMI_RS09555,0.21212121212121213,0.7559666949651792,0.43636363636363634
Smi_B6,S. mitis,SMI_RS09560,0.31092436974789917,0.5995501232676312,0.45938375350140054
Smi_B6,S. mitis,SMI_RS09565,0.20670391061452514,0.793179770482138,0.3985102420856611
Smi_B6,S. mitis,SMI_RS09570,0.2857142857142857,0.7897700332994287,0.39097744360902253
Smi_B6,S. mitis,SMI_RS09580,0.292817679558011,0.7536108685922669,0.40515653775322286
Smi_B6,S. mitis,SMI_RS09585,0.30392156862745096,0.6911351426669388,0.39869281045751637
Smi_B6,S. mitis,SMI_RS09590,0.2764227642276423,0.7390245746430323,0.43902439024390244
Smi_B6,S. mitis,SMI_RS09605,0.2971014492753623,0.7487973819371959,0.4468599033816425
Smi_B6,S. mitis,SMI_RS09610,0.25688073394495414,0.7868831130664249,0.43425076452599387
Smi_B6,S. mitis,SMI_RS09615,0.28695652173913044,0.7638138066898905,0.4289855072463768
Smi_B6,S. mitis,SMI_RS09625,0.2805755395683453,0.7402881718830568,0.4460431654676259
Smi_B6,S. mitis,SMI_RS09635,0.22115384615384615,0.6878794741344973,0.42628205128205127
Smi_B6,S. mitis,SMI_RS09640,0.291866028708134,0.7203339734691738,0.42902711323763953
Smi_B6,S. mitis,SMI_RS09645,0.3786407766990291,0.7047386084720874,0.4336569579288026
Smi_B6,S. mitis,SMI_RS09650,0.5526992287917738,0.2728438116052003,0.4644387317909169
Smi_B6,S. mitis,SMI_RS09655,0.4019138755980861,0.25871482647245264,0.4354066985645933
Smi_B6,S. mitis,SMI_RS09660,0.4213197969543147,0.31883771946519945,0.4263959390862944
Smi_B6,S. mitis,SMI_RS09665,0.33136094674556216,0.33322909223279124,0.40828402366863903
Smi_B6,S. mitis,SMI_RS09670,0.40625,0.3887043613267589,0.43342391304347827
Smi_B6,S. mitis,SMI_RS09675,0.34502923976608185,0.31341939004968705,0.40870695256660167
Smi_B6,S. mitis,SMI_RS09680,0.4187866927592955,0.3038714618520014,0.4063926940639269
Smi_B6,S. mitis,SMI_RS09685,0.24516129032258063,0.4747143778880168,0.4043010752688172
Smi_B6,S. mitis,SMI_RS09690,0.4364508393285372,0.29740142290075633,0.442845723421263
Smi_B6,S. mitis,SMI_RS09695,0.3235294117647059,0.6578138491709107,0.38235294117647056
Smi_B6,S. mitis,SMI_RS09700,0.4142857142857143,0.3713498477280186,0.4261904761904762
Smi_B6,S. mitis,SMI_RS09710,0.3473684210526316,0.39540130440165105,0.3824561403508772
Smi_B6,S. mitis,SMI_RS09715,0.3233082706766917,0.34871597990060477,0.39348370927318294
Smi_B6,S. mitis,SMI_RS09720,0.3900789177001127,0.35038393505215754,0.4096204434423149
Smi_B6,S. mitis,SMI_RS09725,0.4209039548022599,0.43275167906207623,0.4369114877589454
Smi_B6,S. mitis,SMI_RS09730,0.4427966101694915,0.36379942173450536,0.4625706214689266
Smi_B6,S. mitis,SMI_RS09735,0.5111111111111111,0.34960004425872326,0.42328042328042326
Smi_B6,S. mitis,SMI_RS09740,0.3938053097345133,0.45409515583002613,0.4306784660766962
Smi_B6,S. mitis,SMI_RS09745,0.42151162790697677,0.36310579224814704,0.41472868217054265
Smi_B6,S. mitis,SMI_RS09750,0.4574468085106383,0.31395266791181714,0.4645390070921986
Smi_B6,S. mitis,SMI_RS09755,0.4797979797979798,0.35951095715954207,0.44612794612794615
Smi_B6,S. mitis,SMI_RS09760,0.47692307692307695,0.29153727056057144,0.4646153846153846
Smi_B6,S. mitis,SMI_RS09765,0.48299319727891155,0.2984819204867242,0.40589569160997735
Smi_B6,S. mitis,SMI_RS09770,0.5424836601307189,0.3406421275345216,0.4466230936819172
Smi_B6,S. mitis,SMI_RS09775,0.3935483870967742,0.36082615214075153,0.4064516129032258
Smi_B6,S. mitis,SMI_RS09780,0.3707865168539326,0.3353122987567985,0.3913857677902622
Smi_B6,S. mitis,SMI_RS09785,0.41025641025641024,0.29428997037653853,0.4024864024864025
Smi_B6,S. mitis,SMI_RS09790,0.3877917414721723,0.2840839055503439,0.40574506283662476
Smi_B6,S. mitis,SMI_RS09795,0.43414634146341463,0.29832656322056944,0.3967479674796748
Smi_B6,S. mitis,SMI_RS09800,0.4105263157894737,0.39936329445521684,0.44035087719298244
Smi_B6,S. mitis,SMI_RS09805,0.4329004329004329,0.4151522361142648,0.45021645021645024
Smi_B6,S. mitis,SMI_RS09810,0.4293785310734463,0.39559435181029423,0.4322033898305085
Smi_B6,S. mitis,SMI_RS09815,0.44759825327510916,0.33280303501272096,0.4606986899563319
Smi_B6,S. mitis,SMI_RS09820,0.3508771929824561,0.7107010813659478,0.4058479532163743
Smi_B6,S. mitis,SMI_RS09825,0.34296028880866425,0.5976682764839769,0.394705174488568
Smi_B6,S. mitis,SMI_RS09830,0.34657039711191334,0.6168046163519961,0.40312876052948254
Smi_B6,S. mitis,SMI_RS09835,0.4537037037037037,0.34716814752845,0.4166666666666667
Smi_B6,S. mitis,SMI_RS09840,0.47413793103448276,0.3032533836758228,0.47126436781609193
Smi_B6,S. mitis,SMI_RS09845,0.35585585585585583,0.30536832293829314,0.3738738738738739
Smi_B6,S. mitis,SMI_RS09850,0.4201388888888889,0.3091649624797008,0.3854166666666667
Smi_B6,S. mitis,SMI_RS09855,0.4658753709198813,0.3554969750950321,0.4836795252225519
Smi_B6,S. mitis,SMI_RS09860,0.4931506849315068,0.3124482116528603,0.4611872146118721
Smi_B6,S. mitis,SMI_RS09865,0.4692982456140351,0.307300288811513,0.45321637426900585
Smi_B6,S. mitis,SMI_RS09870,0.5424164524421594,0.2735855125928933,0.45844044558697516
Smi_B6,S. mitis,SMI_RS09895,0.4303571428571429,0.44747727299881573,0.45357142857142857
Smi_B6,S. mitis,SMI_RS09900,0.46394984326018807,0.38436068820870434,0.4644723092998955
Smi_B6,S. mitis,SMI_RS09910,0.46524064171123,0.38414988065916583,0.4768270944741533
Smi_B6,S. mitis,SMI_RS09915,0.5501285347043702,0.2738937702886004,0.46358183376178236
Smi_B6,S. mitis,SMI_RS09920,0.2777777777777778,0.36490871322647644,0.3904320987654321
Smi_B6,S. mitis,SMI_RS09925,0.4043010752688172,0.32390355326106773,0.4100358422939068
Smi_B6,S. mitis,SMI_RS09930,0.3383458646616541,0.3959973731812481,0.4177109440267335
Smi_B6,S. mitis,SMI_RS09935,0.36059479553903345,0.3554095809412128,0.3878562577447336
Smi_B6,S. mitis,SMI_RS09940,0.4158878504672897,0.25698449954311575,0.40498442367601245
Smi_B6,S. mitis,SMI_RS09945,0.38264580369843526,0.29581553509973285,0.37790422000948315
Smi_B6,S. mitis,SMI_RS09950,0.3112244897959184,0.3049850633726238,0.35374149659863946
Smi_B6,S. mitis,SMI_RS09955,0.2037037037037037,0.3388935617949302,0.30246913580246915
Smi_B6,S. mitis,SMI_RS09960,0.2379182156133829,0.24528418354058618,0.2825278810408922
Smi_B6,S. mitis,SMI_RS09965,0.2159090909090909,0.2477810961633456,0.2676767676767677
Smi_B6,S. mitis,SMI_RS09970,0.23880597014925373,0.3932210865144237,0.3781094527363184
Smi_B6,S. mitis,SMI_RS09975,0.4131944444444444,0.333985288479334,0.37962962962962965
Smi_B6,S. mitis,SMI_RS09980,0.28502415458937197,0.6735558146694425,0.43800322061191627
Smi_B6,S. mitis,SMI_RS09985,0.375,0.40816219582233365,0.4181547619047619
Smi_B6,S. mitis,SMI_RS09990,0.4261168384879725,0.3639723944545152,0.4936998854524628
Smi_B6,S. mitis,SMI_RS09995,0.4028436018957346,0.3261618855789334,0.4344391785150079
Smi_B6,S. mitis,SMI_RS10000,0.413290113452188,0.41713013745146243,0.4246353322528363
Smi_B6,S. mitis,SMI_RS10005,0.4043321299638989,0.30612133462606844,0.42719614921780985
Smi_B6,S. mitis,SMI_RS10010,0.5038560411311054,0.28224010909328645,0.4652956298200514
Smi_B6,S. mitis,SMI_RS10015,0.48623853211009177,0.30602256455007565,0.40978593272171254
Smi_B6,S. mitis,SMI_RS10020,0.4393939393939394,0.2972292492980043,0.4562289562289562
Smi_B6,S. mitis,SMI_RS10025,0.35855263157894735,0.3612548238060007,0.39035087719298245
Smi_B6,S. mitis,SMI_RS10030,0.36056338028169016,0.3702192850876416,0.39812206572769954
Smi_B6,S. mitis,SMI_RS10035,0.3554006968641115,0.36230063151921565,0.41231126596980255
Smi_B6,S. mitis,SMI_RS10040,0.4194528875379939,0.5914645799531862,0.44883485309017224
Smi_B6,S. mitis,SMI_RS10050,0.3695652173913043,0.3108425364815632,0.36666666666666664
Smi_B6,S. mitis,SMI_RS10055,0.3481781376518219,0.728739644624484,0.3852901484480432
Smi_B6,S. mitis,SMI_RS10060,0.44155844155844154,0.43413924410797766,0.41233766233766234
Smi_B6,S. mitis,SMI_RS10065,0.4774193548387097,0.3909273809106178,0.410752688172043
Smi_B6,S. mitis,SMI_RS10070,0.5007974481658692,0.3388718471329248,0.4699627857522594
Smi_B6,S. mitis,SMI_RS10075,0.4517241379310345,0.32183928257145006,0.4735632183908046
Smi_B6,S. mitis,SMI_RS10080,0.4217687074829932,0.4262464922527855,0.4414210128495843
Smi_B6,S. mitis,SMI_RS10085,0.4566744730679157,0.3757074947957381,0.4558938329430133
Smi_B6,S. mitis,SMI_RS10090,0.5267175572519084,0.23596816707564525,0.4173027989821883
Smi_B6,S. mitis,SMI_RS10095,0.35119047619047616,0.26599574443525215,0.3888888888888889
Smi_B6,S. mitis,SMI_RS10105,0.37074148296593185,0.30578715605230194,0.39478957915831664
Smi_B6,S. mitis,SMI_RS10110,0.42857142857142855,0.27250226146287365,0.43902439024390244
Smi_B6,S. mitis,SMI_RS10120,0.43859649122807015,0.25834990122266016,0.4415204678362573
Smi_B6,S. mitis,SMI_RS10140,0.2777777777777778,0.33804664864929646,0.3472222222222222
Smi_B6,S. mitis,SMI_RS10145,0.5406698564593302,0.25012076626980884,0.44178628389154706
Smi_B6,S. mitis,SMI_RS10155,0.28169014084507044,0.3564323796152176,0.3215962441314554
Smi_B6,S. mitis,SMI_RS10160,0.2147239263803681,0.34064501851268875,0.3285616905248807
Smi_B6,S. mitis,SMI_RS10165,0.31876606683804626,0.30804346460387444,0.3736075407026564
Smi_B6,S. mitis,SMI_RS10170,0.46906474820143884,0.309008957315209,0.471462829736211
Smi_B6,S. mitis,SMI_RS10175,0.4028520499108734,0.2990818937653204,0.45513963161021986
Smi_B6,S. mitis,SMI_RS10190,0.4406779661016949,0.35362485666851945,0.43050847457627117
Smi_B6,S. mitis,SMI_RS10195,0.27419354838709675,0.472495056270678,0.3688172043010753
Smi_B6,S. mitis,SMI_RS10200,0.40836653386454186,0.42068385908626993,0.4262948207171315
Smi_B6,S. mitis,SMI_RS10205,0.4944237918215613,0.2936186013187546,0.4510532837670384
Smi_B6,S. mitis,SMI_RS10210,0.44680851063829785,0.3038573723906435,0.4595744680851064
Smi_B6,S. mitis,SMI_RS10215,0.41496598639455784,0.31565600092028423,0.4217687074829932
Smi_B6,S. mitis,SMI_RS10220,0.41843971631205673,0.2959996224260241,0.41292356185973206
Smi_B6,S. mitis,SMI_RS10230,0.4963855421686747,0.2840857467261856,0.41285140562248995
Smi_B6,S. mitis,SMI_RS10235,0.4332688588007737,0.373799894571299,0.43907156673114117
Smi_B6,S. mitis,SMI_RS10245,0.2951653944020356,0.2552159078729298,0.3435114503816794
Smi_B6,S. mitis,SMI_RS10250,0.41702127659574467,0.4274654474002661,0.4595744680851064
Smi_B6,S. mitis,SMI_RS10255,0.39901477832512317,0.525203151129618,0.44772851669403396
Smi_B6,S. mitis,SMI_RS10260,0.4393638170974155,0.48171252175160795,0.44466534128561963
Smi_B6,S. mitis,SMI_RS10265,0.42016806722689076,0.2931702954438669,0.41246498599439774
Smi_B6,S. mitis,SMI_RS10270,0.40893470790378006,0.43142468319580407,0.4547537227949599
Smi_B6,S. mitis,SMI_RS10275,0.47530864197530864,0.44806280508164487,0.4825102880658436
Smi_B6,S. mitis,SMI_RS10280,0.3624454148471616,0.32199175737140684,0.37117903930131
Smi_B6,S. mitis,SMI_RS10285,0.26609442060085836,0.46325657951227617,0.4177396280400572
Smi_B6,S. mitis,SMI_RS10295,0.4689922480620155,0.3269732355366147,0.45478036175710596
Smi_B6,S. mitis,SMI_RS10300,0.46153846153846156,0.3827396130660367,0.42948717948717946
Smi_B6,S. mitis,SMI_RS10305,0.43909348441926344,0.31655013487587125,0.4258734655335222
Smi_B6,S. mitis,SMI_RS10310,0.4475955610357583,0.36488012586510904,0.46074804767776406
Smi_B6,S. mitis,SMI_RS10315,0.43137254901960786,0.2592181182667029,0.43137254901960786
Smi_B6,S. mitis,SMI_RS10320,0.49382716049382713,0.2741088406483669,0.448559670781893
Smi_B6,S. mitis,SMI_RS10325,0.375,0.6005597260442145,0.39880952380952384
Smi_B6,S. mitis,SMI_RS10330,0.541501976284585,0.24121022773440315,0.43610013175230566
Smi_B6,S. mitis,SMI_RS10340,0.30831099195710454,0.3508788842589719,0.40035746201966044
Smi_B6,S. mitis,SMI_RS10350,0.35476718403547675,0.35014086426099644,0.42350332594235035
Smi_B6,S. mitis,SMI_RS10355,0.2052980132450331,0.5230558789685044,0.36644591611479027
Smi_B6,S. mitis,SMI_RS10360,0.34498480243161095,0.34579889569269195,0.3941236068895643
Smi_B6,S. mitis,SMI_RS10365,0.26229508196721313,0.4905461945467137,0.3533697632058288
Smi_B6,S. mitis,SMI_RS10370,0.3076923076923077,0.3487452669203812,0.358974358974359
Smi_B6,S. mitis,SMI_RS10375,0.3510392609699769,0.2846292152670839,0.40030792917628943
Smi_B6,S. mitis,SMI_RS10380,0.32075471698113206,0.38977586142728726,0.3946540880503145
Smi_B6,S. mitis,SMI_RS10385,0.21035598705501618,0.5615449684226514,0.4153182308522114
Smi_B6,S. mitis,SMI_RS10390,0.276657060518732,0.744559809900767,0.4101825168107589
Smi_B6,S. mitis,SMI_RS10395,0.2846153846153846,0.7961873480861258,0.41923076923076924
Smi_B6,S. mitis,SMI_RS10400,0.15384615384615385,0.5828197031297302,0.38060897435897434
Smi_B6,S. mitis,SMI_RS10405,0.3393939393939394,0.28242988035423044,0.3191919191919192
Smi_B6,S. mitis,SMI_RS10410,0.2967032967032967,0.3615647748324025,0.36507936507936506
Smi_B6,S. mitis,SMI_RS10415,0.35471698113207545,0.3060061609199814,0.379874213836478
Smi_B6,S. mitis,SMI_RS10420,0.34285714285714286,0.3033592007979373,0.4083333333333333
Smi_B6,S. mitis,SMI_RS10425,0.3115942028985507,0.35813767932097734,0.3961352657004831
Smi_B6,S. mitis,SMI_RS10430,0.27472527472527475,0.3420833632815514,0.3534798534798535
Smi_B6,S. mitis,SMI_RS10435,0.25,0.33460127285941405,0.3695652173913043
Smi_B6,S. mitis,SMI_RS10440,0.24766355140186916,0.35411410471282717,0.34190031152647976
Smi_B6,S. mitis,SMI_RS10445,0.2709832134292566,0.35919125037838656,0.35251798561151076
Smi_B6,S. mitis,SMI_RS10450,0.2682926829268293,0.45490040951134625,0.3685636856368564
Smi_B6,S. mitis,SMI_RS10455,0.273224043715847,0.315862499600269,0.3424408014571949
Smi_B6,S. mitis,SMI_RS10460,0.2231237322515213,0.5977158710954807,0.4090601757944557
Smi_B6,S. mitis,SMI_RS10465,0.25146198830409355,0.43991495547201437,0.38499025341130605
Smi_B6,S. mitis,SMI_RS10470,0.3290203327171904,0.508498679081361,0.3894023413431916
Smi_B6,S. mitis,SMI_RS10475,0.2617924528301887,0.3717689674237011,0.31957547169811323
Smi_B6,S. mitis,SMI_RS10480,0.22020431328036322,0.3496971570744527,0.35944003026863414
Smi_B6,S. mitis,SMI_RS10485,0.26519337016574585,0.3878729329133074,0.3388581952117864
Smi_B6,S. mitis,SMI_RS10500,0.2749003984063745,0.34908100182781515,0.30278884462151395
Smi_B6,S. mitis,SMI_RS10505,0.2692307692307692,0.3234997591296763,0.3129713423831071
Smi_B6,S. mitis,SMI_RS10520,0.24375,0.2839467220309601,0.35833333333333334
Smi_B6,S. mitis,SMI_RS10525,0.2233502538071066,0.4611766261693528,0.35279187817258884
Smi_B6,S. mitis,SMI_RS10530,0.2766798418972332,0.36329985005301113,0.3570487483530962
Ssl_JIM8777,S. salivarius,SALIVA_RS00005,0.32967032967032966,0.3489325340626652,0.37435897435897436
Ssl_JIM8777,S. salivarius,SALIVA_RS00010,0.2796833773087071,0.41238400163932903,0.3755496921723835
Ssl_JIM8777,S. salivarius,SALIVA_RS00020,0.30913978494623656,0.5161162228051476,0.41308243727598565
Ssl_JIM8777,S. salivarius,SALIVA_RS00025,0.30526315789473685,0.3050871540890324,0.37543859649122807
Ssl_JIM8777,S. salivarius,SALIVA_RS00030,0.3319076133447391,0.32964319129130143,0.39150270886797833
Ssl_JIM8777,S. salivarius,SALIVA_RS00040,0.4274193548387097,0.27862796746549545,0.3924731182795699
Ssl_JIM8777,S. salivarius,SALIVA_RS00050,0.31786542923433875,0.32323094895166077,0.3820572312451663
Ssl_JIM8777,S. salivarius,SALIVA_RS00055,0.31990521327014215,0.2674654011184367,0.37282780410742494
Ssl_JIM8777,S. salivarius,SALIVA_RS00060,0.287292817679558,0.4573255245819295,0.3664825046040516
Ssl_JIM8777,S. salivarius,SALIVA_RS00065,0.2606060606060606,0.4512095082804963,0.4090909090909091
Ssl_JIM8777,S. salivarius,SALIVA_RS00175,0.20577617328519857,0.339165745718215,0.3140794223826715
Ssl_JIM8777,S. salivarius,SALIVA_RS00180,0.22857142857142856,0.24620527428132674,0.26285714285714284
Ssl_JIM8777,S. salivarius,SALIVA_RS00185,0.156,0.6326022764963739,0.43066666666666664
Ssl_JIM8777,S. salivarius,SALIVA_RS00190,0.2422360248447205,0.5426392861742267,0.38819875776397517
Ssl_JIM8777,S. salivarius,SALIVA_RS00195,0.26785714285714285,0.474581226953091,0.3877551020408163
Ssl_JIM8777,S. salivarius,SALIVA_RS00200,0.34108527131782945,0.27279423405051456,0.3798449612403101
Ssl_JIM8777,S. salivarius,SALIVA_RS00205,0.32238805970149254,0.3704922174473961,0.43283582089552236
Ssl_JIM8777,S. salivarius,SALIVA_RS00215,0.3601694915254237,0.4781658802868051,0.3785310734463277
Ssl_JIM8777,S. salivarius,SALIVA_RS00220,0.32045088566827695,0.5393678475142125,0.42619431025228127
Ssl_JIM8777,S. salivarius,SALIVA_RS00225,0.34375,0.4681745647718965,0.43333333333333335
Ssl_JIM8777,S. salivarius,SALIVA_RS00230,0.34310850439882695,0.584143218136905,0.44281524926686217
Ssl_JIM8777,S. salivarius,SALIVA_RS00235,0.3825136612021858,0.3914483825440427,0.43897996357012753
Ssl_JIM8777,S. salivarius,SALIVA_RS00240,0.2350597609561753,0.3373835849496465,0.28419654714475434
Ssl_JIM8777,S. salivarius,SALIVA_RS00245,0.38372093023255816,0.570207522877004,0.45478036175710596
Ssl_JIM8777,S. salivarius,SALIVA_RS00250,0.15918367346938775,0.2473417306753721,0.23129251700680273
Ssl_JIM8777,S. salivarius,SALIVA_RS00255,0.19714285714285715,0.26603508673302756,0.2752380952380952
Ssl_JIM8777,S. salivarius,SALIVA_RS00260,0.19741100323624594,0.2388027591447786,0.2588996763754045
Ssl_JIM8777,S. salivarius,SALIVA_RS00265,0.4392857142857143,0.31487169238645285,0.4880952380952381
Ssl_JIM8777,S. salivarius,SALIVA_RS00270,0.1952662721893491,0.19353440458694826,0.24326101249178173
Ssl_JIM8777,S. salivarius,SALIVA_RS00275,0.47743467933491684,0.41912934521551326,0.47980997624703087
Ssl_JIM8777,S. salivarius,SALIVA_RS00280,0.44171779141104295,0.41688961465638597,0.5030674846625767
Ssl_JIM8777,S. salivarius,SALIVA_RS00285,0.45879120879120877,0.44003013418112763,0.4716117216117216
Ssl_JIM8777,S. salivarius,SALIVA_RS00290,0.42902208201892744,0.28771290256575144,0.4216614090431125
Ssl_JIM8777,S. salivarius,SALIVA_RS00300,0.4295612009237875,0.5975964516606592,0.4518860662047729
Ssl_JIM8777,S. salivarius,SALIVA_RS00305,0.4219858156028369,0.5481816952998777,0.44858156028368795
Ssl_JIM8777,S. salivarius,SALIVA_RS00310,0.3916083916083916,0.34738201462988727,0.43356643356643354
Ssl_JIM8777,S. salivarius,SALIVA_RS00315,0.44166666666666665,0.32114585504997656,0.4361111111111111
Ssl_JIM8777,S. salivarius,SALIVA_RS00320,0.4253554502369668,0.32852395170740245,0.43878357030015797
Ssl_JIM8777,S. salivarius,SALIVA_RS00325,0.46710526315789475,0.34754004389017135,0.4232456140350877
Ssl_JIM8777,S. salivarius,SALIVA_RS00330,0.4041095890410959,0.31727804984465263,0.3835616438356164
Ssl_JIM8777,S. salivarius,SALIVA_RS00335,0.45098039215686275,0.23183808755460047,0.38235294117647056
Ssl_JIM8777,S. salivarius,SALIVA_RS00340,0.35802469135802467,0.3453461436129365,0.42232510288065844
Ssl_JIM8777,S. salivarius,SALIVA_RS00350,0.3553299492385787,0.36002780163964204,0.39086294416243655
Ssl_JIM8777,S. salivarius,SALIVA_RS00355,0.32972972972972975,0.2596041057475821,0.36936936936936937
Ssl_JIM8777,S. salivarius,SALIVA_RS00360,0.2553191489361702,0.3213363696782225,0.40583136327817176
Ssl_JIM8777,S. salivarius,SALIVA_RS00365,0.23421052631578948,0.4987390723015502,0.4
Ssl_JIM8777,S. salivarius,SALIVA_RS00370,0.2857142857142857,0.42379071449826855,0.3508771929824561
Ssl_JIM8777,S. salivarius,SALIVA_RS00455,0.31399317406143346,0.3480466629848312,0.3981797497155859
Ssl_JIM8777,S. salivarius,SALIVA_RS00460,0.32367149758454106,0.3850480795545079,0.4388083735909823
Ssl_JIM8777,S. salivarius,SALIVA_RS00470,0.42657342657342656,0.28183760626752996,0.43123543123543123
Ssl_JIM8777,S. salivarius,SALIVA_RS00475,0.29120879120879123,0.41971062793866687,0.4084249084249084
Ssl_JIM8777,S. salivarius,SALIVA_RS00485,0.2876712328767123,0.41181792776207965,0.395955642530985
Ssl_JIM8777,S. salivarius,SALIVA_RS00490,0.24598930481283424,0.6177274261013812,0.40641711229946526
Ssl_JIM8777,S. salivarius,SALIVA_RS00495,0.3125,0.8208840102493152,0.4205729166666667
Ssl_JIM8777,S. salivarius,SALIVA_RS00500,0.27089337175792505,0.8037042086176488,0.41306436119116235
Ssl_JIM8777,S. salivarius,SALIVA_RS00505,0.3630573248407643,0.41454631820561655,0.4564755838641189
Ssl_JIM8777,S. salivarius,SALIVA_RS00510,0.32894736842105265,0.31714571260635765,0.39035087719298245
Ssl_JIM8777,S. salivarius,SALIVA_RS00515,0.33414932680538556,0.3822131521415403,0.43329253365973075
Ssl_JIM8777,S. salivarius,SALIVA_RS00520,0.37708830548926014,0.35488109420655745,0.4089101034208433
Ssl_JIM8777,S. salivarius,SALIVA_RS00525,0.375,0.3737205414256511,0.40705128205128205
Ssl_JIM8777,S. salivarius,SALIVA_RS00530,0.33646112600536193,0.4162335507653197,0.4481680071492404
Ssl_JIM8777,S. salivarius,SALIVA_RS00535,0.39299610894941633,0.3268382767505324,0.42023346303501946
Ssl_JIM8777,S. salivarius,SALIVA_RS00540,0.37681159420289856,0.32207971349304176,0.4782608695652174
Ssl_JIM8777,S. salivarius,SALIVA_RS00545,0.3638392857142857,0.42491911372415053,0.41517857142857145
Ssl_JIM8777,S. salivarius,SALIVA_RS00550,0.3880597014925373,0.33465010259808753,0.42039800995024873
Ssl_JIM8777,S. salivarius,SALIVA_RS00555,0.2772808586762075,0.3642423465413961,0.41443053070960045
Ssl_JIM8777,S. salivarius,SALIVA_RS00560,0.32661290322580644,0.34923173845712113,0.42473118279569894
Ssl_JIM8777,S. salivarius,SALIVA_RS00565,0.31976744186046513,0.32173277833283404,0.39728682170542634
Ssl_JIM8777,S. salivarius,SALIVA_RS00570,0.36585365853658536,0.3337982721898811,0.44018583042973286
Ssl_JIM8777,S. salivarius,SALIVA_RS10200,0.18947368421052632,0.3553502051831793,0.36023391812865496
Ssl_JIM8777,S. salivarius,SALIVA_RS00580,0.28187919463087246,0.7333771759790974,0.40939597315436244
Ssl_JIM8777,S. salivarius,SALIVA_RS00585,0.25190839694656486,0.7400888181765771,0.4529262086513995
Ssl_JIM8777,S. salivarius,SALIVA_RS00590,0.28350515463917525,0.24668940355404842,0.31958762886597936
Ssl_JIM8777,S. salivarius,SALIVA_RS00595,0.26,0.301631370276766,0.3466666666666667
Ssl_JIM8777,S. salivarius,SALIVA_RS00600,0.26255380200860834,0.3560697476566534,0.3950263032042085
Ssl_JIM8777,S. salivarius,SALIVA_RS00605,0.3170731707317073,0.25842361816177883,0.33983739837398375
Ssl_JIM8777,S. salivarius,SALIVA_RS00610,0.30973451327433627,0.2554065953458654,0.3274336283185841
Ssl_JIM8777,S. salivarius,SALIVA_RS00615,0.35051546391752575,0.231162611141967,0.3333333333333333
Ssl_JIM8777,S. salivarius,SALIVA_RS00625,0.21739130434782608,0.8793644095565225,0.40096618357487923
Ssl_JIM8777,S. salivarius,SALIVA_RS00630,0.3333333333333333,0.4337259926392796,0.3870967741935484
Ssl_JIM8777,S. salivarius,SALIVA_RS00635,0.3842364532019704,0.3126721563561919,0.4072249589490969
Ssl_JIM8777,S. salivarius,SALIVA_RS00645,0.3116591928251121,0.5064896253760297,0.43871449925261585
Ssl_JIM8777,S. salivarius,SALIVA_RS00650,0.3257918552036199,0.3436042339243755,0.43288084464555054
Ssl_JIM8777,S. salivarius,SALIVA_RS00655,0.2932330827067669,0.38052592486293424,0.40225563909774437
Ssl_JIM8777,S. salivarius,SALIVA_RS00660,0.28865979381443296,0.34356333802362415,0.38831615120274915
Ssl_JIM8777,S. salivarius,SALIVA_RS00665,0.33043478260869563,0.3379343521948419,0.38454106280193234
Ssl_JIM8777,S. salivarius,SALIVA_RS00670,0.28,0.5186603806025061,0.4114285714285714
Ssl_JIM8777,S. salivarius,SALIVA_RS00675,0.2713815789473684,0.7078259283069703,0.4166666666666667
Ssl_JIM8777,S. salivarius,SALIVA_RS00680,0.25396825396825395,0.4991875268936785,0.4294532627865961
Ssl_JIM8777,S. salivarius,SALIVA_RS00685,0.2971887550200803,0.30934737770833753,0.4109772423025435
Ssl_JIM8777,S. salivarius,SALIVA_RS00690,0.2637795275590551,0.36003001639606086,0.36876640419947504
Ssl_JIM8777,S. salivarius,SALIVA_RS00695,0.3037974683544304,0.36005113902522234,0.3924050632911392
Ssl_JIM8777,S. salivarius,SALIVA_RS00790,0.26506024096385544,0.30771395654245814,0.3534136546184739
Ssl_JIM8777,S. salivarius,SALIVA_RS00795,0.29537366548042704,0.37556122205568704,0.3748517200474496
Ssl_JIM8777,S. salivarius,SALIVA_RS00800,0.2219626168224299,0.7744012361312954,0.3925233644859813
Ssl_JIM8777,S. salivarius,SALIVA_RS00805,0.296875,0.5283610461968808,0.3697916666666667
Ssl_JIM8777,S. salivarius,SALIVA_RS00810,0.3102803738317757,0.5467726114190009,0.4174454828660436
Ssl_JIM8777,S. salivarius,SALIVA_RS00815,0.35668789808917195,0.41088362301253195,0.3885350318471338
Ssl_JIM8777,S. salivarius,SALIVA_RS00820,0.33974358974358976,0.3027633753286111,0.3995726495726496
Ssl_JIM8777,S. salivarius,SALIVA_RS00825,0.39937106918238996,0.3803507352258942,0.44549266247379454
Ssl_JIM8777,S. salivarius,SALIVA_RS00830,0.38306451612903225,0.3100093131326398,0.43413978494623656
Ssl_JIM8777,S. salivarius,SALIVA_RS00835,0.3530106257378985,0.4190201280269525,0.4380165289256198
Ssl_JIM8777,S. salivarius,SALIVA_RS00840,0.4444444444444444,0.31336319455081285,0.4444444444444444
Ssl_JIM8777,S. salivarius,SALIVA_RS00845,0.40945945945945944,0.38122809394408574,0.42882882882882883
Ssl_JIM8777,S. salivarius,SALIVA_RS00850,0.3918918918918919,0.2620184723496534,0.43018018018018017
Ssl_JIM8777,S. salivarius,SALIVA_RS00855,0.28262610088070456,0.48800605276615694,0.4214037896984254
Ssl_JIM8777,S. salivarius,SALIVA_RS00860,0.37170263788968827,0.41581810485408144,0.434052757793765
Ssl_JIM8777,S. salivarius,SALIVA_RS00865,0.36585365853658536,0.4962450775766948,0.43577235772357725
Ssl_JIM8777,S. salivarius,SALIVA_RS00870,0.3568075117370892,0.27985650719018673,0.39593114241001565
Ssl_JIM8777,S. salivarius,SALIVA_RS00875,0.3704663212435233,0.24803134243068442,0.3946459412780656
Ssl_JIM8777,S. salivarius,SALIVA_RS00885,0.4619289340101523,0.22968360455855655,0.3976311336717428
Ssl_JIM8777,S. salivarius,SALIVA_RS00890,0.21845794392523366,0.5488141091821637,0.41627725856697817
Ssl_JIM8777,S. salivarius,SALIVA_RS00895,0.4008097165991903,0.427811703833679,0.42645074224021595
Ssl_JIM8777,S. salivarius,SALIVA_RS00900,0.4069767441860465,0.4842198045611804,0.4412144702842377
Ssl_JIM8777,S. salivarius,SALIVA_RS00905,0.40350877192982454,0.38233556649688294,0.4070175438596491
Ssl_JIM8777,S. salivarius,SALIVA_RS00910,0.46774193548387094,0.25443752370059425,0.42473118279569894
Ssl_JIM8777,S. salivarius,SALIVA_RS00915,0.444,0.37443470525844896,0.41733333333333333
Ssl_JIM8777,S. salivarius,SALIVA_RS00920,0.45595854922279794,0.2642700402856088,0.43350604490500866
Ssl_JIM8777,S. salivarius,SALIVA_RS00925,0.36964980544747084,0.6230021760442783,0.4267185473411154
Ssl_JIM8777,S. salivarius,SALIVA_RS00930,0.3182897862232779,0.5128590978207236,0.4235946159936659
Ssl_JIM8777,S. salivarius,SALIVA_RS00935,0.38929440389294406,0.36352343407034204,0.44282238442822386
Ssl_JIM8777,S. salivarius,SALIVA_RS00940,0.3472222222222222,0.29531468666353805,0.42824074074074076
Ssl_JIM8777,S. salivarius,SALIVA_RS00945,0.38266384778012685,0.49594852862181393,0.4263565891472868
Ssl_JIM8777,S. salivarius,SALIVA_RS00950,0.4,0.2779266584236842,0.38333333333333336
Ssl_JIM8777,S. salivarius,SALIVA_RS00955,0.3633217993079585,0.4716185697032189,0.419838523644752
Ssl_JIM8777,S. salivarius,SALIVA_RS00960,0.4049079754601227,0.40022668932036043,0.4560327198364008
Ssl_JIM8777,S. salivarius,SALIVA_RS00965,0.49324324324324326,0.24805408588127717,0.44144144144144143
Ssl_JIM8777,S. salivarius,SALIVA_RS00970,0.4576271186440678,0.32787852513866766,0.461864406779661
Ssl_JIM8777,S. salivarius,SALIVA_RS00975,0.42435424354243545,0.27853263364342196,0.4280442804428044
Ssl_JIM8777,S. salivarius,SALIVA_RS00980,0.40894568690095845,0.29410860403619066,0.4057507987220447
Ssl_JIM8777,S. salivarius,SALIVA_RS00985,0.3497942386831276,0.6491437526680496,0.4334705075445816
Ssl_JIM8777,S. salivarius,SALIVA_RS00990,0.33088235294117646,0.44892197857522226,0.43137254901960786
Ssl_JIM8777,S. salivarius,SALIVA_RS00995,0.3088888888888889,0.723314154940388,0.41259259259259257
Ssl_JIM8777,S. salivarius,SALIVA_RS01000,0.27491408934707906,0.26362660931182114,0.32989690721649484
Ssl_JIM8777,S. salivarius,SALIVA_RS01005,0.30038022813688214,0.2537386815872948,0.3409378960709759
Ssl_JIM8777,S. salivarius,SALIVA_RS01010,0.23430962343096234,0.7049345974426883,0.39748953974895396
Ssl_JIM8777,S. salivarius,SALIVA_RS01015,0.3185840707964602,0.4947368200997545,0.41297935103244837
Ssl_JIM8777,S. salivarius,SALIVA_RS01020,0.368,0.4395954307053587,0.41733333333333333
Ssl_JIM8777,S. salivarius,SALIVA_RS01025,0.37358490566037733,0.4366972522846685,0.42012578616352203
Ssl_JIM8777,S. salivarius,SALIVA_RS01030,0.37054631828978624,0.38288859162950273,0.41488519398258117
Ssl_JIM8777,S. salivarius,SALIVA_RS01035,0.3285024154589372,0.5710947635009881,0.4256575415995706
Ssl_JIM8777,S. salivarius,SALIVA_RS01040,0.3972179289026275,0.3681089383889755,0.42194744976816073
Ssl_JIM8777,S. salivarius,SALIVA_RS01045,0.373134328358209,0.3831369967029765,0.4141791044776119
Ssl_JIM8777,S. salivarius,SALIVA_RS01055,0.29259259259259257,0.5592353987152873,0.4419753086419753
Ssl_JIM8777,S. salivarius,SALIVA_RS01060,0.32269503546099293,0.42037805600825284,0.40543735224586286
Ssl_JIM8777,S. salivarius,SALIVA_RS10270,0.45098039215686275,0.2173662652386982,0.4117647058823529
Ssl_JIM8777,S. salivarius,SALIVA_RS01065,0.27927927927927926,0.5421975515825141,0.3993993993993994
Ssl_JIM8777,S. salivarius,SALIVA_RS01070,0.46206896551724136,0.2390882387879845,0.4574712643678161
Ssl_JIM8777,S. salivarius,SALIVA_RS01075,0.40463917525773196,0.34625229816411446,0.43513745704467355
Ssl_JIM8777,S. salivarius,SALIVA_RS01085,0.3277777777777778,0.6586774794016571,0.3851851851851852
Ssl_JIM8777,S. salivarius,SALIVA_RS01090,0.44171779141104295,0.22248931538067898,0.4539877300613497
Ssl_JIM8777,S. salivarius,SALIVA_RS01095,0.4,0.34047725926623496,0.42962962962962964
Ssl_JIM8777,S. salivarius,SALIVA_RS01100,0.453125,0.2849329647813387,0.4244791666666667
Ssl_JIM8777,S. salivarius,SALIVA_RS01105,0.41127098321342925,0.5290831280786904,0.4540367705835332
Ssl_JIM8777,S. salivarius,SALIVA_RS01110,0.3026315789473684,0.23893261071879351,0.32456140350877194
Ssl_JIM8777,S. salivarius,SALIVA_RS01115,0.28780487804878047,0.2651668368689572,0.35853658536585364
Ssl_JIM8777,S. salivarius,SALIVA_RS01120,0.2898550724637681,0.287775709821803,0.34782608695652173
Ssl_JIM8777,S. salivarius,SALIVA_RS01125,0.2647058823529412,0.35182041794433955,0.3137254901960784
Ssl_JIM8777,S. salivarius,SALIVA_RS01130,0.3584905660377358,0.22870233208287225,0.3553459119496855
Ssl_JIM8777,S. salivarius,SALIVA_RS01135,0.3737024221453287,0.23719116062801107,0.4186851211072664
Ssl_JIM8777,S. salivarius,SALIVA_RS01140,0.35587188612099646,0.21523503662885551,0.38434163701067614
Ssl_JIM8777,S. salivarius,SALIVA_RS01145,0.39473684210526316,0.2421722490189009,0.38377192982456143
Ssl_JIM8777,S. salivarius,SALIVA_RS01150,0.4225352112676056,0.23592617975234106,0.39436619718309857
Ssl_JIM8777,S. salivarius,SALIVA_RS01155,0.35443037974683544,0.30340553327577074,0.4177215189873418
Ssl_JIM8777,S. salivarius,SALIVA_RS01160,0.39473684210526316,0.3355193058062677,0.4093567251461988
Ssl_JIM8777,S. salivarius,SALIVA_RS01165,0.4470046082949309,0.33156277659701255,0.4032258064516129
Ssl_JIM8777,S. salivarius,SALIVA_RS01170,0.3958762886597938,0.36969056426771685,0.4213058419243986
Ssl_JIM8777,S. salivarius,SALIVA_RS01175,0.3284671532846715,0.4673142030631087,0.44038929440389296
Ssl_JIM8777,S. salivarius,SALIVA_RS01180,0.3108108108108108,0.38644456704426217,0.3761261261261261
Ssl_JIM8777,S. salivarius,SALIVA_RS01185,0.32286995515695066,0.5033033085789725,0.40657698056801195
Ssl_JIM8777,S. salivarius,SALIVA_RS01190,0.3324607329842932,0.5257008766031507,0.4088132635253054
Ssl_JIM8777,S. salivarius,SALIVA_RS01195,0.33668341708542715,0.32195968504647854,0.3852596314907873
Ssl_JIM8777,S. salivarius,SALIVA_RS01200,0.3546511627906977,0.3090911541328755,0.37209302325581395
Ssl_JIM8777,S. salivarius,SALIVA_RS01205,0.2882882882882883,0.450255319370379,0.3783783783783784
Ssl_JIM8777,S. salivarius,SALIVA_RS01210,0.3161953727506427,0.41738495879946114,0.40959725792630675
Ssl_JIM8777,S. salivarius,SALIVA_RS01215,0.27627627627627627,0.5130604566364904,0.4189189189189189
Ssl_JIM8777,S. salivarius,SALIVA_RS01220,0.3478682170542636,0.2983813869890729,0.40794573643410853
Ssl_JIM8777,S. salivarius,SALIVA_RS01225,0.39330543933054396,0.35085407906284927,0.4490934449093445
Ssl_JIM8777,S. salivarius,SALIVA_RS01230,0.3363431151241535,0.5156813031766374,0.40933032355154253
Ssl_JIM8777,S. salivarius,SALIVA_RS01235,0.296969696969697,0.394701340785762,0.42424242424242425
Ssl_JIM8777,S. salivarius,SALIVA_RS01240,0.33990895295902884,0.3706837209551532,0.39959534648457257
Ssl_JIM8777,S. salivarius,SALIVA_RS01245,0.2608695652173913,0.5661118687784453,0.40372670807453415
Ssl_JIM8777,S. salivarius,SALIVA_RS01250,0.42810457516339867,0.4880322482499985,0.4433551198257081
Ssl_JIM8777,S. salivarius,SALIVA_RS01260,0.3780487804878049,0.3289047738466028,0.44308943089430897
Ssl_JIM8777,S. salivarius,SALIVA_RS01265,0.35714285714285715,0.30832090832644304,0.4007936507936508
Ssl_JIM8777,S. salivarius,SALIVA_RS01270,0.3826086956521739,0.32714883481356644,0.3869565217391304
Ssl_JIM8777,S. salivarius,SALIVA_RS01275,0.36147757255936674,0.47114113811370617,0.3887423043095866
Ssl_JIM8777,S. salivarius,SALIVA_RS01280,0.32057416267942584,0.48918039353093334,0.4130781499202552
Ssl_JIM8777,S. salivarius,SALIVA_RS01285,0.4143646408839779,0.34802557070732976,0.36464088397790057
Ssl_JIM8777,S. salivarius,SALIVA_RS01295,0.35661764705882354,0.3150432371293456,0.4227941176470588
Ssl_JIM8777,S. salivarius,SALIVA_RS01300,0.3169230769230769,0.3980712480391826,0.41846153846153844
Ssl_JIM8777,S. salivarius,SALIVA_RS01305,0.2988505747126437,0.3889663749820708,0.4118773946360153
Ssl_JIM8777,S. salivarius,SALIVA_RS01310,0.35403726708074534,0.3499605794770663,0.37060041407867494
Ssl_JIM8777,S. salivarius,SALIVA_RS01315,0.4094488188976378,0.25727681341393094,0.41601049868766404
Ssl_JIM8777,S. salivarius,SALIVA_RS01320,0.39915966386554624,0.32283861096761435,0.3963585434173669
Ssl_JIM8777,S. salivarius,SALIVA_RS01325,0.3247422680412371,0.29873757918971416,0.422680412371134
Ssl_JIM8777,S. salivarius,SALIVA_RS01330,0.371900826446281,0.36565603134925456,0.41735537190082644
Ssl_JIM8777,S. salivarius,SALIVA_RS01340,0.41458333333333336,0.31775899569745214,0.41805555555555557
Ssl_JIM8777,S. salivarius,SALIVA_RS01345,0.3622222222222222,0.3956825595377043,0.3977777777777778
Ssl_JIM8777,S. salivarius,SALIVA_RS01350,0.3588235294117647,0.37182535304291453,0.4117647058823529
Ssl_JIM8777,S. salivarius,SALIVA_RS01355,0.3010752688172043,0.4070392458538774,0.35125448028673834
Ssl_JIM8777,S. salivarius,SALIVA_RS01360,0.2995391705069124,0.34619215645125173,0.391705069124424
Ssl_JIM8777,S. salivarius,SALIVA_RS01365,0.32,0.2834415182915764,0.33555555555555555
Ssl_JIM8777,S. salivarius,SALIVA_RS01370,0.35336194563662376,0.28730323668255897,0.39341917024320455
Ssl_JIM8777,S. salivarius,SALIVA_RS01375,0.2882882882882883,0.28655209550529526,0.37237237237237236
Ssl_JIM8777,S. salivarius,SALIVA_RS01380,0.421505376344086,0.2634406479471242,0.42795698924731185
Ssl_JIM8777,S. salivarius,SALIVA_RS01385,0.3546511627906977,0.3403238081723854,0.39341085271317827
Ssl_JIM8777,S. salivarius,SALIVA_RS01390,0.2871287128712871,0.4632543076895357,0.3927392739273927
Ssl_JIM8777,S. salivarius,SALIVA_RS01395,0.3076923076923077,0.438877442192727,0.4326923076923077
Ssl_JIM8777,S. salivarius,SALIVA_RS01400,0.29842931937172773,0.5296040444731808,0.42175683536940084
Ssl_JIM8777,S. salivarius,SALIVA_RS01405,0.33112582781456956,0.37946778886236177,0.37527593818984545
Ssl_JIM8777,S. salivarius,SALIVA_RS01410,0.35294117647058826,0.3219977075543547,0.40336134453781514
Ssl_JIM8777,S. salivarius,SALIVA_RS01415,0.3121951219512195,0.4709719896601699,0.3886178861788618
Ssl_JIM8777,S. salivarius,SALIVA_RS01420,0.3535714285714286,0.3046263809998795,0.3904761904761905
Ssl_JIM8777,S. salivarius,SALIVA_RS01425,0.3803680981595092,0.32504175215576936,0.42433537832310836
Ssl_JIM8777,S. salivarius,SALIVA_RS01430,0.3730769230769231,0.21671404484186302,0.41025641025641024
Ssl_JIM8777,S. salivarius,SALIVA_RS01435,0.35564853556485354,0.2787584986776363,0.400278940027894
Ssl_JIM8777,S. salivarius,SALIVA_RS01440,0.29328621908127206,0.6011663125260988,0.3545347467608952
Ssl_JIM8777,S. salivarius,SALIVA_RS01445,0.28903654485049834,0.671841072543019,0.3754152823920266
Ssl_JIM8777,S. salivarius,SALIVA_RS01450,0.33986928104575165,0.3517183486135798,0.41466957153231665
Ssl_JIM8777,S. salivarius,SALIVA_RS01455,0.3202247191011236,0.4750141903095043,0.398876404494382
Ssl_JIM8777,S. salivarius,SALIVA_RS01460,0.3939393939393939,0.482888847089176,0.42712842712842713
Ssl_JIM8777,S. salivarius,SALIVA_RS01465,0.3598014888337469,0.3736692959871545,0.43424317617866004
Ssl_JIM8777,S. salivarius,SALIVA_RS01470,0.3080357142857143,0.3333122787041205,0.37648809523809523
Ssl_JIM8777,S. salivarius,SALIVA_RS01475,0.34505494505494505,0.2735307669669739,0.4
Ssl_JIM8777,S. salivarius,SALIVA_RS01480,0.4117647058823529,0.3643432652124274,0.43557422969187676
Ssl_JIM8777,S. salivarius,SALIVA_RS01485,0.29608938547486036,0.343299280735881,0.38361266294227186
Ssl_JIM8777,S. salivarius,SALIVA_RS01495,0.396078431372549,0.38463537380145935,0.39869281045751637
Ssl_JIM8777,S. salivarius,SALIVA_RS01500,0.33125,0.423592842487852,0.4125
Ssl_JIM8777,S. salivarius,SALIVA_RS01505,0.413265306122449,0.2771073273252712,0.4260204081632653
Ssl_JIM8777,S. salivarius,SALIVA_RS01510,0.40863787375415284,0.2900983592274159,0.43521594684385384
Ssl_JIM8777,S. salivarius,SALIVA_RS01515,0.35469107551487417,0.46743832639044897,0.41800152555301295
Ssl_JIM8777,S. salivarius,SALIVA_RS01520,0.3476190476190476,0.32203090333883927,0.41904761904761906
Ssl_JIM8777,S. salivarius,SALIVA_RS01525,0.3051643192488263,0.6817639559368642,0.4217527386541471
Ssl_JIM8777,S. salivarius,SALIVA_RS01530,0.328,0.3590608401340344,0.3893333333333333
Ssl_JIM8777,S. salivarius,SALIVA_RS01535,0.3848684210526316,0.630613588412884,0.41885964912280704
Ssl_JIM8777,S. salivarius,SALIVA_RS01540,0.3639705882352941,0.572732656096984,0.4877450980392157
Ssl_JIM8777,S. salivarius,SALIVA_RS01545,0.34441087613293053,0.6216390994683403,0.43605236656596175
Ssl_JIM8777,S. salivarius,SALIVA_RS01550,0.3643410852713178,0.34543505606969244,0.38242894056847543
Ssl_JIM8777,S. salivarius,SALIVA_RS01555,0.36721311475409835,0.5463471880044306,0.4349726775956284
Ssl_JIM8777,S. salivarius,SALIVA_RS01560,0.3895131086142322,0.47430782792866544,0.4706616729088639
Ssl_JIM8777,S. salivarius,SALIVA_RS01565,0.2857142857142857,0.5869586520774396,0.4156746031746032
Ssl_JIM8777,S. salivarius,SALIVA_RS01570,0.3237704918032787,0.4399792500037194,0.4098360655737705
Ssl_JIM8777,S. salivarius,SALIVA_RS01575,0.4059040590405904,0.36550285171522906,0.4145141451414514
Ssl_JIM8777,S. salivarius,SALIVA_RS01580,0.33544303797468356,0.5192912194540068,0.4149085794655415
Ssl_JIM8777,S. salivarius,SALIVA_RS01585,0.36486486486486486,0.22295193323631737,0.4189189189189189
Ssl_JIM8777,S. salivarius,SALIVA_RS01590,0.3218390804597701,0.29355195245501586,0.4118773946360153
Ssl_JIM8777,S. salivarius,SALIVA_RS01595,0.3133971291866029,0.3639686170653329,0.39473684210526316
Ssl_JIM8777,S. salivarius,SALIVA_RS01600,0.37341772151898733,0.3717449043314442,0.4177215189873418
Ssl_JIM8777,S. salivarius,SALIVA_RS01605,0.3,0.5437719604988781,0.4125
Ssl_JIM8777,S. salivarius,SALIVA_RS01615,0.3069306930693069,0.31740365821978705,0.37623762376237624
Ssl_JIM8777,S. salivarius,SALIVA_RS01620,0.28465608465608466,0.5277110138652398,0.43315696649029983
Ssl_JIM8777,S. salivarius,SALIVA_RS01625,0.3220338983050847,0.5175185376067927,0.3757062146892655
Ssl_JIM8777,S. salivarius,SALIVA_RS01630,0.34574468085106386,0.28322783794616113,0.425531914893617
Ssl_JIM8777,S. salivarius,SALIVA_RS01635,0.3260340632603406,0.3023480778109093,0.37631792376317924
Ssl_JIM8777,S. salivarius,SALIVA_RS01640,0.3900414937759336,0.3750946977122629,0.42531120331950206
Ssl_JIM8777,S. salivarius,SALIVA_RS01645,0.42463235294117646,0.3174922950560855,0.4252450980392157
Ssl_JIM8777,S. salivarius,SALIVA_RS01650,0.37216828478964403,0.3014012488144591,0.43329737504494786
Ssl_JIM8777,S. salivarius,SALIVA_RS01655,0.30684931506849317,0.4143951012264034,0.40273972602739727
Ssl_JIM8777,S. salivarius,SALIVA_RS01660,0.3170103092783505,0.38838641863608175,0.3857388316151203
Ssl_JIM8777,S. salivarius,SALIVA_RS01665,0.3501742160278746,0.336376761854898,0.3943089430894309
Ssl_JIM8777,S. salivarius,SALIVA_RS01670,0.2890946502057613,0.5290484551878951,0.41872427983539096
Ssl_JIM8777,S. salivarius,SALIVA_RS01675,0.2571428571428571,0.5799022667799595,0.4031746031746032
Ssl_JIM8777,S. salivarius,SALIVA_RS01680,0.3553299492385787,0.522979829565158,0.40609137055837563
Ssl_JIM8777,S. salivarius,SALIVA_RS01685,0.38,0.2962652897629069,0.3933333333333333
Ssl_JIM8777,S. salivarius,SALIVA_RS01695,0.2857142857142857,0.4912951030167637,0.3877551020408163
Ssl_JIM8777,S. salivarius,SALIVA_RS01700,0.3559322033898305,0.45593212394854976,0.4124293785310734
Ssl_JIM8777,S. salivarius,SALIVA_RS01705,0.35331230283911674,0.5667676938060908,0.3964248159831756
Ssl_JIM8777,S. salivarius,SALIVA_RS01710,0.3058823529411765,0.5502985779174073,0.396078431372549
Ssl_JIM8777,S. salivarius,SALIVA_RS01715,0.24050632911392406,0.5165071970085116,0.4022503516174402
Ssl_JIM8777,S. salivarius,SALIVA_RS01720,0.2909090909090909,0.485156436867483,0.39090909090909093
Ssl_JIM8777,S. salivarius,SALIVA_RS01725,0.23300970873786409,0.6354584358384685,0.42179072276159657
Ssl_JIM8777,S. salivarius,SALIVA_RS01730,0.3062200956937799,0.36995936969933535,0.4003189792663477
Ssl_JIM8777,S. salivarius,SALIVA_RS01735,0.29318181818181815,0.27268147914892704,0.38181818181818183
Ssl_JIM8777,S. salivarius,SALIVA_RS01740,0.27149321266968324,0.2770167307357076,0.32277526395173456
Ssl_JIM8777,S. salivarius,SALIVA_RS01745,0.25136612021857924,0.5418602790454693,0.3570127504553734
Ssl_JIM8777,S. salivarius,SALIVA_RS01800,0.1607717041800643,0.575856472115756,0.3579849946409432
Ssl_JIM8777,S. salivarius,SALIVA_RS01805,0.21818181818181817,0.22899093425558598,0.2909090909090909
Ssl_JIM8777,S. salivarius,SALIVA_RS01810,0.3202247191011236,0.393631504979734,0.35580524344569286
Ssl_JIM8777,S. salivarius,SALIVA_RS01815,0.2625482625482625,0.3402117817995206,0.323037323037323
Ssl_JIM8777,S. salivarius,SALIVA_RS01820,0.28982300884955753,0.3202627527636719,0.3775811209439528
Ssl_JIM8777,S. salivarius,SALIVA_RS01825,0.3293051359516616,0.48750528216849615,0.4078549848942598
Ssl_JIM8777,S. salivarius,SALIVA_RS01830,0.31567328918322296,0.4864381021821176,0.40986019131714496
Ssl_JIM8777,S. salivarius,SALIVA_RS01835,0.3286384976525822,0.31046806694018375,0.38028169014084506
Ssl_JIM8777,S. salivarius,SALIVA_RS01840,0.2689393939393939,0.528673718397746,0.3977272727272727
Ssl_JIM8777,S. salivarius,SALIVA_RS01845,0.3310344827586207,0.3952177278679794,0.37701149425287356
Ssl_JIM8777,S. salivarius,SALIVA_RS01850,0.3333333333333333,0.362219363643156,0.4226375908618899
Ssl_JIM8777,S. salivarius,SALIVA_RS01860,0.2701863354037267,0.5860163239162376,0.4358178053830228
Ssl_JIM8777,S. salivarius,SALIVA_RS01865,0.2736156351791531,0.4510603685194577,0.4158523344191097
Ssl_JIM8777,S. salivarius,SALIVA_RS01870,0.2897959183673469,0.5237166815845844,0.4122448979591837
Ssl_JIM8777,S. salivarius,SALIVA_RS01875,0.25304136253041365,0.611619429720651,0.4144363341443633
Ssl_JIM8777,S. salivarius,SALIVA_RS01880,0.22424242424242424,0.6164855798203328,0.4262626262626263
Ssl_JIM8777,S. salivarius,SALIVA_RS01885,0.24647887323943662,0.5584375344069407,0.38967136150234744
Ssl_JIM8777,S. salivarius,SALIVA_RS01890,0.31947483588621445,0.455581673186359,0.4208606856309263
Ssl_JIM8777,S. salivarius,SALIVA_RS01895,0.30103806228373703,0.4657417803180776,0.4071510957324106
Ssl_JIM8777,S. salivarius,SALIVA_RS01900,0.33852140077821014,0.44051457501750224,0.437094682230869
Ssl_JIM8777,S. salivarius,SALIVA_RS01905,0.2608695652173913,0.564463735126645,0.391304347826087
Ssl_JIM8777,S. salivarius,SALIVA_RS01910,0.32649253731343286,0.4390542856292347,0.4291044776119403
Ssl_JIM8777,S. salivarius,SALIVA_RS01915,0.3092369477911647,0.31762999869488867,0.40562248995983935
Ssl_JIM8777,S. salivarius,SALIVA_RS01920,0.3223684210526316,0.44671777363495757,0.4144736842105263
Ssl_JIM8777,S. salivarius,SALIVA_RS01925,0.2898330804248862,0.6130484510003045,0.4385432473444613
Ssl_JIM8777,S. salivarius,SALIVA_RS01930,0.31929046563192903,0.3996063324984284,0.43458980044345896
Ssl_JIM8777,S. salivarius,SALIVA_RS01935,0.3855421686746988,0.31066695342535433,0.41927710843373495
Ssl_JIM8777,S. salivarius,SALIVA_RS01940,0.33116883116883117,0.42547038111941804,0.42857142857142855
Ssl_JIM8777,S. salivarius,SALIVA_RS01945,0.3481675392670157,0.36120929422107356,0.41972076788830714
Ssl_JIM8777,S. salivarius,SALIVA_RS01950,0.35294117647058826,0.4248078939183606,0.4199346405228758
Ssl_JIM8777,S. salivarius,SALIVA_RS01955,0.4107142857142857,0.4039926105681275,0.4126984126984127
Ssl_JIM8777,S. salivarius,SALIVA_RS01960,0.39545454545454545,0.3915055964975873,0.4075757575757576
Ssl_JIM8777,S. salivarius,SALIVA_RS01965,0.3407821229050279,0.25450611515938426,0.40782122905027934
Ssl_JIM8777,S. salivarius,SALIVA_RS01970,0.24761904761904763,0.760828366146251,0.38412698412698415
Ssl_JIM8777,S. salivarius,SALIVA_RS01980,0.33189655172413796,0.3228420931465671,0.4166666666666667
Ssl_JIM8777,S. salivarius,SALIVA_RS01985,0.336,0.5389862318130064,0.384
Ssl_JIM8777,S. salivarius,SALIVA_RS01990,0.3665480427046263,0.3372814715701138,0.4068801897983393
Ssl_JIM8777,S. salivarius,SALIVA_RS01995,0.30859375,0.49996154606162085,0.43359375
Ssl_JIM8777,S. salivarius,SALIVA_RS02000,0.42144638403990026,0.30317967159097026,0.44139650872817954
Ssl_JIM8777,S. salivarius,SALIVA_RS02005,0.42902711323763953,0.3365370545398293,0.4269005847953216
Ssl_JIM8777,S. salivarius,SALIVA_RS02010,0.4226190476190476,0.2950625646880316,0.42857142857142855
Ssl_JIM8777,S. salivarius,SALIVA_RS02015,0.452755905511811,0.28108799943898066,0.4409448818897638
Ssl_JIM8777,S. salivarius,SALIVA_RS02020,0.43902439024390244,0.3120373714506692,0.43450767841011745
Ssl_JIM8777,S. salivarius,SALIVA_RS02025,0.2572062084257206,0.744543369736825,0.41685144124168516
Ssl_JIM8777,S. salivarius,SALIVA_RS02030,0.3752808988764045,0.2759401083586142,0.37453183520599254
Ssl_JIM8777,S. salivarius,SALIVA_RS02035,0.3357664233576642,0.3289083584797763,0.36982968369829683
Ssl_JIM8777,S. salivarius,SALIVA_RS02040,0.33783783783783783,0.29507051734338763,0.36486486486486486
Ssl_JIM8777,S. salivarius,SALIVA_RS02045,0.3785123966942149,0.35745899307496576,0.4115702479338843
Ssl_JIM8777,S. salivarius,SALIVA_RS02050,0.37099494097807756,0.4021391546008753,0.40809443507588533
Ssl_JIM8777,S. salivarius,SALIVA_RS02055,0.39903846153846156,0.3116870122295976,0.40705128205128205
Ssl_JIM8777,S. salivarius,SALIVA_RS02060,0.39903846153846156,0.2995796359229826,0.39903846153846156
Ssl_JIM8777,S. salivarius,SALIVA_RS02065,0.4646017699115044,0.2695846971442336,0.45870206489675514
Ssl_JIM8777,S. salivarius,SALIVA_RS02070,0.39215686274509803,0.2587845102126183,0.4035947712418301
Ssl_JIM8777,S. salivarius,SALIVA_RS02075,0.2845528455284553,0.6075454604611231,0.43360433604336046
Ssl_JIM8777,S. salivarius,SALIVA_RS02080,0.27956989247311825,0.688372851355094,0.4032258064516129
Ssl_JIM8777,S. salivarius,SALIVA_RS02085,0.35664335664335667,0.3928561692328939,0.4149184149184149
Ssl_JIM8777,S. salivarius,SALIVA_RS02095,0.21428571428571427,0.6428725396000738,0.45
Ssl_JIM8777,S. salivarius,SALIVA_RS02100,0.3492957746478873,0.37604686329725223,0.4197183098591549
Ssl_JIM8777,S. salivarius,SALIVA_RS02105,0.34763948497854075,0.289949407919698,0.3676680972818312
Ssl_JIM8777,S. salivarius,SALIVA_RS02110,0.3545706371191136,0.35296493034901477,0.38596491228070173
Ssl_JIM8777,S. salivarius,SALIVA_RS02115,0.31399317406143346,0.3651346798453642,0.3708759954493743
Ssl_JIM8777,S. salivarius,SALIVA_RS02120,0.2680851063829787,0.32614665790105035,0.3730496453900709
Ssl_JIM8777,S. salivarius,SALIVA_RS02125,0.32167832167832167,0.2610115695231602,0.3473193473193473
Ssl_JIM8777,S. salivarius,SALIVA_RS02130,0.3847305389221557,0.5485825164909102,0.4226546906187625
Ssl_JIM8777,S. salivarius,SALIVA_RS02135,0.3404255319148936,0.3241311516955432,0.4148936170212766
Ssl_JIM8777,S. salivarius,SALIVA_RS02140,0.35785953177257523,0.32019956212880013,0.4069119286510591
Ssl_JIM8777,S. salivarius,SALIVA_RS02145,0.3441295546558704,0.2704314308004844,0.40215924426450744
Ssl_JIM8777,S. salivarius,SALIVA_RS02150,0.24303405572755418,0.6672484760430218,0.40299277605779155
Ssl_JIM8777,S. salivarius,SALIVA_RS02155,0.353125,0.2240148935040445,0.3958333333333333
Ssl_JIM8777,S. salivarius,SALIVA_RS02160,0.39700996677740863,0.4590226393734694,0.41915836101882614
Ssl_JIM8777,S. salivarius,SALIVA_RS02165,0.4201474201474201,0.27963796230036136,0.4561834561834562
Ssl_JIM8777,S. salivarius,SALIVA_RS02170,0.4067796610169492,0.3551439369163974,0.422316384180791
Ssl_JIM8777,S. salivarius,SALIVA_RS02175,0.28608923884514437,0.5637196797737145,0.40244969378827644
Ssl_JIM8777,S. salivarius,SALIVA_RS02180,0.3765432098765432,0.25154704857746446,0.3888888888888889
Ssl_JIM8777,S. salivarius,SALIVA_RS02185,0.31844215349369986,0.6199152425764999,0.4345169912180221
Ssl_JIM8777,S. salivarius,SALIVA_RS02190,0.31103286384976525,0.4499115752850351,0.433489827856025
Ssl_JIM8777,S. salivarius,SALIVA_RS02195,0.316678912564291,0.45740913055731464,0.4308106784227284
Ssl_JIM8777,S. salivarius,SALIVA_RS02200,0.4482758620689655,0.2918673560927138,0.45849297573435505
Ssl_JIM8777,S. salivarius,SALIVA_RS02205,0.39086294416243655,0.30287842524827674,0.4576988155668359
Ssl_JIM8777,S. salivarius,SALIVA_RS02210,0.35777126099706746,0.31699679635073685,0.4046920821114369
Ssl_JIM8777,S. salivarius,SALIVA_RS02215,0.36432160804020103,0.34137802385340205,0.4271356783919598
Ssl_JIM8777,S. salivarius,SALIVA_RS02220,0.3943089430894309,0.2806139761792631,0.4281842818428184
Ssl_JIM8777,S. salivarius,SALIVA_RS02225,0.3952254641909814,0.2946761798048904,0.4403183023872679
Ssl_JIM8777,S. salivarius,SALIVA_RS02230,0.4880546075085324,0.27506894611328875,0.4459613196814562
Ssl_JIM8777,S. salivarius,SALIVA_RS02235,0.317016317016317,0.5994309340726072,0.40714840714840717
Ssl_JIM8777,S. salivarius,SALIVA_RS02240,0.3554006968641115,0.3941806206511959,0.4413472706155633
Ssl_JIM8777,S. salivarius,SALIVA_RS02245,0.39661016949152544,0.22910531066742776,0.41694915254237286
Ssl_JIM8777,S. salivarius,SALIVA_RS02250,0.3300970873786408,0.4014388483306976,0.4223300970873786
Ssl_JIM8777,S. salivarius,SALIVA_RS02260,0.41578947368421054,0.26707021306330236,0.4192982456140351
Ssl_JIM8777,S. salivarius,SALIVA_RS02265,0.2553191489361702,0.2279288812261091,0.2553191489361702
Ssl_JIM8777,S. salivarius,SALIVA_RS02270,0.43665158371040724,0.5529522174674569,0.4479638009049774
Ssl_JIM8777,S. salivarius,SALIVA_RS02275,0.19722650231124808,0.2673796876051445,0.2696456086286595
Ssl_JIM8777,S. salivarius,SALIVA_RS02290,0.3898305084745763,0.3704714655931931,0.3771186440677966
Ssl_JIM8777,S. salivarius,SALIVA_RS02295,0.2710843373493976,0.5304902749569307,0.40160642570281124
Ssl_JIM8777,S. salivarius,SALIVA_RS02300,0.3854748603351955,0.3550171712430633,0.3854748603351955
Ssl_JIM8777,S. salivarius,SALIVA_RS02305,0.29880478087649404,0.594216154166638,0.42695883134130147
Ssl_JIM8777,S. salivarius,SALIVA_RS02310,0.2935153583617747,0.49204957387069864,0.3981797497155859
Ssl_JIM8777,S. salivarius,SALIVA_RS02315,0.31556503198294245,0.5816218973990444,0.4463397299218195
Ssl_JIM8777,S. salivarius,SALIVA_RS02320,0.34532374100719426,0.48580228410879384,0.460431654676259
Ssl_JIM8777,S. salivarius,SALIVA_RS02325,0.38875878220140514,0.2956359115852551,0.4059328649492584
Ssl_JIM8777,S. salivarius,SALIVA_RS02330,0.3283208020050125,0.8027638229857865,0.44110275689223055
Ssl_JIM8777,S. salivarius,SALIVA_RS02335,0.23715415019762845,0.8388382224356801,0.4268774703557312
Ssl_JIM8777,S. salivarius,SALIVA_RS02340,0.26435045317220546,0.6188355136697233,0.43605236656596175
Ssl_JIM8777,S. salivarius,SALIVA_RS02350,0.3380952380952381,0.33600071551246524,0.4396825396825397
Ssl_JIM8777,S. salivarius,SALIVA_RS02355,0.3493150684931507,0.252100989602089,0.3995433789954338
Ssl_JIM8777,S. salivarius,SALIVA_RS02360,0.32342007434944237,0.30534294121870326,0.40396530359355637
Ssl_JIM8777,S. salivarius,SALIVA_RS02365,0.4485981308411215,0.3814967250413255,0.4143302180685358
Ssl_JIM8777,S. salivarius,SALIVA_RS02370,0.3737024221453287,0.25270863637815266,0.4279123414071511
Ssl_JIM8777,S. salivarius,SALIVA_RS02375,0.3592233009708738,0.35249270439379315,0.4368932038834951
Ssl_JIM8777,S. salivarius,SALIVA_RS02380,0.3333333333333333,0.37089139607912786,0.4327485380116959
Ssl_JIM8777,S. salivarius,SALIVA_RS02385,0.4474885844748858,0.2569748975681208,0.4140030441400304
Ssl_JIM8777,S. salivarius,SALIVA_RS02390,0.36496350364963503,0.3683037481276923,0.42700729927007297
Ssl_JIM8777,S. salivarius,SALIVA_RS02395,0.46745562130177515,0.24109593311089234,0.40631163708086787
Ssl_JIM8777,S. salivarius,SALIVA_RS02400,0.35097493036211697,0.3174112370279162,0.4373259052924791
Ssl_JIM8777,S. salivarius,SALIVA_RS02405,0.4227941176470588,0.41369707416271356,0.4375
Ssl_JIM8777,S. salivarius,SALIVA_RS02410,0.34203655352480417,0.356365414402813,0.4621409921671018
Ssl_JIM8777,S. salivarius,SALIVA_RS02415,0.42168674698795183,0.3061102837774575,0.42650602409638555
Ssl_JIM8777,S. salivarius,SALIVA_RS02420,0.3954248366013072,0.5766641348304375,0.44989106753812635
Ssl_JIM8777,S. salivarius,SALIVA_RS02425,0.3637702503681885,0.5413675876709343,0.44329896907216493
Ssl_JIM8777,S. salivarius,SALIVA_RS02435,0.4504310344827586,0.37598693521881277,0.4281609195402299
Ssl_JIM8777,S. salivarius,SALIVA_RS02440,0.3584905660377358,0.36688436425915205,0.40408805031446543
Ssl_JIM8777,S. salivarius,SALIVA_RS02445,0.3280757097791798,0.43398003316337674,0.43480546792849634
Ssl_JIM8777,S. salivarius,SALIVA_RS02450,0.391304347826087,0.4706786685435769,0.41238471673254284
Ssl_JIM8777,S. salivarius,SALIVA_RS02455,0.2916666666666667,0.5405970602197455,0.4057017543859649
Ssl_JIM8777,S. salivarius,SALIVA_RS10695,0.4556213017751479,0.17792811404821096,0.4280078895463511
Ssl_JIM8777,S. salivarius,SALIVA_RS02470,0.2564102564102564,0.25651409438966466,0.2799145299145299
Ssl_JIM8777,S. salivarius,SALIVA_RS02475,0.4092009685230024,0.3844119765216253,0.420500403551251
Ssl_JIM8777,S. salivarius,SALIVA_RS02480,0.4867549668874172,0.3128801558730177,0.4359823399558499
Ssl_JIM8777,S. salivarius,SALIVA_RS02485,0.44155844155844154,0.2895301278110473,0.4090909090909091
Ssl_JIM8777,S. salivarius,SALIVA_RS02490,0.4882154882154882,0.3014164790918842,0.4826038159371493
Ssl_JIM8777,S. salivarius,SALIVA_RS02495,0.367816091954023,0.5218232046223861,0.42528735632183906
Ssl_JIM8777,S. salivarius,SALIVA_RS02500,0.4107981220657277,0.37776390602674775,0.42488262910798125
Ssl_JIM8777,S. salivarius,SALIVA_RS02505,0.43042071197411,0.29696925588477713,0.44336569579288027
Ssl_JIM8777,S. salivarius,SALIVA_RS02510,0.3856749311294766,0.5324418920013271,0.44168962350780533
Ssl_JIM8777,S. salivarius,SALIVA_RS02515,0.3641509433962264,0.5719954619694189,0.4367924528301887
Ssl_JIM8777,S. salivarius,SALIVA_RS02520,0.4126984126984127,0.2348018435854536,0.4523809523809524
Ssl_JIM8777,S. salivarius,SALIVA_RS02525,0.3923444976076555,0.30334446517212904,0.4393939393939394
Ssl_JIM8777,S. salivarius,SALIVA_RS02530,0.4585152838427948,0.23665545710019534,0.45997088791848617
Ssl_JIM8777,S. salivarius,SALIVA_RS02535,0.4392059553349876,0.2784512144412979,0.44747725392886684
Ssl_JIM8777,S. salivarius,SALIVA_RS02540,0.27380952380952384,0.6621175514857734,0.4384920634920635
Ssl_JIM8777,S. salivarius,SALIVA_RS02545,0.1951219512195122,0.8016423664821544,0.42276422764227645
Ssl_JIM8777,S. salivarius,SALIVA_RS02550,0.20192307692307693,0.2706554225113763,0.2644230769230769
Ssl_JIM8777,S. salivarius,SALIVA_RS02555,0.23684210526315788,0.33413730316337814,0.3365231259968102
Ssl_JIM8777,S. salivarius,SALIVA_RS02560,0.18536585365853658,0.41168448366955307,0.36910569105691055
Ssl_JIM8777,S. salivarius,SALIVA_RS02565,0.20855614973262032,0.4591512363550634,0.40819964349376114
Ssl_JIM8777,S. salivarius,SALIVA_RS02570,0.3255968169761273,0.4566497673120473,0.4363395225464191
Ssl_JIM8777,S. salivarius,SALIVA_RS02585,0.2460136674259681,0.2862407806774502,0.30372057706909644
Ssl_JIM8777,S. salivarius,SALIVA_RS02590,0.21370967741935484,0.3754082188023365,0.3225806451612903
Ssl_JIM8777,S. salivarius,SALIVA_RS02600,0.2589928057553957,0.22045573757498135,0.3381294964028777
Ssl_JIM8777,S. salivarius,SALIVA_RS02605,0.21779141104294478,0.29667834080251143,0.294478527607362
Ssl_JIM8777,S. salivarius,SALIVA_RS02610,0.2767857142857143,0.27614471805407487,0.33482142857142855
Ssl_JIM8777,S. salivarius,SALIVA_RS02615,0.23979591836734693,0.2608262892602896,0.322562358276644
Ssl_JIM8777,S. salivarius,SALIVA_RS02625,0.2785714285714286,0.2338377439279633,0.38095238095238093
Ssl_JIM8777,S. salivarius,SALIVA_RS02630,0.2542372881355932,0.2625253744826583,0.3474576271186441
Ssl_JIM8777,S. salivarius,SALIVA_RS02635,0.24719101123595505,0.22603324091583749,0.31335830212234705
Ssl_JIM8777,S. salivarius,SALIVA_RS02640,0.23478260869565218,0.24507107046479118,0.26811594202898553
Ssl_JIM8777,S. salivarius,SALIVA_RS02645,0.2134251290877797,0.2383986890977518,0.31153184165232356
Ssl_JIM8777,S. salivarius,SALIVA_RS02650,0.27522935779816515,0.3810820628176827,0.2996941896024465
Ssl_JIM8777,S. salivarius,SALIVA_RS02655,0.20985221674876847,0.4995970456129089,0.3704433497536946
Ssl_JIM8777,S. salivarius,SALIVA_RS02660,0.256198347107438,0.38220993025092137,0.3691460055096419
Ssl_JIM8777,S. salivarius,SALIVA_RS02665,0.268018018018018,0.30811337352335927,0.3716216216216216
Ssl_JIM8777,S. salivarius,SALIVA_RS02670,0.34375,0.36969852585703694,0.3177083333333333
Ssl_JIM8777,S. salivarius,SALIVA_RS02675,0.2347417840375587,0.332701432690467,0.2942097026604069
Ssl_JIM8777,S. salivarius,SALIVA_RS02680,0.17647058823529413,0.24362962852992062,0.25
Ssl_JIM8777,S. salivarius,SALIVA_RS02685,0.22026431718061673,0.32765112464762947,0.28193832599118945
Ssl_JIM8777,S. salivarius,SALIVA_RS02700,0.40241796200345425,0.3216965631533228,0.43293033966609096
Ssl_JIM8777,S. salivarius,SALIVA_RS02705,0.4228187919463087,0.3390643279249051,0.4217002237136465
Ssl_JIM8777,S. salivarius,SALIVA_RS02710,0.46264367816091956,0.34922127365878064,0.4703065134099617
Ssl_JIM8777,S. salivarius,SALIVA_RS02715,0.4444444444444444,0.33020057706676054,0.4515669515669516
Ssl_JIM8777,S. salivarius,SALIVA_RS02720,0.24537037037037038,0.26794935976607126,0.3194444444444444
Ssl_JIM8777,S. salivarius,SALIVA_RS02725,0.25316455696202533,0.32535359502575717,0.3066104078762307
Ssl_JIM8777,S. salivarius,SALIVA_RS02730,0.27631578947368424,0.3082744043158339,0.34539473684210525
Ssl_JIM8777,S. salivarius,SALIVA_RS02735,0.24481327800829875,0.2926981028468048,0.343015214384509
Ssl_JIM8777,S. salivarius,SALIVA_RS02740,0.46646341463414637,0.46128709836976417,0.4654471544715447
Ssl_JIM8777,S. salivarius,SALIVA_RS02750,0.3151515151515151,0.27016360444510334,0.35353535353535354
Ssl_JIM8777,S. salivarius,SALIVA_RS02755,0.3968871595330739,0.28145884546801686,0.4409857328145266
Ssl_JIM8777,S. salivarius,SALIVA_RS02760,0.43859649122807015,0.3030895185740302,0.45760233918128657
Ssl_JIM8777,S. salivarius,SALIVA_RS02765,0.4041666666666667,0.2439627810408454,0.44583333333333336
Ssl_JIM8777,S. salivarius,SALIVA_RS02770,0.39473684210526316,0.32739932220261836,0.4535087719298246
Ssl_JIM8777,S. salivarius,SALIVA_RS02775,0.31536388140161725,0.44722944323528857,0.4636118598382749
Ssl_JIM8777,S. salivarius,SALIVA_RS02780,0.34710743801652894,0.30458172312953613,0.3884297520661157
Ssl_JIM8777,S. salivarius,SALIVA_RS02785,0.35580524344569286,0.25656204973304536,0.3707865168539326
Ssl_JIM8777,S. salivarius,SALIVA_RS02790,0.3553530751708428,0.4273101903500991,0.43507972665148065
Ssl_JIM8777,S. salivarius,SALIVA_RS02795,0.45733788395904434,0.23146796121567847,0.47667804323094426
Ssl_JIM8777,S. salivarius,SALIVA_RS02800,0.45714285714285713,0.3116997237965582,0.4560846560846561
Ssl_JIM8777,S. salivarius,SALIVA_RS02805,0.4397590361445783,0.2899829697896704,0.4608433734939759
Ssl_JIM8777,S. salivarius,SALIVA_RS02810,0.44477611940298506,0.2953483032982981,0.4646766169154229
Ssl_JIM8777,S. salivarius,SALIVA_RS02815,0.4142857142857143,0.2792696148738226,0.41904761904761906
Ssl_JIM8777,S. salivarius,SALIVA_RS02820,0.37083333333333335,0.25949101160532756,0.36944444444444446
Ssl_JIM8777,S. salivarius,SALIVA_RS02825,0.3979706877113867,0.3683405610492842,0.41676061630965805
Ssl_JIM8777,S. salivarius,SALIVA_RS02830,0.3600867678958785,0.48848402093365967,0.42733188720173537
Ssl_JIM8777,S. salivarius,SALIVA_RS02835,0.39344262295081966,0.40797322531688085,0.4408014571948998
Ssl_JIM8777,S. salivarius,SALIVA_RS02845,0.38095238095238093,0.38879730453543027,0.43867243867243866
Ssl_JIM8777,S. salivarius,SALIVA_RS10205,0.34592445328031807,0.3960746755990878,0.4271040424121935
Ssl_JIM8777,S. salivarius,SALIVA_RS02855,0.43543543543543545,0.3675696999197371,0.4364364364364364
Ssl_JIM8777,S. salivarius,SALIVA_RS02860,0.41043083900226757,0.3358099318811062,0.42857142857142855
Ssl_JIM8777,S. salivarius,SALIVA_RS02865,0.38636363636363635,0.30993219286870277,0.35858585858585856
Ssl_JIM8777,S. salivarius,SALIVA_RS02870,0.34822804314329736,0.6717040001693235,0.4268104776579353
Ssl_JIM8777,S. salivarius,SALIVA_RS02875,0.43130990415335463,0.18361807992699525,0.4323748668796592
Ssl_JIM8777,S. salivarius,SALIVA_RS02880,0.4192634560906516,0.23855828674203816,0.42492917847025496
Ssl_JIM8777,S. salivarius,SALIVA_RS02890,0.5221238938053098,0.3393771207646754,0.4469026548672566
Ssl_JIM8777,S. salivarius,SALIVA_RS02895,0.4066666666666667,0.2804571754800478,0.41555555555555557
Ssl_JIM8777,S. salivarius,SALIVA_RS02900,0.4221698113207547,0.27850519524465306,0.4724842767295597
Ssl_JIM8777,S. salivarius,SALIVA_RS02905,0.3487179487179487,0.39162926481694027,0.43333333333333335
Ssl_JIM8777,S. salivarius,SALIVA_RS02910,0.43902439024390244,0.3717901063769629,0.4262485481997677
Ssl_JIM8777,S. salivarius,SALIVA_RS02915,0.4107142857142857,0.32722614643346054,0.44841269841269843
Ssl_JIM8777,S. salivarius,SALIVA_RS02925,0.37163814180929094,0.4674968402177846,0.42379788101059496
Ssl_JIM8777,S. salivarius,SALIVA_RS02930,0.38,0.37312766983971873,0.415
Ssl_JIM8777,S. salivarius,SALIVA_RS02935,0.39864864864864863,0.33158396682445623,0.43318318318318316
Ssl_JIM8777,S. salivarius,SALIVA_RS02940,0.3911671924290221,0.30250459253058487,0.4426919032597266
Ssl_JIM8777,S. salivarius,SALIVA_RS02950,0.19047619047619047,0.614517733202259,0.40476190476190477
Ssl_JIM8777,S. salivarius,SALIVA_RS02955,0.43457943925233644,0.30529407922720314,0.43302180685358255
Ssl_JIM8777,S. salivarius,SALIVA_RS02960,0.36923076923076925,0.37359048451631965,0.43846153846153846
Ssl_JIM8777,S. salivarius,SALIVA_RS02965,0.32786885245901637,0.24854661156792968,0.3406193078324226
Ssl_JIM8777,S. salivarius,SALIVA_RS02970,0.36996336996337,0.38322622759101216,0.4253154253154253
Ssl_JIM8777,S. salivarius,SALIVA_RS02995,0.18703241895261846,0.8028818553551653,0.40648379052369077
Ssl_JIM8777,S. salivarius,SALIVA_RS03005,0.3526570048309179,0.36419633781003874,0.3896940418679549
Ssl_JIM8777,S. salivarius,SALIVA_RS03010,0.3508771929824561,0.2367521826806185,0.3684210526315789
Ssl_JIM8777,S. salivarius,SALIVA_RS03015,0.32038834951456313,0.36418674663730705,0.3843042071197411
Ssl_JIM8777,S. salivarius,SALIVA_RS03020,0.3426791277258567,0.3153611367410714,0.411214953271028
Ssl_JIM8777,S. salivarius,SALIVA_RS03025,0.38613861386138615,0.4471525505431803,0.3795379537953795
Ssl_JIM8777,S. salivarius,SALIVA_RS03030,0.35294117647058826,0.400463443154055,0.41612200435729846
Ssl_JIM8777,S. salivarius,SALIVA_RS03035,0.35667107001321,0.48484045194026515,0.432408630559225
Ssl_JIM8777,S. salivarius,SALIVA_RS03040,0.39143730886850153,0.3117473850121022,0.3924566768603466
Ssl_JIM8777,S. salivarius,SALIVA_RS03050,0.46255506607929514,0.3739760903524501,0.4287812041116006
Ssl_JIM8777,S. salivarius,SALIVA_RS03055,0.3673469387755102,0.4676534800300703,0.40408163265306124
Ssl_JIM8777,S. salivarius,SALIVA_RS03060,0.389937106918239,0.2347443861392585,0.42557651991614254
Ssl_JIM8777,S. salivarius,SALIVA_RS03065,0.37727910238429174,0.30116914640328846,0.41327723235156616
Ssl_JIM8777,S. salivarius,SALIVA_RS03075,0.3938223938223938,0.29843566603166594,0.42342342342342343
Ssl_JIM8777,S. salivarius,SALIVA_RS03080,0.34385964912280703,0.4068733830546266,0.4222222222222222
Ssl_JIM8777,S. salivarius,SALIVA_RS03085,0.3835125448028674,0.28258691059428576,0.45639187574671447
Ssl_JIM8777,S. salivarius,SALIVA_RS03090,0.3546099290780142,0.35749790238707496,0.42127659574468085
Ssl_JIM8777,S. salivarius,SALIVA_RS03095,0.33668341708542715,0.3715342134033895,0.4221105527638191
Ssl_JIM8777,S. salivarius,SALIVA_RS03100,0.3464285714285714,0.29924070850294804,0.38333333333333336
Ssl_JIM8777,S. salivarius,SALIVA_RS03105,0.3614457831325301,0.3827414352066684,0.40562248995983935
Ssl_JIM8777,S. salivarius,SALIVA_RS03110,0.37777777777777777,0.3387220335043369,0.38271604938271603
Ssl_JIM8777,S. salivarius,SALIVA_RS03115,0.3933333333333333,0.38947571737720016,0.4088888888888889
Ssl_JIM8777,S. salivarius,SALIVA_RS03120,0.4233576642335766,0.23509494769068143,0.4306569343065693
Ssl_JIM8777,S. salivarius,SALIVA_RS03125,0.43434343434343436,0.26815639469226654,0.42592592592592593
Ssl_JIM8777,S. salivarius,SALIVA_RS03130,0.40441176470588236,0.23810879613633432,0.42810457516339867
Ssl_JIM8777,S. salivarius,SALIVA_RS03140,0.37897310513447435,0.40158716940161626,0.43561532192339036
Ssl_JIM8777,S. salivarius,SALIVA_RS03145,0.3419354838709677,0.3709648243931546,0.3913978494623656
Ssl_JIM8777,S. salivarius,SALIVA_RS03150,0.3752665245202559,0.41973157714325027,0.43994314143567875
Ssl_JIM8777,S. salivarius,SALIVA_RS03155,0.3983739837398374,0.3953564825357522,0.4037940379403794
Ssl_JIM8777,S. salivarius,SALIVA_RS03160,0.3407202216066482,0.5097939301266114,0.4099722991689751
Ssl_JIM8777,S. salivarius,SALIVA_RS03165,0.32335329341317365,0.3869692614189905,0.40219560878243515
Ssl_JIM8777,S. salivarius,SALIVA_RS03170,0.3539325842696629,0.2785380811707016,0.4035580524344569
Ssl_JIM8777,S. salivarius,SALIVA_RS03175,0.3225806451612903,0.30209758602538356,0.4345878136200717
Ssl_JIM8777,S. salivarius,SALIVA_RS03180,0.3092105263157895,0.35513176182219663,0.39473684210526316
Ssl_JIM8777,S. salivarius,SALIVA_RS03185,0.3057471264367816,0.8159949179986095,0.4367816091954023
Ssl_JIM8777,S. salivarius,SALIVA_RS03195,0.39094650205761317,0.3807551317185168,0.4069501600365798
Ssl_JIM8777,S. salivarius,SALIVA_RS03200,0.3711340206185567,0.31443142934983753,0.3943298969072165
Ssl_JIM8777,S. salivarius,SALIVA_RS03205,0.37610619469026546,0.33860836728947297,0.415929203539823
Ssl_JIM8777,S. salivarius,SALIVA_RS03210,0.3916083916083916,0.3193706744496466,0.4358974358974359
Ssl_JIM8777,S. salivarius,SALIVA_RS03215,0.34831460674157305,0.4372940288827209,0.41947565543071164
Ssl_JIM8777,S. salivarius,SALIVA_RS03220,0.36503856041131105,0.4674754466013073,0.4464438731790917
Ssl_JIM8777,S. salivarius,SALIVA_RS03225,0.3983739837398374,0.3653122855068971,0.43541102077687444
Ssl_JIM8777,S. salivarius,SALIVA_RS03230,0.26548672566371684,0.5919273426167092,0.3746312684365782
Ssl_JIM8777,S. salivarius,SALIVA_RS03235,0.3659305993690852,0.3276448533663856,0.4384858044164038
Ssl_JIM8777,S. salivarius,SALIVA_RS03240,0.37383177570093457,0.42570703780457925,0.4485981308411215
Ssl_JIM8777,S. salivarius,SALIVA_RS03245,0.3902439024390244,0.3439548134190525,0.42886178861788615
Ssl_JIM8777,S. salivarius,SALIVA_RS03250,0.3927272727272727,0.2867579537595804,0.4290909090909091
Ssl_JIM8777,S. salivarius,SALIVA_RS03255,0.4472573839662447,0.251914257068966,0.43670886075949367
Ssl_JIM8777,S. salivarius,SALIVA_RS03260,0.3610223642172524,0.21511879800234582,0.4110756123535676
Ssl_JIM8777,S. salivarius,SALIVA_RS03265,0.3295774647887324,0.5103204168654273,0.4328638497652582
Ssl_JIM8777,S. salivarius,SALIVA_RS03270,0.3551912568306011,0.5342015017291163,0.4426229508196721
Ssl_JIM8777,S. salivarius,SALIVA_RS03275,0.473568281938326,0.34928758351696093,0.4397944199706314
Ssl_JIM8777,S. salivarius,SALIVA_RS03280,0.2815126050420168,0.2630704269431308,0.3081232492997199
Ssl_JIM8777,S. salivarius,SALIVA_RS10210,0.2375,0.3095642361134921,0.37083333333333335
Ssl_JIM8777,S. salivarius,SALIVA_RS03290,0.35294117647058826,0.39930296789598396,0.4150326797385621
Ssl_JIM8777,S. salivarius,SALIVA_RS03300,0.4576271186440678,0.303114958608143,0.4350282485875706
Ssl_JIM8777,S. salivarius,SALIVA_RS03310,0.2961165048543689,0.28097965992497925,0.3333333333333333
Ssl_JIM8777,S. salivarius,SALIVA_RS03315,0.3682170542635659,0.3141542456917304,0.38242894056847543
Ssl_JIM8777,S. salivarius,SALIVA_RS03320,0.2925170068027211,0.2732359076738188,0.3310657596371882
Ssl_JIM8777,S. salivarius,SALIVA_RS03330,0.4219948849104859,0.2825013476345302,0.4475703324808184
Ssl_JIM8777,S. salivarius,SALIVA_RS03335,0.41637010676156583,0.32980009189870957,0.4400948991696323
Ssl_JIM8777,S. salivarius,SALIVA_RS03340,0.4,0.29023430640684583,0.3824561403508772
Ssl_JIM8777,S. salivarius,SALIVA_RS03345,0.3915094339622642,0.2711884541085868,0.46540880503144655
Ssl_JIM8777,S. salivarius,SALIVA_RS03355,0.41346153846153844,0.27859949637868064,0.4463141025641026
Ssl_JIM8777,S. salivarius,SALIVA_RS03360,0.23769100169779286,0.3069764826123433,0.3333333333333333
Ssl_JIM8777,S. salivarius,SALIVA_RS03365,0.26519337016574585,0.27173412348185455,0.2983425414364641
Ssl_JIM8777,S. salivarius,SALIVA_RS03370,0.48928571428571427,0.2664087789427805,0.42023809523809524
Ssl_JIM8777,S. salivarius,SALIVA_RS03375,0.388,0.22669626850124952,0.39866666666666667
Ssl_JIM8777,S. salivarius,SALIVA_RS03380,0.43103448275862066,0.22402351561919373,0.44061302681992337
Ssl_JIM8777,S. salivarius,SALIVA_RS03385,0.4444444444444444,0.23746189700233777,0.43915343915343913
Ssl_JIM8777,S. salivarius,SALIVA_RS03390,0.39233038348082594,0.4662902249488411,0.3815142576204523
Ssl_JIM8777,S. salivarius,SALIVA_RS03395,0.43478260869565216,0.2681437315853063,0.43623188405797103
Ssl_JIM8777,S. salivarius,SALIVA_RS03400,0.23129251700680273,0.3976130359096117,0.3242630385487528
Ssl_JIM8777,S. salivarius,SALIVA_RS03405,0.260233918128655,0.29631928938422497,0.3255360623781676
Ssl_JIM8777,S. salivarius,SALIVA_RS03420,0.2684563758389262,0.3233640299676056,0.39746457867263235
Ssl_JIM8777,S. salivarius,SALIVA_RS03425,0.27932960893854747,0.48096366795570994,0.4134078212290503
Ssl_JIM8777,S. salivarius,SALIVA_RS03430,0.31976744186046513,0.34266305209580683,0.42054263565891475
Ssl_JIM8777,S. salivarius,SALIVA_RS03435,0.29024390243902437,0.3855576562176172,0.4349593495934959
Ssl_JIM8777,S. salivarius,SALIVA_RS03440,0.3282828282828283,0.2528656742343647,0.3400673400673401
Ssl_JIM8777,S. salivarius,SALIVA_RS03445,0.3112244897959184,0.35142517981335203,0.3520408163265306
Ssl_JIM8777,S. salivarius,SALIVA_RS03450,0.41346153846153844,0.33642437516252693,0.41025641025641024
Ssl_JIM8777,S. salivarius,SALIVA_RS03455,0.444,0.24295763448955282,0.41333333333333333
Ssl_JIM8777,S. salivarius,SALIVA_RS03465,0.32142857142857145,0.38761356482486964,0.4166666666666667
Ssl_JIM8777,S. salivarius,SALIVA_RS03470,0.4961832061068702,0.23908296200640444,0.4529262086513995
Ssl_JIM8777,S. salivarius,SALIVA_RS03475,0.4628099173553719,0.2676246990697438,0.44352617079889806
Ssl_JIM8777,S. salivarius,SALIVA_RS03480,0.46825396825396826,0.33702879108789324,0.4365079365079365
Ssl_JIM8777,S. salivarius,SALIVA_RS03485,0.47107438016528924,0.2757091672265632,0.46005509641873277
Ssl_JIM8777,S. salivarius,SALIVA_RS03490,0.4019607843137255,0.23056223756669947,0.4019607843137255
Ssl_JIM8777,S. salivarius,SALIVA_RS03495,0.48130841121495327,0.25245144509057904,0.42834890965732086
Ssl_JIM8777,S. salivarius,SALIVA_RS03500,0.43902439024390244,0.2704820386273005,0.44390243902439025
Ssl_JIM8777,S. salivarius,SALIVA_RS03505,0.4675090252707581,0.2745031168670082,0.46991576413959085
Ssl_JIM8777,S. salivarius,SALIVA_RS03510,0.2774822695035461,0.35190779348624834,0.34988179669030733
Ssl_JIM8777,S. salivarius,SALIVA_RS03515,0.3684210526315789,0.25446817919631975,0.37609649122807015
Ssl_JIM8777,S. salivarius,SALIVA_RS03520,0.3148148148148148,0.2360051794494234,0.32407407407407407
Ssl_JIM8777,S. salivarius,SALIVA_RS03525,0.2849002849002849,0.28806234764119815,0.32098765432098764
Ssl_JIM8777,S. salivarius,SALIVA_RS03530,0.5808823529411765,0.2413777562208336,0.4632352941176471
Ssl_JIM8777,S. salivarius,SALIVA_RS03535,0.4983388704318937,0.26996479159713965,0.44518272425249167
Ssl_JIM8777,S. salivarius,SALIVA_RS03540,0.42616033755274263,0.38354871918606853,0.4453820909517112
Ssl_JIM8777,S. salivarius,SALIVA_RS03545,0.4489795918367347,0.2558159559128198,0.4331065759637188
Ssl_JIM8777,S. salivarius,SALIVA_RS03555,0.38387096774193546,0.37947711120309474,0.44516129032258067
Ssl_JIM8777,S. salivarius,SALIVA_RS03560,0.35984848484848486,0.31843405545504444,0.42045454545454547
Ssl_JIM8777,S. salivarius,SALIVA_RS03565,0.2556390977443609,0.5164582530691051,0.40601503759398494
Ssl_JIM8777,S. salivarius,SALIVA_RS03570,0.22448979591836735,0.6642843802532209,0.36507936507936506
Ssl_JIM8777,S. salivarius,SALIVA_RS03580,0.3967741935483871,0.47807981226476,0.432258064516129
Ssl_JIM8777,S. salivarius,SALIVA_RS03585,0.3752913752913753,0.5690190730187108,0.4444444444444444
Ssl_JIM8777,S. salivarius,SALIVA_RS10325,0.41509433962264153,0.2809505671431511,0.4119496855345912
Ssl_JIM8777,S. salivarius,SALIVA_RS03590,0.3333333333333333,0.3638686498350025,0.44814814814814813
Ssl_JIM8777,S. salivarius,SALIVA_RS03605,0.503370786516854,0.2830790171281201,0.45393258426966293
Ssl_JIM8777,S. salivarius,SALIVA_RS03610,0.39805825242718446,0.3763470019158524,0.4174757281553398
Ssl_JIM8777,S. salivarius,SALIVA_RS03615,0.23846153846153847,0.35509900641516556,0.36923076923076925
Ssl_JIM8777,S. salivarius,SALIVA_RS03620,0.29002079002079,0.37808503310742214,0.3406098406098406
Ssl_JIM8777,S. salivarius,SALIVA_RS03625,0.3114754098360656,0.3498685932471151,0.34790528233151186
Ssl_JIM8777,S. salivarius,SALIVA_RS03630,0.42655935613682094,0.6263418614281611,0.4460093896713615
Ssl_JIM8777,S. salivarius,SALIVA_RS03635,0.2889908256880734,0.45996237777974486,0.382262996941896
Ssl_JIM8777,S. salivarius,SALIVA_RS03640,0.4,0.4116529029252639,0.40625
Ssl_JIM8777,S. salivarius,SALIVA_RS03645,0.4119601328903654,0.426617636011582,0.4097452934662237
Ssl_JIM8777,S. salivarius,SALIVA_RS03650,0.3,0.3463549462710529,0.3904761904761905
Ssl_JIM8777,S. salivarius,SALIVA_RS03655,0.3474178403755869,0.44123914040190165,0.4194053208137715
Ssl_JIM8777,S. salivarius,SALIVA_RS03660,0.3860759493670886,0.3864432983898307,0.41561181434599154
Ssl_JIM8777,S. salivarius,SALIVA_RS03665,0.3687707641196013,0.3491406717057949,0.40310077519379844
Ssl_JIM8777,S. salivarius,SALIVA_RS03670,0.4,0.28203152623572364,0.43333333333333335
Ssl_JIM8777,S. salivarius,SALIVA_RS03675,0.43416370106761565,0.3029661646119815,0.46026097271648875
Ssl_JIM8777,S. salivarius,SALIVA_RS03680,0.49282296650717705,0.3365720066289911,0.42424242424242425
Ssl_JIM8777,S. salivarius,SALIVA_RS03685,0.49740932642487046,0.24620213553487483,0.43436960276338515
Ssl_JIM8777,S. salivarius,SALIVA_RS03690,0.4745098039215686,0.2855763368826287,0.47843137254901963
Ssl_JIM8777,S. salivarius,SALIVA_RS03695,0.270772238514174,0.34838113963115264,0.35320951449983706
Ssl_JIM8777,S. salivarius,SALIVA_RS03700,0.4766355140186916,0.3321850269731436,0.42429906542056073
Ssl_JIM8777,S. salivarius,SALIVA_RS03705,0.2835820895522388,0.29653394970516705,0.33167495854063017
Ssl_JIM8777,S. salivarius,SALIVA_RS03710,0.22302158273381295,0.30822412548518324,0.2805755395683453
Ssl_JIM8777,S. salivarius,SALIVA_RS03715,0.2028985507246377,0.20878804135278864,0.2777777777777778
Ssl_JIM8777,S. salivarius,SALIVA_RS03720,0.3805309734513274,0.25705734988818085,0.3775811209439528
Ssl_JIM8777,S. salivarius,SALIVA_RS03725,0.356353591160221,0.2939841576700112,0.3766114180478821
Ssl_JIM8777,S. salivarius,SALIVA_RS03730,0.4276315789473684,0.224161872086306,0.4199561403508772
Ssl_JIM8777,S. salivarius,SALIVA_RS03735,0.3297394429469901,0.38548031255627724,0.4324648098233004
Ssl_JIM8777,S. salivarius,SALIVA_RS03740,0.3263473053892216,0.33538518220506724,0.406187624750499
Ssl_JIM8777,S. salivarius,SALIVA_RS03745,0.29411764705882354,0.49836749974992467,0.3868092691622103
Ssl_JIM8777,S. salivarius,SALIVA_RS03750,0.36,0.3463291215700863,0.43555555555555553
Ssl_JIM8777,S. salivarius,SALIVA_RS03755,0.375,0.37121215203595,0.3950617283950617
Ssl_JIM8777,S. salivarius,SALIVA_RS03760,0.3268608414239482,0.34457301630276377,0.36893203883495146
Ssl_JIM8777,S. salivarius,SALIVA_RS03765,0.32857142857142857,0.2863816878768147,0.38095238095238093
Ssl_JIM8777,S. salivarius,SALIVA_RS03770,0.2839506172839506,0.3061085734221441,0.35802469135802467
Ssl_JIM8777,S. salivarius,SALIVA_RS03775,0.3924050632911392,0.2191444987295527,0.4008438818565401
Ssl_JIM8777,S. salivarius,SALIVA_RS03780,0.3106060606060606,0.42220545003049476,0.3484848484848485
Ssl_JIM8777,S. salivarius,SALIVA_RS03785,0.3294367693942614,0.5444510621449187,0.39178179241941197
Ssl_JIM8777,S. salivarius,SALIVA_RS03790,0.32753623188405795,0.29834993392554043,0.37777777777777777
Ssl_JIM8777,S. salivarius,SALIVA_RS03795,0.26732673267326734,0.7243425253782103,0.41914191419141916
Ssl_JIM8777,S. salivarius,SALIVA_RS03800,0.2878787878787879,0.4991282436785943,0.36075036075036077
Ssl_JIM8777,S. salivarius,SALIVA_RS10330,0.3150684931506849,0.2627140795792021,0.3531202435312024
Ssl_JIM8777,S. salivarius,SALIVA_RS03805,0.22988505747126436,0.6419629920753066,0.3620689655172414
Ssl_JIM8777,S. salivarius,SALIVA_RS03810,0.3561643835616438,0.2805833527751226,0.3881278538812785
Ssl_JIM8777,S. salivarius,SALIVA_RS03820,0.26625386996904027,0.5599995405207797,0.4282765737874097
Ssl_JIM8777,S. salivarius,SALIVA_RS03825,0.3063209076175041,0.6676884213457586,0.419773095623987
Ssl_JIM8777,S. salivarius,SALIVA_RS03835,0.3082039911308204,0.4492430004328795,0.4072431633407243
Ssl_JIM8777,S. salivarius,SALIVA_RS03840,0.2661064425770308,0.37241600618942255,0.3660130718954248
Ssl_JIM8777,S. salivarius,SALIVA_RS03845,0.2099737532808399,0.436899840609063,0.3394575678040245
Ssl_JIM8777,S. salivarius,SALIVA_RS03850,0.24618736383442266,0.479969012019989,0.4066811909949165
Ssl_JIM8777,S. salivarius,SALIVA_RS03855,0.19727891156462585,0.616360551341173,0.4255479969765684
Ssl_JIM8777,S. salivarius,SALIVA_RS03860,0.2631578947368421,0.3760040544168073,0.35233918128654973
Ssl_JIM8777,S. salivarius,SALIVA_RS03865,0.2512820512820513,0.4424882142180756,0.39316239316239315
Ssl_JIM8777,S. salivarius,SALIVA_RS03875,0.2537313432835821,0.3035236364426883,0.34950248756218905
Ssl_JIM8777,S. salivarius,SALIVA_RS03880,0.17465753424657535,0.6325575027631195,0.3710045662100457
Ssl_JIM8777,S. salivarius,SALIVA_RS03885,0.27438370846730975,0.5742848354776491,0.40335834226509465
Ssl_JIM8777,S. salivarius,SALIVA_RS03890,0.3625,0.5135179486344841,0.38645833333333335
Ssl_JIM8777,S. salivarius,SALIVA_RS03895,0.3472222222222222,0.5213481948701708,0.399537037037037
Ssl_JIM8777,S. salivarius,SALIVA_RS03905,0.2713963963963964,0.4056282391652971,0.39414414414414417
Ssl_JIM8777,S. salivarius,SALIVA_RS03910,0.3253333333333333,0.3641718664152708,0.38222222222222224
Ssl_JIM8777,S. salivarius,SALIVA_RS03915,0.2780612244897959,0.3875276603449258,0.39625850340136054
Ssl_JIM8777,S. salivarius,SALIVA_RS03925,0.2837370242214533,0.7013541520093635,0.41637831603229525
Ssl_JIM8777,S. salivarius,SALIVA_RS03930,0.25523012552301255,0.7326259258019823,0.42538354253835425
Ssl_JIM8777,S. salivarius,SALIVA_RS03935,0.3695652173913043,0.3853559804009891,0.40942028985507245
Ssl_JIM8777,S. salivarius,SALIVA_RS03940,0.32793522267206476,0.5853195568169186,0.4156545209176788
Ssl_JIM8777,S. salivarius,SALIVA_RS03945,0.3427835051546392,0.5541964496004403,0.390893470790378
Ssl_JIM8777,S. salivarius,SALIVA_RS03950,0.3739612188365651,0.4019408565755922,0.4155124653739612
Ssl_JIM8777,S. salivarius,SALIVA_RS03955,0.36792452830188677,0.3995694380138005,0.40408805031446543
Ssl_JIM8777,S. salivarius,SALIVA_RS03960,0.4328125,0.31722272896384107,0.4317708333333333
Ssl_JIM8777,S. salivarius,SALIVA_RS03970,0.375,0.25951357398852204,0.40555555555555556
Ssl_JIM8777,S. salivarius,SALIVA_RS03975,0.4061032863849765,0.26872526822447185,0.40805946791862285
Ssl_JIM8777,S. salivarius,SALIVA_RS03980,0.39543726235741444,0.4977253328710715,0.41064638783269963
Ssl_JIM8777,S. salivarius,SALIVA_RS03985,0.35267857142857145,0.40935436785753937,0.4107142857142857
Ssl_JIM8777,S. salivarius,SALIVA_RS03990,0.3732394366197183,0.2763516192343549,0.40492957746478875
Ssl_JIM8777,S. salivarius,SALIVA_RS03995,0.37577639751552794,0.3077040694655985,0.41304347826086957
Ssl_JIM8777,S. salivarius,SALIVA_RS04000,0.31042128603104213,0.5447943519034293,0.43532889874353287
Ssl_JIM8777,S. salivarius,SALIVA_RS04005,0.4897959183673469,0.2828209391623573,0.40816326530612246
Ssl_JIM8777,S. salivarius,SALIVA_RS04010,0.37117903930131,0.3696389142249593,0.42212518195050946
Ssl_JIM8777,S. salivarius,SALIVA_RS04015,0.34600760456273766,0.32987527987295745,0.4055766793409379
Ssl_JIM8777,S. salivarius,SALIVA_RS04020,0.4420289855072464,0.3172016727349742,0.463768115942029
Ssl_JIM8777,S. salivarius,SALIVA_RS04025,0.3746556473829201,0.31786849789880794,0.44995408631772266
Ssl_JIM8777,S. salivarius,SALIVA_RS04030,0.39643652561247217,0.28598265988314087,0.4417223459539718
Ssl_JIM8777,S. salivarius,SALIVA_RS04035,0.3482758620689655,0.46246463558981915,0.4264367816091954
Ssl_JIM8777,S. salivarius,SALIVA_RS04040,0.32323232323232326,0.559031406494767,0.4006734006734007
Ssl_JIM8777,S. salivarius,SALIVA_RS04045,0.35816618911174786,0.6813210995535222,0.4221585482330468
Ssl_JIM8777,S. salivarius,SALIVA_RS04050,0.3168044077134986,0.32869070326634464,0.3627180899908173
Ssl_JIM8777,S. salivarius,SALIVA_RS04055,0.2591093117408907,0.45625473262971455,0.4224021592442645
Ssl_JIM8777,S. salivarius,SALIVA_RS04060,0.42480211081794195,0.27167417944734185,0.4177660510114336
Ssl_JIM8777,S. salivarius,SALIVA_RS04065,0.3951612903225806,0.3214592843517625,0.3911290322580645
Ssl_JIM8777,S. salivarius,SALIVA_RS04070,0.3992248062015504,0.38315190447018277,0.437984496124031
Ssl_JIM8777,S. salivarius,SALIVA_RS04075,0.4511627906976744,0.2238058756828564,0.413953488372093
Ssl_JIM8777,S. salivarius,SALIVA_RS04080,0.40408163265306124,0.2961721234894751,0.39591836734693875
Ssl_JIM8777,S. salivarius,SALIVA_RS04085,0.44155844155844154,0.3107062972010837,0.43614718614718617
Ssl_JIM8777,S. salivarius,SALIVA_RS04090,0.33076923076923076,0.3177867130419798,0.3923076923076923
Ssl_JIM8777,S. salivarius,SALIVA_RS04095,0.38461538461538464,0.28855752180553773,0.41595441595441596
Ssl_JIM8777,S. salivarius,SALIVA_RS04100,0.3944954128440367,0.34062289270390916,0.4240570846075433
Ssl_JIM8777,S. salivarius,SALIVA_RS04105,0.3778801843317972,0.31242534586868914,0.40860215053763443
Ssl_JIM8777,S. salivarius,SALIVA_RS04110,0.37383177570093457,0.3896027633796786,0.4454828660436137
Ssl_JIM8777,S. salivarius,SALIVA_RS04115,0.38461538461538464,0.4029123988101382,0.4239316239316239
Ssl_JIM8777,S. salivarius,SALIVA_RS04120,0.3645320197044335,0.33098606566246197,0.4482758620689655
Ssl_JIM8777,S. salivarius,SALIVA_RS04125,0.4166666666666667,0.3468438414126508,0.4527777777777778
Ssl_JIM8777,S. salivarius,SALIVA_RS04130,0.43873517786561267,0.326160584036941,0.4782608695652174
Ssl_JIM8777,S. salivarius,SALIVA_RS04135,0.4690265486725664,0.2832221641534402,0.4365781710914454
Ssl_JIM8777,S. salivarius,SALIVA_RS04140,0.34285714285714286,0.3340481421595257,0.4095238095238095
Ssl_JIM8777,S. salivarius,SALIVA_RS10215,0.3132075471698113,0.3503011617518048,0.3484276729559748
Ssl_JIM8777,S. salivarius,SALIVA_RS04150,0.4605263157894737,0.22215014875846611,0.4327485380116959
Ssl_JIM8777,S. salivarius,SALIVA_RS04155,0.3769230769230769,0.3811249705524742,0.4025641025641026
Ssl_JIM8777,S. salivarius,SALIVA_RS04160,0.34976525821596244,0.3398832996761987,0.4295774647887324
Ssl_JIM8777,S. salivarius,SALIVA_RS04165,0.4222873900293255,0.25471522061883006,0.447702834799609
Ssl_JIM8777,S. salivarius,SALIVA_RS04170,0.30053547523427043,0.5326446707892157,0.39870593485051314
Ssl_JIM8777,S. salivarius,SALIVA_RS04175,0.3173140223831468,0.569715759494398,0.39828834759710335
Ssl_JIM8777,S. salivarius,SALIVA_RS04180,0.311875,0.5103784228762052,0.39895833333333336
Ssl_JIM8777,S. salivarius,SALIVA_RS04190,0.35108958837772397,0.33627369698223236,0.4059725585149314
Ssl_JIM8777,S. salivarius,SALIVA_RS04195,0.3644859813084112,0.329451619601177,0.38317757009345793
Ssl_JIM8777,S. salivarius,SALIVA_RS04200,0.3709677419354839,0.3606848812055097,0.43010752688172044
Ssl_JIM8777,S. salivarius,SALIVA_RS04205,0.375,0.32577304050844874,0.4205729166666667
Ssl_JIM8777,S. salivarius,SALIVA_RS04210,0.4767932489451477,0.2182445127227163,0.45288326300984527
Ssl_JIM8777,S. salivarius,SALIVA_RS04215,0.45185185185185184,0.2756134955211096,0.44938271604938274
Ssl_JIM8777,S. salivarius,SALIVA_RS04220,0.3678474114441417,0.34074872269509965,0.4223433242506812
Ssl_JIM8777,S. salivarius,SALIVA_RS04225,0.2832369942196532,0.5417131929891124,0.41811175337186895
Ssl_JIM8777,S. salivarius,SALIVA_RS04230,0.3523809523809524,0.35128976324804345,0.39576719576719577
Ssl_JIM8777,S. salivarius,SALIVA_RS04235,0.34763948497854075,0.3397189951052355,0.4005722460658083
Ssl_JIM8777,S. salivarius,SALIVA_RS04240,0.3488372093023256,0.29259867390817335,0.4077519379844961
Ssl_JIM8777,S. salivarius,SALIVA_RS04245,0.28063241106719367,0.35930490701629275,0.3820816864295125
Ssl_JIM8777,S. salivarius,SALIVA_RS04250,0.33860045146726864,0.27602412493927136,0.41911211437170803
Ssl_JIM8777,S. salivarius,SALIVA_RS04260,0.2852233676975945,0.36074936891840453,0.4020618556701031
Ssl_JIM8777,S. salivarius,SALIVA_RS04265,0.3442028985507246,0.36867933954920606,0.4227053140096618
Ssl_JIM8777,S. salivarius,SALIVA_RS04270,0.40939597315436244,0.30051251601276086,0.4228187919463087
Ssl_JIM8777,S. salivarius,SALIVA_RS04275,0.3752244165170557,0.32939973638595776,0.4135248354278875
Ssl_JIM8777,S. salivarius,SALIVA_RS04280,0.3225806451612903,0.39077050754334763,0.4145758661887694
Ssl_JIM8777,S. salivarius,SALIVA_RS04285,0.339041095890411,0.3402641335694491,0.3687214611872146
Ssl_JIM8777,S. salivarius,SALIVA_RS04290,0.387434554973822,0.25770397503636194,0.4031413612565445
Ssl_JIM8777,S. salivarius,SALIVA_RS04305,0.3076923076923077,0.5425437510944933,0.405982905982906
Ssl_JIM8777,S. salivarius,SALIVA_RS04315,0.2119460500963391,0.5850675559385126,0.3808606294155427
Ssl_JIM8777,S. salivarius,SALIVA_RS04320,0.2543352601156069,0.513570686292611,0.4094412331406551
Ssl_JIM8777,S. salivarius,SALIVA_RS04330,0.27586206896551724,0.539623272495415,0.4267241379310345
Ssl_JIM8777,S. salivarius,SALIVA_RS04335,0.29441624365482233,0.5828506396803358,0.377326565143824
Ssl_JIM8777,S. salivarius,SALIVA_RS04340,0.3828351012536162,0.28715014755801127,0.40919318547090966
Ssl_JIM8777,S. salivarius,SALIVA_RS04345,0.27058823529411763,0.6809278486861727,0.44607843137254904
Ssl_JIM8777,S. salivarius,SALIVA_RS04350,0.2435129740518962,0.8147716425261262,0.40119760479041916
Ssl_JIM8777,S. salivarius,SALIVA_RS04355,0.2322924600152323,0.520948319121872,0.43462807819243465
Ssl_JIM8777,S. salivarius,SALIVA_RS04365,0.4041916167664671,0.36424445426405133,0.42714570858283435
Ssl_JIM8777,S. salivarius,SALIVA_RS04370,0.4482758620689655,0.3415735032423458,0.435632183908046
Ssl_JIM8777,S. salivarius,SALIVA_RS04375,0.4308300395256917,0.3309490585748583,0.4479578392621871
Ssl_JIM8777,S. salivarius,SALIVA_RS04380,0.3555956678700361,0.48296762881232574,0.42839951865222625
Ssl_JIM8777,S. salivarius,SALIVA_RS04385,0.39080459770114945,0.36757711964070766,0.41379310344827586
Ssl_JIM8777,S. salivarius,SALIVA_RS04390,0.3333333333333333,0.32016499201937265,0.3902777777777778
Ssl_JIM8777,S. salivarius,SALIVA_RS04395,0.41935483870967744,0.19733355457003374,0.42473118279569894
Ssl_JIM8777,S. salivarius,SALIVA_RS04400,0.34459459459459457,0.5732025421920198,0.4144144144144144
Ssl_JIM8777,S. salivarius,SALIVA_RS04405,0.3515625,0.27173680716640575,0.4296875
Ssl_JIM8777,S. salivarius,SALIVA_RS04415,0.3569682151589242,0.26585978751838846,0.4360228198859006
Ssl_JIM8777,S. salivarius,SALIVA_RS04420,0.31896551724137934,0.6924890497759372,0.4367816091954023
Ssl_JIM8777,S. salivarius,SALIVA_RS04430,0.4,0.2831535140303117,0.3990740740740741
Ssl_JIM8777,S. salivarius,SALIVA_RS04435,0.2679738562091503,0.36492223830492615,0.3769063180827887
Ssl_JIM8777,S. salivarius,SALIVA_RS04440,0.31007751937984496,0.31106539062372957,0.3385012919896641
Ssl_JIM8777,S. salivarius,SALIVA_RS04445,0.2558139534883721,0.3929685454685602,0.35400516795865633
Ssl_JIM8777,S. salivarius,SALIVA_RS04465,0.3760330578512397,0.33307867698467397,0.38705234159779617
Ssl_JIM8777,S. salivarius,SALIVA_RS04475,0.42718446601941745,0.39419029877762113,0.3786407766990291
Ssl_JIM8777,S. salivarius,SALIVA_RS04480,0.37735849056603776,0.44569648149825053,0.4534019439679817
Ssl_JIM8777,S. salivarius,SALIVA_RS04485,0.38317757009345793,0.3817130321771174,0.3894080996884735
Ssl_JIM8777,S. salivarius,SALIVA_RS04490,0.3516483516483517,0.2796864920579928,0.40293040293040294
Ssl_JIM8777,S. salivarius,SALIVA_RS04495,0.437984496124031,0.2485846778189743,0.42248062015503873
Ssl_JIM8777,S. salivarius,SALIVA_RS04505,0.376984126984127,0.37524256688786783,0.42592592592592593
Ssl_JIM8777,S. salivarius,SALIVA_RS04510,0.3056379821958457,0.3983714046688945,0.3600395647873393
Ssl_JIM8777,S. salivarius,SALIVA_RS04515,0.43452380952380953,0.3668514543507753,0.4662698412698413
Ssl_JIM8777,S. salivarius,SALIVA_RS04520,0.5,0.30280710947644957,0.45454545454545453
Ssl_JIM8777,S. salivarius,SALIVA_RS04540,0.36507936507936506,0.32004829658019174,0.373015873015873
Ssl_JIM8777,S. salivarius,SALIVA_RS04545,0.4345991561181435,0.24541849925067252,0.43037974683544306
Ssl_JIM8777,S. salivarius,SALIVA_RS04550,0.48120300751879697,0.20445760211465905,0.45614035087719296
Ssl_JIM8777,S. salivarius,SALIVA_RS04555,0.416,0.2547085742380934,0.45866666666666667
Ssl_JIM8777,S. salivarius,SALIVA_RS04560,0.4444444444444444,0.281668193356149,0.4335511982570806
Ssl_JIM8777,S. salivarius,SALIVA_RS04565,0.3977635782747604,0.32912768752811666,0.3972310969116081
Ssl_JIM8777,S. salivarius,SALIVA_RS04575,0.3932291666666667,0.30373528119785737,0.4279513888888889
Ssl_JIM8777,S. salivarius,SALIVA_RS04580,0.3632286995515695,0.386837424578335,0.4125560538116592
Ssl_JIM8777,S. salivarius,SALIVA_RS04585,0.3198992443324937,0.639067524151995,0.4063811922753988
Ssl_JIM8777,S. salivarius,SALIVA_RS04590,0.45714285714285713,0.22582261789174843,0.4222222222222222
Ssl_JIM8777,S. salivarius,SALIVA_RS04595,0.42735042735042733,0.2971036897774212,0.42450142450142453
Ssl_JIM8777,S. salivarius,SALIVA_RS04600,0.41843971631205673,0.2780287193504843,0.44208037825059104
Ssl_JIM8777,S. salivarius,SALIVA_RS04605,0.3790322580645161,0.3169798441176982,0.3629032258064516
Ssl_JIM8777,S. salivarius,SALIVA_RS04610,0.375609756097561,0.5466952785719774,0.4292682926829268
Ssl_JIM8777,S. salivarius,SALIVA_RS04615,0.4406779661016949,0.5160162910961029,0.423728813559322
Ssl_JIM8777,S. salivarius,SALIVA_RS04620,0.4175226586102719,0.3764676195071543,0.43705941591137965
Ssl_JIM8777,S. salivarius,SALIVA_RS04625,0.40847784200385356,0.32419883048078985,0.41490044958253053
Ssl_JIM8777,S. salivarius,SALIVA_RS10800,0.41902136457615435,0.3341749057626537,0.4390075809786354
Ssl_JIM8777,S. salivarius,SALIVA_RS04640,0.40822320117474303,0.29540296309416836,0.41409691629955947
Ssl_JIM8777,S. salivarius,SALIVA_RS04650,0.4244604316546763,0.30888784420645293,0.3908872901678657
Ssl_JIM8777,S. salivarius,SALIVA_RS04660,0.4370860927152318,0.26238431764789966,0.423841059602649
Ssl_JIM8777,S. salivarius,SALIVA_RS04665,0.41284403669724773,0.40792650419496773,0.4434250764525994
Ssl_JIM8777,S. salivarius,SALIVA_RS10340,0.3874458874458874,0.4056304884968032,0.44516594516594515
Ssl_JIM8777,S. salivarius,SALIVA_RS04690,0.3076923076923077,0.383052271218511,0.42857142857142855
Ssl_JIM8777,S. salivarius,SALIVA_RS04695,0.33223684210526316,0.2943504482706797,0.4144736842105263
Ssl_JIM8777,S. salivarius,SALIVA_RS04700,0.3532934131736527,0.3181216161061863,0.3992015968063872
Ssl_JIM8777,S. salivarius,SALIVA_RS04705,0.35208711433756806,0.3476580203356512,0.4240774349667272
Ssl_JIM8777,S. salivarius,SALIVA_RS04715,0.3801916932907348,0.3596900056158731,0.40894568690095845
Ssl_JIM8777,S. salivarius,SALIVA_RS04720,0.2889447236180904,0.5598642298793853,0.440536013400335
Ssl_JIM8777,S. salivarius,SALIVA_RS04725,0.3248730964467005,0.3422010881644931,0.36830231246474904
Ssl_JIM8777,S. salivarius,SALIVA_RS04730,0.3366013071895425,0.39215458406273734,0.3747276688453159
Ssl_JIM8777,S. salivarius,SALIVA_RS04735,0.3448275862068966,0.36970437363775316,0.3973727422003284
Ssl_JIM8777,S. salivarius,SALIVA_RS04740,0.35607675906183367,0.3661148338476296,0.41222459132906897
Ssl_JIM8777,S. salivarius,SALIVA_RS04745,0.38636363636363635,0.3437959592261102,0.3856749311294766
Ssl_JIM8777,S. salivarius,SALIVA_RS04750,0.4074702886247878,0.37343198626450874,0.3921901528013582
Ssl_JIM8777,S. salivarius,SALIVA_RS04755,0.36213991769547327,0.2911523387451459,0.38271604938271603
Ssl_JIM8777,S. salivarius,SALIVA_RS04760,0.46875,0.3375705040996753,0.4211309523809524
Ssl_JIM8777,S. salivarius,SALIVA_RS04765,0.3691983122362869,0.34264049811756553,0.4120956399437412
Ssl_JIM8777,S. salivarius,SALIVA_RS04770,0.3254437869822485,0.46984538016760397,0.398422090729783
Ssl_JIM8777,S. salivarius,SALIVA_RS04780,0.29952830188679247,0.4954269517219481,0.43160377358490565
Ssl_JIM8777,S. salivarius,SALIVA_RS04790,0.3469387755102041,0.2774375970039695,0.42630385487528344
Ssl_JIM8777,S. salivarius,SALIVA_RS04795,0.4700460829493088,0.4181905711458776,0.41321044546851
Ssl_JIM8777,S. salivarius,SALIVA_RS04800,0.4334763948497854,0.41050592184931495,0.44206008583690987
Ssl_JIM8777,S. salivarius,SALIVA_RS04805,0.3669064748201439,0.47091621814330276,0.3824940047961631
Ssl_JIM8777,S. salivarius,SALIVA_RS04810,0.3984375,0.45721473255215156,0.4361979166666667
Ssl_JIM8777,S. salivarius,SALIVA_RS04815,0.4700460829493088,0.3947592017960089,0.41935483870967744
Ssl_JIM8777,S. salivarius,SALIVA_RS04820,0.4334763948497854,0.41050592184931495,0.44206008583690987
Ssl_JIM8777,S. salivarius,SALIVA_RS04825,0.3489208633093525,0.4563657679536661,0.3872901678657074
Ssl_JIM8777,S. salivarius,SALIVA_RS04830,0.42578125,0.4567415784140741,0.4479166666666667
Ssl_JIM8777,S. salivarius,SALIVA_RS04835,0.3389830508474576,0.4107779668932338,0.403954802259887
Ssl_JIM8777,S. salivarius,SALIVA_RS04840,0.36017897091722595,0.31027942697780764,0.39299030574198357
Ssl_JIM8777,S. salivarius,SALIVA_RS04845,0.34317343173431736,0.3778523943422463,0.39114391143911437
Ssl_JIM8777,S. salivarius,SALIVA_RS04850,0.35833333333333334,0.27612123810976436,0.35833333333333334
Ssl_JIM8777,S. salivarius,SALIVA_RS04855,0.34074074074074073,0.41759920222415714,0.4008230452674897
Ssl_JIM8777,S. salivarius,SALIVA_RS04860,0.3037037037037037,0.4903866447721851,0.4024691358024691
Ssl_JIM8777,S. salivarius,SALIVA_RS04865,0.4083044982698962,0.2685121502794114,0.4463667820069204
Ssl_JIM8777,S. salivarius,SALIVA_RS04870,0.31007751937984496,0.37559861014475415,0.35917312661498707
Ssl_JIM8777,S. salivarius,SALIVA_RS04875,0.3664804469273743,0.45337180221299933,0.4376163873370577
Ssl_JIM8777,S. salivarius,SALIVA_RS04880,0.3614457831325301,0.31849570935225274,0.4149933065595716
Ssl_JIM8777,S. salivarius,SALIVA_RS04885,0.34965034965034963,0.2900025606954252,0.3764568764568765
Ssl_JIM8777,S. salivarius,SALIVA_RS04890,0.38873994638069703,0.2785066872293465,0.4164432529043789
Ssl_JIM8777,S. salivarius,SALIVA_RS04895,0.38524590163934425,0.42778565580423566,0.4225865209471767
Ssl_JIM8777,S. salivarius,SALIVA_RS04900,0.329004329004329,0.38440829897288853,0.40404040404040403
Ssl_JIM8777,S. salivarius,SALIVA_RS04905,0.36129032258064514,0.3817663527788936,0.3967741935483871
Ssl_JIM8777,S. salivarius,SALIVA_RS04910,0.34782608695652173,0.36062656805536525,0.39544513457556935
Ssl_JIM8777,S. salivarius,SALIVA_RS04915,0.3511450381679389,0.30982835618217386,0.3782866836301951
Ssl_JIM8777,S. salivarius,SALIVA_RS04920,0.29024390243902437,0.37954845483723837,0.3780487804878049
Ssl_JIM8777,S. salivarius,SALIVA_RS04925,0.27419354838709675,0.40982692351856004,0.34946236559139787
Ssl_JIM8777,S. salivarius,SALIVA_RS04930,0.3314527503526093,0.3437808161418319,0.4146685472496474
Ssl_JIM8777,S. salivarius,SALIVA_RS04935,0.2696078431372549,0.4250941273447031,0.3897058823529412
Ssl_JIM8777,S. salivarius,SALIVA_RS04940,0.38323353293413176,0.31307001838579496,0.35528942115768464
Ssl_JIM8777,S. salivarius,SALIVA_RS04945,0.2350230414746544,0.604492280673128,0.38095238095238093
Ssl_JIM8777,S. salivarius,SALIVA_RS04950,0.22466960352422907,0.48547780249387534,0.39060205580029367
Ssl_JIM8777,S. salivarius,SALIVA_RS04955,0.3107344632768362,0.5273469790376453,0.3860640301318267
Ssl_JIM8777,S. salivarius,SALIVA_RS04965,0.3,0.7944709292901382,0.41388888888888886
Ssl_JIM8777,S. salivarius,SALIVA_RS04970,0.25316455696202533,0.30187918303881134,0.3649789029535865
Ssl_JIM8777,S. salivarius,SALIVA_RS10720,0.3505747126436782,0.3149548641102091,0.39655172413793105
Ssl_JIM8777,S. salivarius,SALIVA_RS04985,0.27505330490405117,0.4923800237623295,0.4051172707889126
Ssl_JIM8777,S. salivarius,SALIVA_RS04990,0.28205128205128205,0.3500986425513226,0.38461538461538464
Ssl_JIM8777,S. salivarius,SALIVA_RS04995,0.23594615993665874,0.4887972802131347,0.4106624439166007
Ssl_JIM8777,S. salivarius,SALIVA_RS05000,0.21986499517839922,0.5881159257364219,0.4027643844423015
Ssl_JIM8777,S. salivarius,SALIVA_RS05005,0.3392070484581498,0.4096696426171867,0.42584434654919234
Ssl_JIM8777,S. salivarius,SALIVA_RS05010,0.2698019801980198,0.552259999637539,0.40594059405940597
Ssl_JIM8777,S. salivarius,SALIVA_RS05015,0.3021978021978022,0.2920625788058386,0.3333333333333333
Ssl_JIM8777,S. salivarius,SALIVA_RS05020,0.25555555555555554,0.5081158186441236,0.41728395061728396
Ssl_JIM8777,S. salivarius,SALIVA_RS05025,0.2647058823529412,0.29728059355438813,0.3067226890756303
Ssl_JIM8777,S. salivarius,SALIVA_RS05030,0.28365384615384615,0.23224351543636637,0.3974358974358974
Ssl_JIM8777,S. salivarius,SALIVA_RS05035,0.29411764705882354,0.3821394609421384,0.4103641456582633
Ssl_JIM8777,S. salivarius,SALIVA_RS05040,0.32489451476793246,0.5110168882259627,0.41068917018284107
Ssl_JIM8777,S. salivarius,SALIVA_RS05045,0.351129363449692,0.37602590214609133,0.3730321697467488
Ssl_JIM8777,S. salivarius,SALIVA_RS05050,0.29508196721311475,0.3984741581417986,0.38934426229508196
Ssl_JIM8777,S. salivarius,SALIVA_RS05055,0.2857142857142857,0.5200820198650671,0.3838383838383838
Ssl_JIM8777,S. salivarius,SALIVA_RS05060,0.23481781376518218,0.425986550164253,0.3805668016194332
Ssl_JIM8777,S. salivarius,SALIVA_RS05065,0.30043859649122806,0.4053976713504285,0.37280701754385964
Ssl_JIM8777,S. salivarius,SALIVA_RS05070,0.3273657289002558,0.46308492907849613,0.38618925831202044
Ssl_JIM8777,S. salivarius,SALIVA_RS05075,0.35340314136125656,0.3672278972645899,0.40226876090750435
Ssl_JIM8777,S. salivarius,SALIVA_RS05080,0.3474178403755869,0.3774353590493836,0.3380281690140845
Ssl_JIM8777,S. salivarius,SALIVA_RS05085,0.26461538461538464,0.36221462864449994,0.3158974358974359
Ssl_JIM8777,S. salivarius,SALIVA_RS05090,0.2990936555891239,0.2947284538215942,0.32225579053373615
Ssl_JIM8777,S. salivarius,SALIVA_RS05095,0.3161953727506427,0.27266290098272833,0.3299057412167952
Ssl_JIM8777,S. salivarius,SALIVA_RS05100,0.3834745762711864,0.29298930869990214,0.3672316384180791
Ssl_JIM8777,S. salivarius,SALIVA_RS05105,0.39509536784741145,0.5612386661760705,0.40236148955495005
Ssl_JIM8777,S. salivarius,SALIVA_RS05110,0.30513595166163143,0.377471337313418,0.3474320241691843
Ssl_JIM8777,S. salivarius,SALIVA_RS05115,0.32763532763532766,0.42471155443825986,0.39411206077872746
Ssl_JIM8777,S. salivarius,SALIVA_RS05120,0.3911764705882353,0.2794864295752946,0.3990196078431373
Ssl_JIM8777,S. salivarius,SALIVA_RS05125,0.39194139194139194,0.31147867863202694,0.4249084249084249
Ssl_JIM8777,S. salivarius,SALIVA_RS05130,0.38308457711442784,0.2768940439090633,0.43283582089552236
Ssl_JIM8777,S. salivarius,SALIVA_RS05135,0.3399014778325123,0.25721881247697237,0.42528735632183906
Ssl_JIM8777,S. salivarius,SALIVA_RS05140,0.3417085427135678,0.3139086269919861,0.42546063651591287
Ssl_JIM8777,S. salivarius,SALIVA_RS05145,0.43007915567282323,0.3141217662804097,0.4001759014951627
Ssl_JIM8777,S. salivarius,SALIVA_RS05150,0.3277661795407098,0.4211211955635086,0.40292275574112735
Ssl_JIM8777,S. salivarius,SALIVA_RS05160,0.3897338403041825,0.25830888257434886,0.40874524714828897
Ssl_JIM8777,S. salivarius,SALIVA_RS05165,0.3864734299516908,0.2676638207995388,0.4057971014492754
Ssl_JIM8777,S. salivarius,SALIVA_RS05170,0.39436619718309857,0.33753717883845463,0.42370892018779344
Ssl_JIM8777,S. salivarius,SALIVA_RS05175,0.38084632516703787,0.423871972378655,0.40979955456570155
Ssl_JIM8777,S. salivarius,SALIVA_RS05180,0.39849624060150374,0.30417209543360707,0.4076858813700919
Ssl_JIM8777,S. salivarius,SALIVA_RS05185,0.3853211009174312,0.2732431544777903,0.43883792048929665
Ssl_JIM8777,S. salivarius,SALIVA_RS05190,0.3309692671394799,0.4614759596782389,0.42631993695823484
Ssl_JIM8777,S. salivarius,SALIVA_RS05195,0.30606060606060603,0.29303788168691647,0.37424242424242427
Ssl_JIM8777,S. salivarius,SALIVA_RS05200,0.3372093023255814,0.3367281804558228,0.3635658914728682
Ssl_JIM8777,S. salivarius,SALIVA_RS05205,0.3286219081272085,0.36716321664320567,0.3674911660777385
Ssl_JIM8777,S. salivarius,SALIVA_RS05210,0.33641975308641975,0.5669954446582153,0.43004115226337447
Ssl_JIM8777,S. salivarius,SALIVA_RS05215,0.33633633633633636,0.592523357629634,0.4244244244244244
Ssl_JIM8777,S. salivarius,SALIVA_RS05220,0.3563714902807775,0.4924533255950772,0.4427645788336933
Ssl_JIM8777,S. salivarius,SALIVA_RS05225,0.2901023890784983,0.5907712265214116,0.42775881683731515
Ssl_JIM8777,S. salivarius,SALIVA_RS05230,0.2972972972972973,0.44301084791007966,0.4155405405405405
Ssl_JIM8777,S. salivarius,SALIVA_RS05235,0.34454638124362896,0.368799930788307,0.43391097519537886
Ssl_JIM8777,S. salivarius,SALIVA_RS05240,0.3570274636510501,0.36197163770926705,0.42945611200861605
Ssl_JIM8777,S. salivarius,SALIVA_RS05245,0.3436426116838488,0.5145889650121661,0.3940435280641466
Ssl_JIM8777,S. salivarius,SALIVA_RS05250,0.3781094527363184,0.36091422100712006,0.4295190713101161
Ssl_JIM8777,S. salivarius,SALIVA_RS05255,0.40391459074733094,0.34892567730202156,0.4246737841043891
Ssl_JIM8777,S. salivarius,SALIVA_RS05260,0.3662551440329218,0.28334507251153557,0.38271604938271603
Ssl_JIM8777,S. salivarius,SALIVA_RS05270,0.30606860158311344,0.600152494417521,0.41072999120492526
Ssl_JIM8777,S. salivarius,SALIVA_RS05275,0.4336917562724014,0.46159709548908734,0.4002389486260454
Ssl_JIM8777,S. salivarius,SALIVA_RS05280,0.44150110375275936,0.4779017287675479,0.4157468727005151
Ssl_JIM8777,S. salivarius,SALIVA_RS05285,0.27163461538461536,0.6558971064821145,0.39503205128205127
Ssl_JIM8777,S. salivarius,SALIVA_RS05290,0.2716417910447761,0.32319698185274703,0.382089552238806
Ssl_JIM8777,S. salivarius,SALIVA_RS05295,0.314,0.61625865492111,0.39666666666666667
Ssl_JIM8777,S. salivarius,SALIVA_RS05300,0.3753315649867374,0.7617300318952185,0.38770999115826704
Ssl_JIM8777,S. salivarius,SALIVA_RS10725,0.3317307692307692,0.26639433782383243,0.34935897435897434
Ssl_JIM8777,S. salivarius,SALIVA_RS05315,0.3333333333333333,0.5178332719202463,0.3797979797979798
Ssl_JIM8777,S. salivarius,SALIVA_RS05320,0.3165266106442577,0.32485970208503856,0.37441643323996265
Ssl_JIM8777,S. salivarius,SALIVA_RS05325,0.3435655253837072,0.494113717851678,0.4167650531286895
Ssl_JIM8777,S. salivarius,SALIVA_RS05330,0.3577981651376147,0.4592300159729911,0.41590214067278286
Ssl_JIM8777,S. salivarius,SALIVA_RS05335,0.3675889328063241,0.36828252840570425,0.42292490118577075
Ssl_JIM8777,S. salivarius,SALIVA_RS05340,0.376865671641791,0.3983986385682006,0.4129353233830846
Ssl_JIM8777,S. salivarius,SALIVA_RS05345,0.3559322033898305,0.36783127878356886,0.43163841807909603
Ssl_JIM8777,S. salivarius,SALIVA_RS05350,0.3704918032786885,0.3487287354187462,0.4240437158469945
Ssl_JIM8777,S. salivarius,SALIVA_RS05355,0.3972602739726027,0.36836372218218577,0.4360730593607306
Ssl_JIM8777,S. salivarius,SALIVA_RS05360,0.3501144164759725,0.3512245218523033,0.41800152555301295
Ssl_JIM8777,S. salivarius,SALIVA_RS05365,0.328125,0.37365794056348695,0.3828125
Ssl_JIM8777,S. salivarius,SALIVA_RS05375,0.39855072463768115,0.3462384946654614,0.391304347826087
Ssl_JIM8777,S. salivarius,SALIVA_RS05380,0.2894736842105263,0.3454764475009583,0.3969298245614035
Ssl_JIM8777,S. salivarius,SALIVA_RS05385,0.3129251700680272,0.32959924167599763,0.4308390022675737
Ssl_JIM8777,S. salivarius,SALIVA_RS05390,0.3348115299334812,0.33554834404248124,0.4005912786400591
Ssl_JIM8777,S. salivarius,SALIVA_RS05400,0.3140096618357488,0.3868132693112446,0.40418679549114334
Ssl_JIM8777,S. salivarius,SALIVA_RS05405,0.2909090909090909,0.4889756551669631,0.38181818181818183
Ssl_JIM8777,S. salivarius,SALIVA_RS05410,0.2619047619047619,0.3306647379148837,0.34656084656084657
Ssl_JIM8777,S. salivarius,SALIVA_RS05415,0.28337236533957844,0.49915259076984636,0.41451990632318503
Ssl_JIM8777,S. salivarius,SALIVA_RS05420,0.38181818181818183,0.37750678509161595,0.43116883116883115
Ssl_JIM8777,S. salivarius,SALIVA_RS05425,0.31919642857142855,0.5201335198102501,0.42336309523809523
Ssl_JIM8777,S. salivarius,SALIVA_RS05430,0.3172866520787746,0.3893268885484155,0.41429613420860684
Ssl_JIM8777,S. salivarius,SALIVA_RS05435,0.35987261146496813,0.30198170643696487,0.37579617834394907
Ssl_JIM8777,S. salivarius,SALIVA_RS05440,0.2923898531375167,0.5233840710183941,0.4294615042278594
Ssl_JIM8777,S. salivarius,SALIVA_RS05445,0.42660550458715596,0.2732852239188698,0.42507645259938837
Ssl_JIM8777,S. salivarius,SALIVA_RS05450,0.43462897526501765,0.4479929885724434,0.3945818610129564
Ssl_JIM8777,S. salivarius,SALIVA_RS05455,0.38016528925619836,0.27200357420982463,0.4490358126721763
Ssl_JIM8777,S. salivarius,SALIVA_RS05460,0.319047619047619,0.6486887894885565,0.4142857142857143
Ssl_JIM8777,S. salivarius,SALIVA_RS05465,0.33189655172413796,0.486362488726775,0.4468390804597701
Ssl_JIM8777,S. salivarius,SALIVA_RS05470,0.22564102564102564,0.324801740783536,0.29914529914529914
Ssl_JIM8777,S. salivarius,SALIVA_RS05475,0.22568093385214008,0.318294258609675,0.3229571984435798
Ssl_JIM8777,S. salivarius,SALIVA_RS05480,0.4231974921630094,0.3806449747252295,0.46812957157784746
Ssl_JIM8777,S. salivarius,SALIVA_RS05485,0.437984496124031,0.31848691186232514,0.4702842377260982
Ssl_JIM8777,S. salivarius,SALIVA_RS05490,0.3551912568306011,0.4169702589411769,0.4644808743169399
Ssl_JIM8777,S. salivarius,SALIVA_RS05495,0.4344569288389513,0.2902740532833149,0.39575530586766544
Ssl_JIM8777,S. salivarius,SALIVA_RS05500,0.4755877034358047,0.31686014692404696,0.43640747438215793
Ssl_JIM8777,S. salivarius,SALIVA_RS05505,0.4657534246575342,0.2466891715037352,0.42139595564253096
Ssl_JIM8777,S. salivarius,SALIVA_RS05510,0.3579418344519016,0.2633087488461059,0.4146159582401193
Ssl_JIM8777,S. salivarius,SALIVA_RS05515,0.39009287925696595,0.32758553031344695,0.39525283797729616
Ssl_JIM8777,S. salivarius,SALIVA_RS10730,0.2668918918918919,0.4833814302395462,0.4177927927927928
Ssl_JIM8777,S. salivarius,SALIVA_RS10735,0.3541666666666667,0.45819598211405327,0.4351851851851852
Ssl_JIM8777,S. salivarius,SALIVA_RS05525,0.31933701657458563,0.3141165609004324,0.3871086556169429
Ssl_JIM8777,S. salivarius,SALIVA_RS05530,0.33490566037735847,0.38005317950416634,0.40723270440251574
Ssl_JIM8777,S. salivarius,SALIVA_RS05535,0.3254901960784314,0.3276328092942804,0.4117647058823529
Ssl_JIM8777,S. salivarius,SALIVA_RS05540,0.3798076923076923,0.2600490190173325,0.3733974358974359
Ssl_JIM8777,S. salivarius,SALIVA_RS05545,0.3462603878116344,0.32576553035513994,0.38873499538319484
Ssl_JIM8777,S. salivarius,SALIVA_RS05550,0.30962343096234307,0.3086071976409955,0.38633193863319387
Ssl_JIM8777,S. salivarius,SALIVA_RS05560,0.37283236994219654,0.39695097530722095,0.47784200385356457
Ssl_JIM8777,S. salivarius,SALIVA_RS05565,0.3287671232876712,0.33741910707215345,0.382648401826484
Ssl_JIM8777,S. salivarius,SALIVA_RS05570,0.4816053511705686,0.23230010962966213,0.4459308807134894
Ssl_JIM8777,S. salivarius,SALIVA_RS05575,0.5222222222222223,0.23910077864654866,0.44074074074074077
Ssl_JIM8777,S. salivarius,SALIVA_RS05580,0.3821656050955414,0.3076924514053477,0.32696390658174096
Ssl_JIM8777,S. salivarius,SALIVA_RS05585,0.4594594594594595,0.2760519552653262,0.4264264264264264
Ssl_JIM8777,S. salivarius,SALIVA_RS05595,0.30982367758186397,0.4237179217815933,0.4424853064651553
Ssl_JIM8777,S. salivarius,SALIVA_RS05600,0.4034334763948498,0.2820526341249115,0.39628040057224606
Ssl_JIM8777,S. salivarius,SALIVA_RS05605,0.3884057971014493,0.28632563011025225,0.39903381642512076
Ssl_JIM8777,S. salivarius,SALIVA_RS05615,0.5393258426966292,0.20408464266480664,0.4794007490636704
Ssl_JIM8777,S. salivarius,SALIVA_RS05620,0.5232974910394266,0.21925071115078443,0.5065710872162486
Ssl_JIM8777,S. salivarius,SALIVA_RS05625,0.553030303030303,0.1570091901856343,0.4356060606060606
Ssl_JIM8777,S. salivarius,SALIVA_RS05630,0.5422885572139303,0.23523246159993677,0.4892205638474295
Ssl_JIM8777,S. salivarius,SALIVA_RS05635,0.3169811320754717,0.32656817873017163,0.410062893081761
Ssl_JIM8777,S. salivarius,SALIVA_RS05640,0.37362637362637363,0.27445352600702433,0.3901098901098901
Ssl_JIM8777,S. salivarius,SALIVA_RS05645,0.358974358974359,0.39059220423656127,0.4131054131054131
Ssl_JIM8777,S. salivarius,SALIVA_RS05650,0.38175675675675674,0.36215376515354425,0.40615615615615613
Ssl_JIM8777,S. salivarius,SALIVA_RS05665,0.32211538461538464,0.2533331616850776,0.3974358974358974
Ssl_JIM8777,S. salivarius,SALIVA_RS05670,0.3905325443786982,0.2969725465963108,0.42011834319526625
Ssl_JIM8777,S. salivarius,SALIVA_RS05675,0.43621399176954734,0.28155826994120314,0.4403292181069959
Ssl_JIM8777,S. salivarius,SALIVA_RS05680,0.3894736842105263,0.2836838656544265,0.43859649122807015
Ssl_JIM8777,S. salivarius,SALIVA_RS05685,0.37333333333333335,0.2988746785738069,0.3977777777777778
Ssl_JIM8777,S. salivarius,SALIVA_RS05690,0.3568627450980392,0.2753830472387708,0.4143790849673203
Ssl_JIM8777,S. salivarius,SALIVA_RS05695,0.4064748201438849,0.3169328588825085,0.42805755395683454
Ssl_JIM8777,S. salivarius,SALIVA_RS05700,0.3125,0.35626810495577493,0.40773809523809523
Ssl_JIM8777,S. salivarius,SALIVA_RS05705,0.32083333333333336,0.4735172750555232,0.40694444444444444
Ssl_JIM8777,S. salivarius,SALIVA_RS05710,0.29695885509839,0.47727242477971404,0.41323792486583183
Ssl_JIM8777,S. salivarius,SALIVA_RS05715,0.41228070175438597,0.28311485570783573,0.41228070175438597
Ssl_JIM8777,S. salivarius,SALIVA_RS05720,0.2900552486187845,0.33054608470080615,0.3397790055248619
Ssl_JIM8777,S. salivarius,SALIVA_RS05725,0.3486088379705401,0.5201861719894715,0.4266230223677032
Ssl_JIM8777,S. salivarius,SALIVA_RS05730,0.23137254901960785,0.634495618969244,0.4130718954248366
Ssl_JIM8777,S. salivarius,SALIVA_RS05740,0.2898550724637681,0.4571054765245929,0.4178743961352657
Ssl_JIM8777,S. salivarius,SALIVA_RS05745,0.34554973821989526,0.5487236526773317,0.4232111692844677
Ssl_JIM8777,S. salivarius,SALIVA_RS05750,0.31919642857142855,0.4749844265430703,0.421875
Ssl_JIM8777,S. salivarius,SALIVA_RS05755,0.35076252723311546,0.2738136653567164,0.37981118373275236
Ssl_JIM8777,S. salivarius,SALIVA_RS05760,0.37727272727272726,0.31827641774581994,0.4075757575757576
Ssl_JIM8777,S. salivarius,SALIVA_RS05765,0.32727272727272727,0.2765382765248692,0.3478787878787879
Ssl_JIM8777,S. salivarius,SALIVA_RS05770,0.35664335664335667,0.43039252875314976,0.41025641025641024
Ssl_JIM8777,S. salivarius,SALIVA_RS05775,0.32857142857142857,0.29730899180394077,0.3821428571428571
Ssl_JIM8777,S. salivarius,SALIVA_RS05780,0.3127035830618892,0.25612063224159326,0.40716612377850164
Ssl_JIM8777,S. salivarius,SALIVA_RS05785,0.31640625,0.31553528261810543,0.40625
Ssl_JIM8777,S. salivarius,SALIVA_RS05790,0.3298245614035088,0.37261306141922823,0.39649122807017545
Ssl_JIM8777,S. salivarius,SALIVA_RS05795,0.2826086956521739,0.3925449332709033,0.3927536231884058
Ssl_JIM8777,S. salivarius,SALIVA_RS05800,0.28488372093023256,0.3091303604440545,0.374031007751938
Ssl_JIM8777,S. salivarius,SALIVA_RS05805,0.30113636363636365,0.2610837071347815,0.3503787878787879
Ssl_JIM8777,S. salivarius,SALIVA_RS05810,0.3570057581573896,0.48146461728306933,0.4094689699296225
Ssl_JIM8777,S. salivarius,SALIVA_RS05815,0.43243243243243246,0.3728839441489557,0.3813813813813814
Ssl_JIM8777,S. salivarius,SALIVA_RS05820,0.36909871244635195,0.27481555729876683,0.41917024320457796
Ssl_JIM8777,S. salivarius,SALIVA_RS05825,0.33205374280230326,0.5910729068066017,0.4350607805502239
Ssl_JIM8777,S. salivarius,SALIVA_RS05830,0.2512820512820513,0.25322351113198166,0.3076923076923077
Ssl_JIM8777,S. salivarius,SALIVA_RS05835,0.21176470588235294,0.5783269918127133,0.41862745098039217
Ssl_JIM8777,S. salivarius,SALIVA_RS05845,0.3333333333333333,0.2070139014512369,0.35978835978835977
Ssl_JIM8777,S. salivarius,SALIVA_RS05850,0.3326271186440678,0.23917487229097162,0.3870056497175141
Ssl_JIM8777,S. salivarius,SALIVA_RS05855,0.3591549295774648,0.35189029966585245,0.40023474178403756
Ssl_JIM8777,S. salivarius,SALIVA_RS05860,0.34285714285714286,0.3629574366792495,0.4015873015873016
Ssl_JIM8777,S. salivarius,SALIVA_RS05865,0.3925233644859813,0.3961900050423527,0.40031152647975077
Ssl_JIM8777,S. salivarius,SALIVA_RS05870,0.2072072072072072,0.6231564233102691,0.35735735735735735
Ssl_JIM8777,S. salivarius,SALIVA_RS05875,0.28689883913764513,0.5726165581292333,0.417910447761194
Ssl_JIM8777,S. salivarius,SALIVA_RS05880,0.39603960396039606,0.3622883253214046,0.3872387238723872
Ssl_JIM8777,S. salivarius,SALIVA_RS05885,0.2815126050420168,0.35832760513227463,0.38935574229691877
Ssl_JIM8777,S. salivarius,SALIVA_RS05890,0.29464285714285715,0.3625888448803386,0.3898809523809524
Ssl_JIM8777,S. salivarius,SALIVA_RS05895,0.3173076923076923,0.29134314363614877,0.34615384615384615
Ssl_JIM8777,S. salivarius,SALIVA_RS05900,0.2857142857142857,0.3305990907019845,0.3333333333333333
Ssl_JIM8777,S. salivarius,SALIVA_RS05905,0.27766990291262134,0.4313700259314141,0.37216828478964403
Ssl_JIM8777,S. salivarius,SALIVA_RS05910,0.35036496350364965,0.2950631993713461,0.4124087591240876
Ssl_JIM8777,S. salivarius,SALIVA_RS05915,0.30472103004291845,0.4287528905948642,0.4105865522174535
Ssl_JIM8777,S. salivarius,SALIVA_RS05920,0.375,0.29619423474256723,0.39144736842105265
Ssl_JIM8777,S. salivarius,SALIVA_RS05925,0.3230769230769231,0.3483541246615085,0.4123076923076923
Ssl_JIM8777,S. salivarius,SALIVA_RS05930,0.3333333333333333,0.41672013632462807,0.3995510662177329
Ssl_JIM8777,S. salivarius,SALIVA_RS05935,0.38910505836575876,0.29698399915566714,0.39169909208819714
Ssl_JIM8777,S. salivarius,SALIVA_RS05940,0.26099706744868034,0.5199068303418205,0.3949169110459433
Ssl_JIM8777,S. salivarius,SALIVA_RS05945,0.32926829268292684,0.4859874140542743,0.3699186991869919
Ssl_JIM8777,S. salivarius,SALIVA_RS05950,0.33472803347280333,0.29725455047269084,0.4407252440725244
Ssl_JIM8777,S. salivarius,SALIVA_RS05955,0.3918918918918919,0.35344539287677873,0.40540540540540543
Ssl_JIM8777,S. salivarius,SALIVA_RS05960,0.26605504587155965,0.45939223266734325,0.40672782874617736
Ssl_JIM8777,S. salivarius,SALIVA_RS05965,0.2283464566929134,0.6272654826501782,0.3910761154855643
Ssl_JIM8777,S. salivarius,SALIVA_RS05970,0.35294117647058826,0.3189360372665063,0.36764705882352944
Ssl_JIM8777,S. salivarius,SALIVA_RS05975,0.29175946547884185,0.6480896786930146,0.4083147735708983
Ssl_JIM8777,S. salivarius,SALIVA_RS05980,0.2918781725888325,0.4465046570330475,0.4010152284263959
Ssl_JIM8777,S. salivarius,SALIVA_RS05985,0.34782608695652173,0.30377217472701756,0.40372670807453415
Ssl_JIM8777,S. salivarius,SALIVA_RS05990,0.33293124246079614,0.305296951519403,0.3968636911942099
Ssl_JIM8777,S. salivarius,SALIVA_RS05995,0.2890995260663507,0.44155139887917855,0.3886255924170616
Ssl_JIM8777,S. salivarius,SALIVA_RS06000,0.34169278996865204,0.49781724410787215,0.4179728317659352
Ssl_JIM8777,S. salivarius,SALIVA_RS06005,0.3455056179775281,0.46161922720249254,0.41853932584269665
Ssl_JIM8777,S. salivarius,SALIVA_RS06010,0.3079922027290448,0.4421606196043916,0.4041585445094217
Ssl_JIM8777,S. salivarius,SALIVA_RS06015,0.2647887323943662,0.6856480353152175,0.4103286384976526
Ssl_JIM8777,S. salivarius,SALIVA_RS06020,0.3684210526315789,0.31249406301777377,0.42105263157894735
Ssl_JIM8777,S. salivarius,SALIVA_RS06025,0.2558139534883721,0.38349737364217723,0.4
Ssl_JIM8777,S. salivarius,SALIVA_RS06030,0.3004694835680751,0.35530545141629233,0.3982785602503912
Ssl_JIM8777,S. salivarius,SALIVA_RS06035,0.29949238578680204,0.34100840702634305,0.3756345177664975
Ssl_JIM8777,S. salivarius,SALIVA_RS06040,0.3485342019543974,0.33902112889705116,0.3713355048859935
Ssl_JIM8777,S. salivarius,SALIVA_RS06050,0.3347457627118644,0.30345746256303946,0.3714689265536723
Ssl_JIM8777,S. salivarius,SALIVA_RS06055,0.28888888888888886,0.40985170545239386,0.36
Ssl_JIM8777,S. salivarius,SALIVA_RS06060,0.26032315978456017,0.5872964815638656,0.41053261520047873
Ssl_JIM8777,S. salivarius,SALIVA_RS06065,0.35526315789473684,0.32621064249595094,0.391812865497076
Ssl_JIM8777,S. salivarius,SALIVA_RS06070,0.27472527472527475,0.3362204854289466,0.3882783882783883
Ssl_JIM8777,S. salivarius,SALIVA_RS06075,0.34554973821989526,0.36224878850940856,0.387434554973822
Ssl_JIM8777,S. salivarius,SALIVA_RS06080,0.32085561497326204,0.29477066623917964,0.3868092691622103
Ssl_JIM8777,S. salivarius,SALIVA_RS06085,0.32809773123909247,0.649397392469998,0.4258289703315881
Ssl_JIM8777,S. salivarius,SALIVA_RS06090,0.3150684931506849,0.4126424993835579,0.410958904109589
Ssl_JIM8777,S. salivarius,SALIVA_RS06095,0.32133333333333336,0.6500085048921096,0.4111111111111111
Ssl_JIM8777,S. salivarius,SALIVA_RS06100,0.3418803418803419,0.3247686008763496,0.31339031339031337
Ssl_JIM8777,S. salivarius,SALIVA_RS06105,0.3535528596187175,0.31859486999347164,0.4015020219526285
Ssl_JIM8777,S. salivarius,SALIVA_RS06110,0.3094425483503982,0.4889931784505965,0.39097459233978005
Ssl_JIM8777,S. salivarius,SALIVA_RS06115,0.35933806146572106,0.36819791356303494,0.39322301024428685
Ssl_JIM8777,S. salivarius,SALIVA_RS06125,0.40865384615384615,0.368307388539468,0.37900641025641024
Ssl_JIM8777,S. salivarius,SALIVA_RS06130,0.3597678916827853,0.42950628050481554,0.41328175370728565
Ssl_JIM8777,S. salivarius,SALIVA_RS06140,0.37564322469982847,0.29035864891320623,0.41052029731275014
Ssl_JIM8777,S. salivarius,SALIVA_RS06145,0.36379310344827587,0.27453822996024724,0.4068965517241379
Ssl_JIM8777,S. salivarius,SALIVA_RS06150,0.4411764705882353,0.24256390259764876,0.4264705882352941
Ssl_JIM8777,S. salivarius,SALIVA_RS06155,0.3619631901840491,0.3230978274707978,0.36298568507157464
Ssl_JIM8777,S. salivarius,SALIVA_RS06160,0.29256594724220625,0.5477626827331307,0.4228617106314948
Ssl_JIM8777,S. salivarius,SALIVA_RS06165,0.3415841584158416,0.27602663081406187,0.40924092409240925
Ssl_JIM8777,S. salivarius,SALIVA_RS06170,0.3920863309352518,0.2998724799125391,0.42565947242206237
Ssl_JIM8777,S. salivarius,SALIVA_RS06175,0.3611111111111111,0.5098081006152968,0.43796296296296294
Ssl_JIM8777,S. salivarius,SALIVA_RS06180,0.3316582914572864,0.33081909218744915,0.3852596314907873
Ssl_JIM8777,S. salivarius,SALIVA_RS06185,0.32047477744807124,0.3724354199673144,0.4124629080118694
Ssl_JIM8777,S. salivarius,SALIVA_RS06190,0.34980988593155893,0.5154116965065269,0.43219264892268694
Ssl_JIM8777,S. salivarius,SALIVA_RS06195,0.3333333333333333,0.41759450844444995,0.4328042328042328
Ssl_JIM8777,S. salivarius,SALIVA_RS06200,0.3440514469453376,0.3062211732721394,0.4180064308681672
Ssl_JIM8777,S. salivarius,SALIVA_RS06210,0.36104513064133015,0.49355348325963755,0.4140934283452098
Ssl_JIM8777,S. salivarius,SALIVA_RS06215,0.3498452012383901,0.38616704303795857,0.38596491228070173
Ssl_JIM8777,S. salivarius,SALIVA_RS06220,0.3582089552238806,0.2784194660708426,0.4079601990049751
Ssl_JIM8777,S. salivarius,SALIVA_RS06225,0.3661417322834646,0.38239629238735184,0.3937007874015748
Ssl_JIM8777,S. salivarius,SALIVA_RS06230,0.3487241798298906,0.44485228515633196,0.4305386796273795
Ssl_JIM8777,S. salivarius,SALIVA_RS06235,0.2978723404255319,0.7873436285725245,0.425531914893617
Ssl_JIM8777,S. salivarius,SALIVA_RS06240,0.3078602620087336,0.6561441792026799,0.39956331877729256
Ssl_JIM8777,S. salivarius,SALIVA_RS06245,0.37816764132553604,0.42153505408349595,0.4282001299545159
Ssl_JIM8777,S. salivarius,SALIVA_RS06250,0.2824858757062147,0.2886926995894526,0.3578154425612053
Ssl_JIM8777,S. salivarius,SALIVA_RS06255,0.3041958041958042,0.29585661905424543,0.3881118881118881
Ssl_JIM8777,S. salivarius,SALIVA_RS06260,0.28823529411764703,0.347303225898587,0.3941176470588235
Ssl_JIM8777,S. salivarius,SALIVA_RS06265,0.3220338983050847,0.4398410089933317,0.3785310734463277
Ssl_JIM8777,S. salivarius,SALIVA_RS06270,0.4028436018957346,0.28569124589595246,0.3854660347551343
Ssl_JIM8777,S. salivarius,SALIVA_RS06275,0.34513274336283184,0.42340039771324434,0.39823008849557523
Ssl_JIM8777,S. salivarius,SALIVA_RS06280,0.34536082474226804,0.24715323471464642,0.359106529209622
Ssl_JIM8777,S. salivarius,SALIVA_RS06285,0.3026151930261519,0.5555577173066224,0.4259028642590286
Ssl_JIM8777,S. salivarius,SALIVA_RS06290,0.3236994219653179,0.37117397719472345,0.3930635838150289
Ssl_JIM8777,S. salivarius,SALIVA_RS06295,0.33045977011494254,0.5957946592758716,0.41954022988505746
Ssl_JIM8777,S. salivarius,SALIVA_RS06305,0.3626373626373626,0.33210712700630785,0.36813186813186816
Ssl_JIM8777,S. salivarius,SALIVA_RS06310,0.3684210526315789,0.3589277250809488,0.43152235427277874
Ssl_JIM8777,S. salivarius,SALIVA_RS06315,0.3652173913043478,0.3793068632000864,0.43333333333333335
Ssl_JIM8777,S. salivarius,SALIVA_RS06320,0.3333333333333333,0.5268474320118516,0.43696581196581197
Ssl_JIM8777,S. salivarius,SALIVA_RS06325,0.3286908077994429,0.6214591665745911,0.43454038997214484
Ssl_JIM8777,S. salivarius,SALIVA_RS06330,0.2972972972972973,0.3360563488801197,0.3918918918918919
Ssl_JIM8777,S. salivarius,SALIVA_RS06335,0.41333333333333333,0.25705705698443343,0.41904761904761906
Ssl_JIM8777,S. salivarius,SALIVA_RS06340,0.4327485380116959,0.2608484278166697,0.45614035087719296
Ssl_JIM8777,S. salivarius,SALIVA_RS06345,0.4274661508704062,0.30167173386991475,0.41392649903288203
Ssl_JIM8777,S. salivarius,SALIVA_RS06355,0.425531914893617,0.25288635474703247,0.42488716956802064
Ssl_JIM8777,S. salivarius,SALIVA_RS06365,0.4588235294117647,0.30190170580475195,0.43025210084033616
Ssl_JIM8777,S. salivarius,SALIVA_RS06370,0.45689655172413796,0.34889398063158,0.4425287356321839
Ssl_JIM8777,S. salivarius,SALIVA_RS06375,0.40625,0.311354775272217,0.43154761904761907
Ssl_JIM8777,S. salivarius,SALIVA_RS06380,0.3724137931034483,0.32794634723753213,0.4850574712643678
Ssl_JIM8777,S. salivarius,SALIVA_RS06385,0.3811349693251534,0.3868463472054708,0.43660531697341515
Ssl_JIM8777,S. salivarius,SALIVA_RS06395,0.3518821603927987,0.28785091763789694,0.36661211129296234
Ssl_JIM8777,S. salivarius,SALIVA_RS06400,0.35333333333333333,0.2751900339661393,0.36148148148148146
Ssl_JIM8777,S. salivarius,SALIVA_RS06405,0.3716216216216216,0.31429082632602096,0.41216216216216217
Ssl_JIM8777,S. salivarius,SALIVA_RS06410,0.367816091954023,0.2510775909599239,0.3620689655172414
Ssl_JIM8777,S. salivarius,SALIVA_RS06415,0.3051948051948052,0.2972796998415875,0.3333333333333333
Ssl_JIM8777,S. salivarius,SALIVA_RS06420,0.27598566308243727,0.3316624109643059,0.34886499402628435
Ssl_JIM8777,S. salivarius,SALIVA_RS06425,0.2916666666666667,0.2643548486253524,0.325
Ssl_JIM8777,S. salivarius,SALIVA_RS06430,0.27722772277227725,0.3120779021668309,0.32893289328932895
Ssl_JIM8777,S. salivarius,SALIVA_RS10235,0.2675438596491228,0.29710109163788295,0.2894736842105263
Ssl_JIM8777,S. salivarius,SALIVA_RS06440,0.3609271523178808,0.26888078040372065,0.3509933774834437
Ssl_JIM8777,S. salivarius,SALIVA_RS06445,0.3710843373493976,0.2690571599046474,0.3654618473895582
Ssl_JIM8777,S. salivarius,SALIVA_RS06450,0.45038167938931295,0.27941900649078816,0.4020356234096692
Ssl_JIM8777,S. salivarius,SALIVA_RS06455,0.5421245421245421,0.20324235674021882,0.4297924297924298
Ssl_JIM8777,S. salivarius,SALIVA_RS06460,0.4622356495468278,0.22603080529401004,0.4310171198388721
Ssl_JIM8777,S. salivarius,SALIVA_RS06465,0.27741935483870966,0.27054363231825757,0.3333333333333333
Ssl_JIM8777,S. salivarius,SALIVA_RS06470,0.48258706467661694,0.236646628229574,0.4792703150912106
Ssl_JIM8777,S. salivarius,SALIVA_RS06475,0.4849315068493151,0.23255132657855196,0.4319634703196347
Ssl_JIM8777,S. salivarius,SALIVA_RS06480,0.44715447154471544,0.31638059121142154,0.4051490514905149
Ssl_JIM8777,S. salivarius,SALIVA_RS06485,0.3707482993197279,0.3114351098942576,0.41156462585034015
Ssl_JIM8777,S. salivarius,SALIVA_RS06500,0.30158730158730157,0.3964972230835525,0.3968253968253968
Ssl_JIM8777,S. salivarius,SALIVA_RS06505,0.37767220902612825,0.27545234051456463,0.4077593032462391
Ssl_JIM8777,S. salivarius,SALIVA_RS06510,0.4264705882352941,0.2772132055461644,0.4068627450980392
Ssl_JIM8777,S. salivarius,SALIVA_RS06515,0.3363914373088685,0.2928199142296398,0.41590214067278286
Ssl_JIM8777,S. salivarius,SALIVA_RS06520,0.31529411764705884,0.30056051531038963,0.3968627450980392
Ssl_JIM8777,S. salivarius,SALIVA_RS06525,0.3590733590733591,0.2302061563359546,0.4375804375804376
Ssl_JIM8777,S. salivarius,SALIVA_RS06530,0.4356955380577428,0.19989068427213313,0.42344706911636043
Ssl_JIM8777,S. salivarius,SALIVA_RS06535,0.3972602739726027,0.2776142703898427,0.3972602739726027
Ssl_JIM8777,S. salivarius,SALIVA_RS06540,0.3060747663551402,0.27171571151485113,0.38161993769470404
Ssl_JIM8777,S. salivarius,SALIVA_RS06545,0.37037037037037035,0.2481804694514113,0.3950617283950617
Ssl_JIM8777,S. salivarius,SALIVA_RS06550,0.39601769911504425,0.2798224048156629,0.4314159292035398
Ssl_JIM8777,S. salivarius,SALIVA_RS06555,0.40847457627118644,0.3130574987154299,0.41129943502824856
Ssl_JIM8777,S. salivarius,SALIVA_RS06560,0.41214057507987223,0.40001291227383196,0.443024494142705
Ssl_JIM8777,S. salivarius,SALIVA_RS06565,0.3933333333333333,0.32320005191534346,0.4533333333333333
Ssl_JIM8777,S. salivarius,SALIVA_RS06570,0.3617886178861789,0.2968164387091873,0.3821138211382114
Ssl_JIM8777,S. salivarius,SALIVA_RS06575,0.40476190476190477,0.2811656588376379,0.41383219954648526
Ssl_JIM8777,S. salivarius,SALIVA_RS06580,0.39823008849557523,0.2727665374941126,0.41002949852507375
Ssl_JIM8777,S. salivarius,SALIVA_RS06585,0.3918918918918919,0.2908486019460813,0.4114114114114114
Ssl_JIM8777,S. salivarius,SALIVA_RS06590,0.44242424242424244,0.28462465676065907,0.4262626262626263
Ssl_JIM8777,S. salivarius,SALIVA_RS06595,0.34332833583208394,0.29233710179252087,0.3728135932033983
Ssl_JIM8777,S. salivarius,SALIVA_RS06600,0.35177865612648224,0.3411357609977892,0.4163372859025033
Ssl_JIM8777,S. salivarius,SALIVA_RS06605,0.39076923076923076,0.276245731659788,0.37333333333333335
Ssl_JIM8777,S. salivarius,SALIVA_RS06610,0.3964757709251101,0.300439932826963,0.39060205580029367
Ssl_JIM8777,S. salivarius,SALIVA_RS06615,0.4896907216494845,0.3645070236228409,0.46563573883161513
Ssl_JIM8777,S. salivarius,SALIVA_RS06620,0.43498817966903075,0.45265325275653495,0.4436564223798266
Ssl_JIM8777,S. salivarius,SALIVA_RS06635,0.29457364341085274,0.29438739343662534,0.35142118863049093
Ssl_JIM8777,S. salivarius,SALIVA_RS06640,0.4822222222222222,0.24074020975636584,0.46444444444444444
Ssl_JIM8777,S. salivarius,SALIVA_RS06650,0.43217665615141954,0.31074456367669145,0.46898002103049424
Ssl_JIM8777,S. salivarius,SALIVA_RS06655,0.43340857787810383,0.31396746590008334,0.43867569601203915
Ssl_JIM8777,S. salivarius,SALIVA_RS06660,0.3343949044585987,0.41473524605503415,0.41932059447983017
Ssl_JIM8777,S. salivarius,SALIVA_RS06665,0.3509933774834437,0.37547038726817933,0.3686534216335541
Ssl_JIM8777,S. salivarius,SALIVA_RS06670,0.26540284360189575,0.4134910266089587,0.35545023696682465
Ssl_JIM8777,S. salivarius,SALIVA_RS06680,0.32037691401649,0.3676881365112286,0.43462897526501765
Ssl_JIM8777,S. salivarius,SALIVA_RS06685,0.3722627737226277,0.275489658698536,0.40632603406326034
Ssl_JIM8777,S. salivarius,SALIVA_RS06690,0.4696969696969697,0.29318584510355067,0.45815295815295815
Ssl_JIM8777,S. salivarius,SALIVA_RS06695,0.3998091603053435,0.4359776450984954,0.4220737913486005
Ssl_JIM8777,S. salivarius,SALIVA_RS06700,0.37888198757763975,0.35514727548648145,0.40372670807453415
Ssl_JIM8777,S. salivarius,SALIVA_RS06710,0.4790575916230366,0.25120746727711124,0.418848167539267
Ssl_JIM8777,S. salivarius,SALIVA_RS06715,0.46255506607929514,0.2386307959813139,0.4302496328928047
Ssl_JIM8777,S. salivarius,SALIVA_RS06720,0.4166666666666667,0.2841957101449968,0.4375
Ssl_JIM8777,S. salivarius,SALIVA_RS06725,0.4902597402597403,0.2473093906581354,0.4751082251082251
Ssl_JIM8777,S. salivarius,SALIVA_RS06730,0.4291044776119403,0.2573467631959166,0.3644278606965174
Ssl_JIM8777,S. salivarius,SALIVA_RS06740,0.27722772277227725,0.2731959075936495,0.32673267326732675
Ssl_JIM8777,S. salivarius,SALIVA_RS06745,0.3333333333333333,0.5406863619333687,0.41956882255389716
Ssl_JIM8777,S. salivarius,SALIVA_RS06750,0.3832752613240418,0.32371149767548246,0.4262485481997677
Ssl_JIM8777,S. salivarius,SALIVA_RS06755,0.32666666666666666,0.3487891465687944,0.4088888888888889
Ssl_JIM8777,S. salivarius,SALIVA_RS06760,0.4513888888888889,0.2711770238618823,0.4050925925925926
Ssl_JIM8777,S. salivarius,SALIVA_RS06765,0.4037122969837587,0.23723204466422718,0.43078112915699923
Ssl_JIM8777,S. salivarius,SALIVA_RS06770,0.43973941368078173,0.29821002107840466,0.4245385450597177
Ssl_JIM8777,S. salivarius,SALIVA_RS06775,0.4087301587301587,0.2975129433953856,0.42063492063492064
Ssl_JIM8777,S. salivarius,SALIVA_RS06780,0.1965065502183406,0.2823354955245647,0.29985443959243085
Ssl_JIM8777,S. salivarius,SALIVA_RS06785,0.23376623376623376,0.2415065909934503,0.29777365491651203
Ssl_JIM8777,S. salivarius,SALIVA_RS06790,0.24509803921568626,0.25423733011361777,0.2908496732026144
Ssl_JIM8777,S. salivarius,SALIVA_RS06795,0.23735408560311283,0.3466033150210395,0.2827496757457847
Ssl_JIM8777,S. salivarius,SALIVA_RS06800,0.3732876712328767,0.23458123893713786,0.4041095890410959
Ssl_JIM8777,S. salivarius,SALIVA_RS06805,0.3991228070175439,0.29721516752516264,0.3991228070175439
Ssl_JIM8777,S. salivarius,SALIVA_RS06810,0.33175355450236965,0.40792355097464483,0.41390205371248023
Ssl_JIM8777,S. salivarius,SALIVA_RS06815,0.4497816593886463,0.2717798067042528,0.4192139737991266
Ssl_JIM8777,S. salivarius,SALIVA_RS06830,0.3594306049822064,0.4388891530509697,0.42823250296559906
Ssl_JIM8777,S. salivarius,SALIVA_RS06835,0.3391812865497076,0.3381387405094701,0.3469785575048733
Ssl_JIM8777,S. salivarius,SALIVA_RS06840,0.2544731610337972,0.5485796858248988,0.3744201457919152
Ssl_JIM8777,S. salivarius,SALIVA_RS06845,0.29763779527559053,0.572241795080765,0.389501312335958
Ssl_JIM8777,S. salivarius,SALIVA_RS06850,0.25787965616045844,0.3356250553985023,0.3543457497612225
Ssl_JIM8777,S. salivarius,SALIVA_RS06855,0.27245508982035926,0.5731101542955618,0.405189620758483
Ssl_JIM8777,S. salivarius,SALIVA_RS06860,0.23481781376518218,0.5047716222274817,0.3832658569500675
Ssl_JIM8777,S. salivarius,SALIVA_RS06865,0.2750642673521851,0.6110682888968425,0.39845758354755784
Ssl_JIM8777,S. salivarius,SALIVA_RS06870,0.32228915662650603,0.3200488237305878,0.4066265060240964
Ssl_JIM8777,S. salivarius,SALIVA_RS06875,0.39664804469273746,0.3448343135410592,0.41092489137181876
Ssl_JIM8777,S. salivarius,SALIVA_RS06880,0.4781609195402299,0.20728336940248893,0.42375478927203064
Ssl_JIM8777,S. salivarius,SALIVA_RS06885,0.6330275229357798,0.17547555259841915,0.5076452599388379
Ssl_JIM8777,S. salivarius,SALIVA_RS06890,0.3028322440087146,0.29666976366421194,0.37037037037037035
Ssl_JIM8777,S. salivarius,SALIVA_RS06895,0.2890995260663507,0.2868193500788326,0.3665086887835703
Ssl_JIM8777,S. salivarius,SALIVA_RS06900,0.34285714285714286,0.227229143287742,0.3888888888888889
Ssl_JIM8777,S. salivarius,SALIVA_RS06905,0.43434343434343436,0.43709295667077774,0.44107744107744107
Ssl_JIM8777,S. salivarius,SALIVA_RS06910,0.3739130434782609,0.24324227771314547,0.43768115942028984
Ssl_JIM8777,S. salivarius,SALIVA_RS06915,0.27472527472527475,0.4413784517675082,0.41208791208791207
Ssl_JIM8777,S. salivarius,SALIVA_RS06920,0.43597560975609756,0.32671959173582404,0.4491869918699187
Ssl_JIM8777,S. salivarius,SALIVA_RS06925,0.336,0.3195997899056851,0.44266666666666665
Ssl_JIM8777,S. salivarius,SALIVA_RS06930,0.390625,0.3659879818389612,0.4809027777777778
Ssl_JIM8777,S. salivarius,SALIVA_RS06935,0.3696969696969697,0.3808417721862668,0.4535353535353535
Ssl_JIM8777,S. salivarius,SALIVA_RS06940,0.4976303317535545,0.23908815639076106,0.4731437598736177
Ssl_JIM8777,S. salivarius,SALIVA_RS06945,0.35018050541516244,0.2694387608205011,0.3971119133574007
Ssl_JIM8777,S. salivarius,SALIVA_RS06950,0.37037037037037035,0.23714067512151102,0.35802469135802467
Ssl_JIM8777,S. salivarius,SALIVA_RS06955,0.3943452380952381,0.36224040651237754,0.3943452380952381
Ssl_JIM8777,S. salivarius,SALIVA_RS06960,0.3,0.28145382657451046,0.3484848484848485
Ssl_JIM8777,S. salivarius,SALIVA_RS06970,0.4161849710982659,0.3189657207700829,0.4161849710982659
Ssl_JIM8777,S. salivarius,SALIVA_RS06975,0.3112244897959184,0.2476839971481981,0.3333333333333333
Ssl_JIM8777,S. salivarius,SALIVA_RS06985,0.3780487804878049,0.27137536459448497,0.4010840108401084
Ssl_JIM8777,S. salivarius,SALIVA_RS06990,0.4316455696202532,0.43902306293647625,0.450210970464135
Ssl_JIM8777,S. salivarius,SALIVA_RS07000,0.3504531722054381,0.4751552489341684,0.42245720040281975
Ssl_JIM8777,S. salivarius,SALIVA_RS07005,0.45274584929757344,0.37592461020954604,0.4591315453384419
Ssl_JIM8777,S. salivarius,SALIVA_RS07010,0.293558606124604,0.4102901669805418,0.37873988032382966
Ssl_JIM8777,S. salivarius,SALIVA_RS07015,0.3011647254575707,0.44306806252492953,0.36716583471991127
Ssl_JIM8777,S. salivarius,SALIVA_RS07020,0.31791221826809013,0.3880205168544172,0.3922499011466983
Ssl_JIM8777,S. salivarius,SALIVA_RS07025,0.3051181102362205,0.4181659728000231,0.4015748031496063
Ssl_JIM8777,S. salivarius,SALIVA_RS07030,0.3074074074074074,0.432187431910125,0.40411522633744856
Ssl_JIM8777,S. salivarius,SALIVA_RS07035,0.3838383838383838,0.26717994476851453,0.43602693602693604
Ssl_JIM8777,S. salivarius,SALIVA_RS07040,0.41580756013745707,0.3623914861262397,0.46735395189003437
Ssl_JIM8777,S. salivarius,SALIVA_RS07045,0.33078101071975496,0.4064637319347567,0.4007146503318019
Ssl_JIM8777,S. salivarius,SALIVA_RS07050,0.2855227882037534,0.440271430940465,0.40437890974084
Ssl_JIM8777,S. salivarius,SALIVA_RS07055,0.3084384093113482,0.4152997417208453,0.38861946330423536
Ssl_JIM8777,S. salivarius,SALIVA_RS07060,0.3089430894308943,0.43126655430331906,0.3824149352604637
Ssl_JIM8777,S. salivarius,SALIVA_RS07065,0.28978622327790976,0.4293123749658458,0.384006334125099
Ssl_JIM8777,S. salivarius,SALIVA_RS07070,0.23100473142220984,0.5167957088358315,0.4146952407458948
Ssl_JIM8777,S. salivarius,SALIVA_RS07075,0.3875739644970414,0.2529446831120532,0.40828402366863903
Ssl_JIM8777,S. salivarius,SALIVA_RS07080,0.43478260869565216,0.3022982002849822,0.3965744400527009
Ssl_JIM8777,S. salivarius,SALIVA_RS07085,0.4264069264069264,0.2932990752205903,0.43362193362193363
Ssl_JIM8777,S. salivarius,SALIVA_RS07090,0.40875912408759124,0.25625834653782764,0.40875912408759124
Ssl_JIM8777,S. salivarius,SALIVA_RS07095,0.39361702127659576,0.2997918132566573,0.4521276595744681
Ssl_JIM8777,S. salivarius,SALIVA_RS07100,0.248,0.3134935134632376,0.3466666666666667
Ssl_JIM8777,S. salivarius,SALIVA_RS07105,0.3516566265060241,0.4560861718256951,0.4309738955823293
Ssl_JIM8777,S. salivarius,SALIVA_RS07110,0.34734665747760163,0.5598740462386121,0.421548357454629
Ssl_JIM8777,S. salivarius,SALIVA_RS07115,0.30405405405405406,0.3032508616793286,0.34684684684684686
Ssl_JIM8777,S. salivarius,SALIVA_RS07120,0.3215796897038082,0.3376258249836759,0.4446403385049365
Ssl_JIM8777,S. salivarius,SALIVA_RS07125,0.2325076053889613,0.4533099019579591,0.432565551209619
Ssl_JIM8777,S. salivarius,SALIVA_RS10810,0.23043666234327712,0.659741659251991,0.4065427294999279
Ssl_JIM8777,S. salivarius,SALIVA_RS07145,0.4251497005988024,0.3000793652399759,0.4301397205588822
Ssl_JIM8777,S. salivarius,SALIVA_RS07160,0.4634146341463415,0.33461371911869037,0.45602365114560234
Ssl_JIM8777,S. salivarius,SALIVA_RS07165,0.45129224652087474,0.34688019387367053,0.44466534128561963
Ssl_JIM8777,S. salivarius,SALIVA_RS07170,0.4734848484848485,0.3648784357987962,0.4503367003367003
Ssl_JIM8777,S. salivarius,SALIVA_RS07175,0.4697986577181208,0.3395726655841734,0.4250559284116331
Ssl_JIM8777,S. salivarius,SALIVA_RS07180,0.4580896686159844,0.335392738131273,0.4346978557504873
Ssl_JIM8777,S. salivarius,SALIVA_RS07185,0.4312977099236641,0.37773101820110744,0.42366412213740456
Ssl_JIM8777,S. salivarius,SALIVA_RS07190,0.508557457212714,0.2582837913556605,0.4213528932355338
Ssl_JIM8777,S. salivarius,SALIVA_RS07195,0.45558739255014324,0.29465545649526614,0.4350525310410697
Ssl_JIM8777,S. salivarius,SALIVA_RS07200,0.4820754716981132,0.2675037333168477,0.45754716981132076
Ssl_JIM8777,S. salivarius,SALIVA_RS07205,0.45409429280397023,0.2631288262356423,0.45244003308519437
Ssl_JIM8777,S. salivarius,SALIVA_RS07210,0.291358024691358,0.5466007155356096,0.4323731138545953
Ssl_JIM8777,S. salivarius,SALIVA_RS07215,0.38864838864838863,0.38696720964697146,0.43306076639409974
Ssl_JIM8777,S. salivarius,SALIVA_RS07220,0.2898493259318002,0.4934830834059941,0.436426116838488
Ssl_JIM8777,S. salivarius,SALIVA_RS07225,0.3050471436494731,0.6293419857148279,0.39668453811548654
Ssl_JIM8777,S. salivarius,SALIVA_RS07230,0.39669421487603307,0.2733977656675999,0.3948576675849403
Ssl_JIM8777,S. salivarius,SALIVA_RS07235,0.41141732283464566,0.26173410558995347,0.42650918635170604
Ssl_JIM8777,S. salivarius,SALIVA_RS07240,0.44141252006420545,0.3627480843893077,0.44997324772605674
Ssl_JIM8777,S. salivarius,SALIVA_RS07245,0.43986254295532645,0.37008421676584075,0.42210767468499427
Ssl_JIM8777,S. salivarius,SALIVA_RS07250,0.39867549668874175,0.3466134864174734,0.44503311258278144
Ssl_JIM8777,S. salivarius,SALIVA_RS07255,0.457286432160804,0.2524282039656523,0.4288107202680067
Ssl_JIM8777,S. salivarius,SALIVA_RS07260,0.47843137254901963,0.2337832550622075,0.42810457516339867
Ssl_JIM8777,S. salivarius,SALIVA_RS07265,0.36363636363636365,0.3518259809318991,0.3850267379679144
Ssl_JIM8777,S. salivarius,SALIVA_RS07270,0.3491271820448878,0.5789920477973538,0.40980881130507063
Ssl_JIM8777,S. salivarius,SALIVA_RS07275,0.3584905660377358,0.5271436578071095,0.4220824598183089
Ssl_JIM8777,S. salivarius,SALIVA_RS07280,0.316622691292876,0.5483461373423149,0.39489885664028146
Ssl_JIM8777,S. salivarius,SALIVA_RS07285,0.3438320209973753,0.5312804682874082,0.41644794400699914
Ssl_JIM8777,S. salivarius,SALIVA_RS07290,0.40669856459330145,0.4374821538891225,0.42424242424242425
Ssl_JIM8777,S. salivarius,SALIVA_RS07295,0.4016393442622951,0.31016395754717224,0.42714025500910746
Ssl_JIM8777,S. salivarius,SALIVA_RS07300,0.4124223602484472,0.31385203958461766,0.45300207039337476
Ssl_JIM8777,S. salivarius,SALIVA_RS07305,0.37537537537537535,0.4059881445774154,0.43743743743743746
Ssl_JIM8777,S. salivarius,SALIVA_RS07310,0.42083333333333334,0.3249149509934979,0.4513888888888889
Ssl_JIM8777,S. salivarius,SALIVA_RS07315,0.3815028901734104,0.40473939661049546,0.4007707129094412
Ssl_JIM8777,S. salivarius,SALIVA_RS07330,0.4046511627906977,0.35454368993796503,0.42170542635658914
Ssl_JIM8777,S. salivarius,SALIVA_RS07335,0.45103857566765576,0.2786269418033669,0.4075173095944609
Ssl_JIM8777,S. salivarius,SALIVA_RS07340,0.4721030042918455,0.2500822053671992,0.4105865522174535
Ssl_JIM8777,S. salivarius,SALIVA_RS07345,0.4268774703557312,0.20590231081932148,0.41238471673254284
Ssl_JIM8777,S. salivarius,SALIVA_RS07350,0.4016,0.34243725191959123,0.44266666666666665
Ssl_JIM8777,S. salivarius,SALIVA_RS07355,0.32926829268292684,0.3856069857946096,0.4173441734417344
Ssl_JIM8777,S. salivarius,SALIVA_RS07360,0.41043083900226757,0.27666058907636787,0.4459561602418745
Ssl_JIM8777,S. salivarius,SALIVA_RS07365,0.3942307692307692,0.3811878252119296,0.45726495726495725
Ssl_JIM8777,S. salivarius,SALIVA_RS07370,0.4305381727158949,0.2746272110468429,0.4430538172715895
Ssl_JIM8777,S. salivarius,SALIVA_RS07375,0.26666666666666666,0.5690288412837955,0.39365079365079364
Ssl_JIM8777,S. salivarius,SALIVA_RS07380,0.30952380952380953,0.5089817388023807,0.4158730158730159
Ssl_JIM8777,S. salivarius,SALIVA_RS07385,0.33905579399141633,0.42133598332098254,0.4263233190271817
Ssl_JIM8777,S. salivarius,SALIVA_RS07390,0.4175824175824176,0.2821158356722902,0.43223443223443225
Ssl_JIM8777,S. salivarius,SALIVA_RS07395,0.4339622641509434,0.3365410154772578,0.4591194968553459
Ssl_JIM8777,S. salivarius,SALIVA_RS07400,0.4126984126984127,0.2866769068342028,0.4312169312169312
Ssl_JIM8777,S. salivarius,SALIVA_RS07405,0.37339055793991416,0.4080791544252713,0.4005722460658083
Ssl_JIM8777,S. salivarius,SALIVA_RS07410,0.4122137404580153,0.2991788470751031,0.3842239185750636
Ssl_JIM8777,S. salivarius,SALIVA_RS07415,0.42258064516129035,0.45848738676995093,0.42258064516129035
Ssl_JIM8777,S. salivarius,SALIVA_RS07420,0.35911602209944754,0.4463990999462474,0.43186003683241253
Ssl_JIM8777,S. salivarius,SALIVA_RS07425,0.42394822006472493,0.45048646822571004,0.40668824163969797
Ssl_JIM8777,S. salivarius,SALIVA_RS07430,0.39558232931726905,0.42789168938578576,0.40829986613119146
Ssl_JIM8777,S. salivarius,SALIVA_RS07435,0.2831050228310502,0.575837738238992,0.389142567224759
Ssl_JIM8777,S. salivarius,SALIVA_RS07440,0.3059360730593607,0.5148951477736367,0.40233384069000505
Ssl_JIM8777,S. salivarius,SALIVA_RS07445,0.29573170731707316,0.5216236662596918,0.41971544715447157
Ssl_JIM8777,S. salivarius,SALIVA_RS07450,0.4214046822742475,0.2773346409168966,0.42920847268673357
Ssl_JIM8777,S. salivarius,SALIVA_RS07455,0.4050179211469534,0.28305596124665267,0.4336917562724014
Ssl_JIM8777,S. salivarius,SALIVA_RS07460,0.40444444444444444,0.27570951475541877,0.42518518518518517
Ssl_JIM8777,S. salivarius,SALIVA_RS07465,0.4895833333333333,0.28185954722494555,0.4270833333333333
Ssl_JIM8777,S. salivarius,SALIVA_RS07470,0.345679012345679,0.6101264541441603,0.4269547325102881
Ssl_JIM8777,S. salivarius,SALIVA_RS07475,0.3638814016172507,0.3522249809147127,0.4411500449236298
Ssl_JIM8777,S. salivarius,SALIVA_RS07480,0.4396551724137931,0.5473285114094673,0.367816091954023
Ssl_JIM8777,S. salivarius,SALIVA_RS07485,0.4590909090909091,0.32225774556869774,0.4484848484848485
Ssl_JIM8777,S. salivarius,SALIVA_RS07490,0.4870689655172414,0.3354253560273569,0.46264367816091956
Ssl_JIM8777,S. salivarius,SALIVA_RS07495,0.48034934497816595,0.19985888505079427,0.4585152838427948
Ssl_JIM8777,S. salivarius,SALIVA_RS07500,0.24812030075187969,0.2569824127781225,0.3092731829573935
Ssl_JIM8777,S. salivarius,SALIVA_RS07505,0.23739495798319327,0.2622088162087274,0.3004201680672269
Ssl_JIM8777,S. salivarius,SALIVA_RS07510,0.2297734627831715,0.33811898394365564,0.33980582524271846
Ssl_JIM8777,S. salivarius,SALIVA_RS07515,0.2558922558922559,0.3787794968307571,0.32940516273849607
Ssl_JIM8777,S. salivarius,SALIVA_RS07520,0.2836676217765043,0.35449277301946513,0.3390639923591213
Ssl_JIM8777,S. salivarius,SALIVA_RS07525,0.31343283582089554,0.3687654849772335,0.3747927031509121
Ssl_JIM8777,S. salivarius,SALIVA_RS07530,0.34444444444444444,0.38333171905584174,0.362962962962963
Ssl_JIM8777,S. salivarius,SALIVA_RS07535,0.3166144200626959,0.2951464922434704,0.3834900731452456
Ssl_JIM8777,S. salivarius,SALIVA_RS07540,0.2898172323759791,0.3457364368388637,0.3681462140992167
Ssl_JIM8777,S. salivarius,SALIVA_RS07545,0.323943661971831,0.5234330497919294,0.41784037558685444
Ssl_JIM8777,S. salivarius,SALIVA_RS07550,0.4401294498381877,0.3294639317654885,0.44336569579288027
Ssl_JIM8777,S. salivarius,SALIVA_RS07555,0.45535714285714285,0.48125714086808785,0.4255952380952381
Ssl_JIM8777,S. salivarius,SALIVA_RS10535,0.34324324324324323,0.5760345082790921,0.42342342342342343
Ssl_JIM8777,S. salivarius,SALIVA_RS10540,0.40397350993377484,0.263941039294164,0.42439293598233996
Ssl_JIM8777,S. salivarius,SALIVA_RS07570,0.36220472440944884,0.7229272550957623,0.4146981627296588
Ssl_JIM8777,S. salivarius,SALIVA_RS07580,0.3169811320754717,0.5403293574553736,0.4025157232704403
Ssl_JIM8777,S. salivarius,SALIVA_RS07585,0.44054054054054054,0.31247991502869493,0.44594594594594594
Ssl_JIM8777,S. salivarius,SALIVA_RS07590,0.34962406015037595,0.37565600940471305,0.39724310776942356
Ssl_JIM8777,S. salivarius,SALIVA_RS07595,0.3284132841328413,0.4242708302904594,0.3972939729397294
Ssl_JIM8777,S. salivarius,SALIVA_RS07600,0.3225806451612903,0.3515955588482989,0.410752688172043
Ssl_JIM8777,S. salivarius,SALIVA_RS07605,0.4427710843373494,0.3739171578109122,0.4497991967871486
Ssl_JIM8777,S. salivarius,SALIVA_RS07610,0.41626794258373206,0.24520949742337736,0.38596491228070173
Ssl_JIM8777,S. salivarius,SALIVA_RS07615,0.3717948717948718,0.2789378613073128,0.4049145299145299
Ssl_JIM8777,S. salivarius,SALIVA_RS07620,0.3860845839017735,0.5644078220488794,0.4088221919054115
Ssl_JIM8777,S. salivarius,SALIVA_RS07625,0.4008097165991903,0.5041995229463799,0.44399460188933876
Ssl_JIM8777,S. salivarius,SALIVA_RS07635,0.3721461187214612,0.4892104485072546,0.4482496194824962
Ssl_JIM8777,S. salivarius,SALIVA_RS07640,0.38934426229508196,0.2742489534922861,0.43989071038251365
Ssl_JIM8777,S. salivarius,SALIVA_RS07645,0.37538461538461537,0.32722602374730264,0.4246153846153846
Ssl_JIM8777,S. salivarius,SALIVA_RS07650,0.3828125,0.2884155672472265,0.4088541666666667
Ssl_JIM8777,S. salivarius,SALIVA_RS07655,0.3770491803278688,0.2795533717081577,0.40710382513661203
Ssl_JIM8777,S. salivarius,SALIVA_RS07660,0.3442622950819672,0.4313946834273838,0.4180327868852459
Ssl_JIM8777,S. salivarius,SALIVA_RS07665,0.45454545454545453,0.2529223277402382,0.4399551066217733
Ssl_JIM8777,S. salivarius,SALIVA_RS07675,0.37962962962962965,0.33216108426846025,0.44135802469135804
Ssl_JIM8777,S. salivarius,SALIVA_RS07680,0.36695652173913046,0.44158953293408915,0.39072463768115945
Ssl_JIM8777,S. salivarius,SALIVA_RS07685,0.37019969278033793,0.42445153236952193,0.43164362519201227
Ssl_JIM8777,S. salivarius,SALIVA_RS07690,0.34759358288770054,0.30561087488398575,0.41354723707664887
Ssl_JIM8777,S. salivarius,SALIVA_RS07695,0.38362068965517243,0.2682031557651676,0.4224137931034483
Ssl_JIM8777,S. salivarius,SALIVA_RS07700,0.312,0.3960341028771831,0.35733333333333334
Ssl_JIM8777,S. salivarius,SALIVA_RS07710,0.288135593220339,0.3710342710747771,0.3615819209039548
Ssl_JIM8777,S. salivarius,SALIVA_RS07715,0.3696969696969697,0.2433340138424611,0.43232323232323233
Ssl_JIM8777,S. salivarius,SALIVA_RS07720,0.3333333333333333,0.5096496105403755,0.40542832909245125
Ssl_JIM8777,S. salivarius,SALIVA_RS07725,0.3548387096774194,0.37078253154207286,0.4265232974910394
Ssl_JIM8777,S. salivarius,SALIVA_RS07730,0.3150684931506849,0.540816981088838,0.4045662100456621
Ssl_JIM8777,S. salivarius,SALIVA_RS07735,0.36577181208053694,0.27909683860429074,0.4261744966442953
Ssl_JIM8777,S. salivarius,SALIVA_RS07740,0.32575757575757575,0.4677004587643891,0.398989898989899
Ssl_JIM8777,S. salivarius,SALIVA_RS07745,0.30666666666666664,0.43146549549142277,0.38666666666666666
Ssl_JIM8777,S. salivarius,SALIVA_RS07750,0.39325842696629215,0.3737517948985745,0.39325842696629215
Ssl_JIM8777,S. salivarius,SALIVA_RS07755,0.43243243243243246,0.2940595085338882,0.4015444015444015
Ssl_JIM8777,S. salivarius,SALIVA_RS07760,0.4641509433962264,0.24132100712736032,0.4238993710691824
Ssl_JIM8777,S. salivarius,SALIVA_RS07765,0.37402597402597404,0.38068567253833596,0.412987012987013
Ssl_JIM8777,S. salivarius,SALIVA_RS07770,0.33554817275747506,0.40290967397276767,0.4263565891472868
Ssl_JIM8777,S. salivarius,SALIVA_RS07775,0.4024390243902439,0.2589747692578431,0.43089430894308944
Ssl_JIM8777,S. salivarius,SALIVA_RS07780,0.2916666666666667,0.33860779288286563,0.375
Ssl_JIM8777,S. salivarius,SALIVA_RS07785,0.3925619834710744,0.48494173636942284,0.42355371900826444
Ssl_JIM8777,S. salivarius,SALIVA_RS07790,0.38202247191011235,0.310249216932667,0.45318352059925093
Ssl_JIM8777,S. salivarius,SALIVA_RS07795,0.31382978723404253,0.4197930410059477,0.4308510638297872
Ssl_JIM8777,S. salivarius,SALIVA_RS07800,0.3983739837398374,0.3497954349378239,0.41084010840108404
Ssl_JIM8777,S. salivarius,SALIVA_RS07805,0.37054631828978624,0.29397061525058493,0.4172604908946952
Ssl_JIM8777,S. salivarius,SALIVA_RS07820,0.31956521739130433,0.36469658168746144,0.4057971014492754
Ssl_JIM8777,S. salivarius,SALIVA_RS07825,0.3435114503816794,0.3472834815623952,0.3570822731128075
Ssl_JIM8777,S. salivarius,SALIVA_RS07830,0.37398373983739835,0.3169885204627902,0.3997289972899729
Ssl_JIM8777,S. salivarius,SALIVA_RS07835,0.30839002267573695,0.40705800963487565,0.40287226001511717
Ssl_JIM8777,S. salivarius,SALIVA_RS07845,0.3822525597269625,0.424208678756275,0.42662116040955633
Ssl_JIM8777,S. salivarius,SALIVA_RS07850,0.36254980079681276,0.2856752219683602,0.41434262948207173
Ssl_JIM8777,S. salivarius,SALIVA_RS07865,0.36231884057971014,0.4145889310906581,0.427536231884058
Ssl_JIM8777,S. salivarius,SALIVA_RS07870,0.4125,0.2994654258286762,0.4270833333333333
Ssl_JIM8777,S. salivarius,SALIVA_RS07875,0.39226519337016574,0.3629761749384252,0.3885819521178637
Ssl_JIM8777,S. salivarius,SALIVA_RS07880,0.36363636363636365,0.3630953725652109,0.3838383838383838
Ssl_JIM8777,S. salivarius,SALIVA_RS07885,0.3713450292397661,0.2489365711549454,0.40058479532163743
Ssl_JIM8777,S. salivarius,SALIVA_RS07890,0.3520710059171598,0.36890763635544405,0.4240631163708087
Ssl_JIM8777,S. salivarius,SALIVA_RS07895,0.3231240428790199,0.3488407175402063,0.43440530883103623
Ssl_JIM8777,S. salivarius,SALIVA_RS07900,0.38235294117647056,0.398761297055625,0.3862745098039216
Ssl_JIM8777,S. salivarius,SALIVA_RS07905,0.440625,0.24280310665551774,0.40520833333333334
Ssl_JIM8777,S. salivarius,SALIVA_RS07910,0.3310104529616725,0.5062095160693425,0.4355400696864111
Ssl_JIM8777,S. salivarius,SALIVA_RS07915,0.42857142857142855,0.27028174006465017,0.4309133489461358
Ssl_JIM8777,S. salivarius,SALIVA_RS07920,0.4010989010989011,0.3030726605478217,0.4194139194139194
Ssl_JIM8777,S. salivarius,SALIVA_RS07925,0.3087885985748218,0.44272959134228657,0.43547110055423593
Ssl_JIM8777,S. salivarius,SALIVA_RS07930,0.40160642570281124,0.2436839178867241,0.4042838018741633
Ssl_JIM8777,S. salivarius,SALIVA_RS07935,0.40086206896551724,0.2884773014717187,0.4353448275862069
Ssl_JIM8777,S. salivarius,SALIVA_RS07940,0.4087301587301587,0.41198846417756313,0.42328042328042326
Ssl_JIM8777,S. salivarius,SALIVA_RS07945,0.38924050632911394,0.3663458263156894,0.41139240506329117
Ssl_JIM8777,S. salivarius,SALIVA_RS07950,0.49411764705882355,0.27373215089214864,0.4549019607843137
Ssl_JIM8777,S. salivarius,SALIVA_RS07960,0.2647058823529412,0.3561812298927453,0.3762254901960784
Ssl_JIM8777,S. salivarius,SALIVA_RS07965,0.3761814744801512,0.5442271046904883,0.44864524259609323
Ssl_JIM8777,S. salivarius,SALIVA_RS07970,0.4768211920529801,0.2854343943636893,0.40728476821192056
Ssl_JIM8777,S. salivarius,SALIVA_RS07975,0.3779527559055118,0.30783552211199444,0.4094488188976378
Ssl_JIM8777,S. salivarius,SALIVA_RS07980,0.4322916666666667,0.2345892724027782,0.4496527777777778
Ssl_JIM8777,S. salivarius,SALIVA_RS07985,0.44271844660194176,0.45649764006532906,0.44660194174757284
Ssl_JIM8777,S. salivarius,SALIVA_RS07990,0.45045045045045046,0.22216925265872042,0.3993993993993994
Ssl_JIM8777,S. salivarius,SALIVA_RS07995,0.42358078602620086,0.39080493899101654,0.43740902474526927
Ssl_JIM8777,S. salivarius,SALIVA_RS08000,0.4224137931034483,0.2271128270234184,0.40660919540229884
Ssl_JIM8777,S. salivarius,SALIVA_RS08005,0.3722943722943723,0.3004282771073254,0.3722943722943723
Ssl_JIM8777,S. salivarius,SALIVA_RS08010,0.37209302325581395,0.3052409779986691,0.3643410852713178
Ssl_JIM8777,S. salivarius,SALIVA_RS08015,0.3649122807017544,0.47892351478030815,0.408187134502924
Ssl_JIM8777,S. salivarius,SALIVA_RS08020,0.4782608695652174,0.30328263657403826,0.4505928853754941
Ssl_JIM8777,S. salivarius,SALIVA_RS08025,0.4469026548672566,0.2507017683288706,0.4218289085545723
Ssl_JIM8777,S. salivarius,SALIVA_RS08030,0.4801762114537445,0.23854241316306976,0.4566813509544787
Ssl_JIM8777,S. salivarius,SALIVA_RS08035,0.40974212034383956,0.4479719069727478,0.448901623686724
Ssl_JIM8777,S. salivarius,SALIVA_RS08045,0.42934051144010765,0.33618260081191886,0.4616419919246299
Ssl_JIM8777,S. salivarius,SALIVA_RS08050,0.4930555555555556,0.23601752985358343,0.4791666666666667
Ssl_JIM8777,S. salivarius,SALIVA_RS08055,0.41909814323607425,0.23489819292278732,0.3837312113174182
Ssl_JIM8777,S. salivarius,SALIVA_RS08060,0.39080459770114945,0.4588369901766437,0.4355044699872286
Ssl_JIM8777,S. salivarius,SALIVA_RS08065,0.38213399503722084,0.46817081611866534,0.47229114971050457
Ssl_JIM8777,S. salivarius,SALIVA_RS08070,0.3917525773195876,0.2932882531477381,0.4484536082474227
Ssl_JIM8777,S. salivarius,SALIVA_RS08075,0.4375,0.3066337084611761,0.42578125
Ssl_JIM8777,S. salivarius,SALIVA_RS08080,0.4,0.3927191703036299,0.45870646766169154
Ssl_JIM8777,S. salivarius,SALIVA_RS08085,0.41798941798941797,0.3913505338148546,0.42504409171075835
Ssl_JIM8777,S. salivarius,SALIVA_RS08090,0.3915929203539823,0.3862001786615282,0.4336283185840708
Ssl_JIM8777,S. salivarius,SALIVA_RS08100,0.36752136752136755,0.3120476628218393,0.396011396011396
Ssl_JIM8777,S. salivarius,SALIVA_RS08105,0.45849297573435505,0.2799297635768601,0.4397616006811409
Ssl_JIM8777,S. salivarius,SALIVA_RS08110,0.29411764705882354,0.25115470291485176,0.3392156862745098
Ssl_JIM8777,S. salivarius,SALIVA_RS08115,0.27218934911242604,0.27440801853902286,0.3136094674556213
Ssl_JIM8777,S. salivarius,SALIVA_RS08120,0.35,0.6099428049981684,0.4066666666666667
Ssl_JIM8777,S. salivarius,SALIVA_RS08125,0.3463414634146341,0.37158912847896425,0.40487804878048783
Ssl_JIM8777,S. salivarius,SALIVA_RS08130,0.41025641025641024,0.3623878186701137,0.4444444444444444
Ssl_JIM8777,S. salivarius,SALIVA_RS08135,0.4052213393870602,0.35285755462930146,0.4139235716988271
Ssl_JIM8777,S. salivarius,SALIVA_RS08140,0.3868312757201646,0.27123854706190254,0.3991769547325103
Ssl_JIM8777,S. salivarius,SALIVA_RS08145,0.4416243654822335,0.3157694777079547,0.4196277495769882
Ssl_JIM8777,S. salivarius,SALIVA_RS08150,0.41899441340782123,0.3947920096963857,0.409683426443203
Ssl_JIM8777,S. salivarius,SALIVA_RS08155,0.425,0.3482744935434567,0.4166666666666667
Ssl_JIM8777,S. salivarius,SALIVA_RS08160,0.35714285714285715,0.2719565340362591,0.4107142857142857
Ssl_JIM8777,S. salivarius,SALIVA_RS08170,0.3525305410122164,0.5605868266589912,0.4537521815008726
Ssl_JIM8777,S. salivarius,SALIVA_RS08175,0.41624365482233505,0.333331512677727,0.4467005076142132
Ssl_JIM8777,S. salivarius,SALIVA_RS08185,0.4252336448598131,0.37164736201550563,0.4252336448598131
Ssl_JIM8777,S. salivarius,SALIVA_RS08190,0.4090909090909091,0.38444656166711744,0.41414141414141414
Ssl_JIM8777,S. salivarius,SALIVA_RS08195,0.4289855072463768,0.2899233571839537,0.4096618357487923
Ssl_JIM8777,S. salivarius,SALIVA_RS08200,0.44672131147540983,0.32256368064012464,0.4371584699453552
Ssl_JIM8777,S. salivarius,SALIVA_RS08205,0.37142857142857144,0.48820022002962915,0.43333333333333335
Ssl_JIM8777,S. salivarius,SALIVA_RS08210,0.49,0.4023858032548659,0.42333333333333334
Ssl_JIM8777,S. salivarius,SALIVA_RS08215,0.2413793103448276,0.3121697680604123,0.3021346469622332
Ssl_JIM8777,S. salivarius,SALIVA_RS08220,0.3333333333333333,0.6329314938570917,0.4254510921177588
Ssl_JIM8777,S. salivarius,SALIVA_RS08235,0.38461538461538464,0.27630278044168805,0.434981684981685
Ssl_JIM8777,S. salivarius,SALIVA_RS08240,0.4493927125506073,0.37181118493344995,0.4331983805668016
Ssl_JIM8777,S. salivarius,SALIVA_RS08245,0.3559322033898305,0.5363798333346406,0.4152542372881356
Ssl_JIM8777,S. salivarius,SALIVA_RS08250,0.37055837563451777,0.31384972697017277,0.41116751269035534
Ssl_JIM8777,S. salivarius,SALIVA_RS08255,0.3933649289099526,0.3509590141463958,0.4186413902053712
Ssl_JIM8777,S. salivarius,SALIVA_RS08260,0.32075471698113206,0.5418259690584799,0.3710691823899371
Ssl_JIM8777,S. salivarius,SALIVA_RS08265,0.3351206434316354,0.3976861260544159,0.4119749776586238
Ssl_JIM8777,S. salivarius,SALIVA_RS08270,0.44886363636363635,0.3409444497449638,0.45265151515151514
Ssl_JIM8777,S. salivarius,SALIVA_RS08275,0.434640522875817,0.22843348256024232,0.43681917211328974
Ssl_JIM8777,S. salivarius,SALIVA_RS08280,0.28160919540229884,0.5478101081750355,0.42528735632183906
Ssl_JIM8777,S. salivarius,SALIVA_RS08285,0.3828125,0.25263255905843596,0.3932291666666667
Ssl_JIM8777,S. salivarius,SALIVA_RS08290,0.20665083135391923,0.23872672916324023,0.24703087885985747
Ssl_JIM8777,S. salivarius,SALIVA_RS08295,0.4760914760914761,0.45188401858852706,0.4594594594594595
Ssl_JIM8777,S. salivarius,SALIVA_RS08300,0.3885480572597137,0.4450361272533191,0.4512610770279482
Ssl_JIM8777,S. salivarius,SALIVA_RS08305,0.4158415841584158,0.40918912910048555,0.43564356435643564
Ssl_JIM8777,S. salivarius,SALIVA_RS08310,0.43380855397148677,0.25237410882623545,0.4365241004752206
Ssl_JIM8777,S. salivarius,SALIVA_RS08315,0.3579676674364896,0.2970861506221589,0.3964588144726713
Ssl_JIM8777,S. salivarius,SALIVA_RS08320,0.41156462585034015,0.2827215255419928,0.3956916099773243
Ssl_JIM8777,S. salivarius,SALIVA_RS08325,0.3523573200992556,0.3337872575642228,0.38957816377171217
Ssl_JIM8777,S. salivarius,SALIVA_RS08330,0.38125,0.4261234746374323,0.4340277777777778
Ssl_JIM8777,S. salivarius,SALIVA_RS08335,0.3532608695652174,0.2982866148406405,0.4311594202898551
Ssl_JIM8777,S. salivarius,SALIVA_RS08340,0.37404580152671757,0.5460902476559664,0.4083969465648855
Ssl_JIM8777,S. salivarius,SALIVA_RS08345,0.36049382716049383,0.38790536964859224,0.411522633744856
Ssl_JIM8777,S. salivarius,SALIVA_RS08350,0.33112582781456956,0.4715981418079823,0.40618101545253865
Ssl_JIM8777,S. salivarius,SALIVA_RS08355,0.3545816733067729,0.3727508144385765,0.4063745019920319
Ssl_JIM8777,S. salivarius,SALIVA_RS08360,0.3408239700374532,0.4168404820205774,0.4157303370786517
Ssl_JIM8777,S. salivarius,SALIVA_RS10820,0.2139917695473251,0.5256177762216947,0.4540466392318244
Ssl_JIM8777,S. salivarius,SALIVA_RS08370,0.38288288288288286,0.39152159487563304,0.4114114114114114
Ssl_JIM8777,S. salivarius,SALIVA_RS08375,0.3946360153256705,0.3660334315674402,0.44061302681992337
Ssl_JIM8777,S. salivarius,SALIVA_RS08380,0.40638606676342526,0.28874556183071176,0.42670537010159654
Ssl_JIM8777,S. salivarius,SALIVA_RS08390,0.4262295081967213,0.286333631428718,0.44808743169398907
Ssl_JIM8777,S. salivarius,SALIVA_RS08395,0.4793650793650794,0.29528500183270817,0.4677248677248677
Ssl_JIM8777,S. salivarius,SALIVA_RS08400,0.40668523676880225,0.3341202723166972,0.41875580315691735
Ssl_JIM8777,S. salivarius,SALIVA_RS08405,0.43373493975903615,0.2549344900782733,0.43172690763052207
Ssl_JIM8777,S. salivarius,SALIVA_RS08410,0.455,0.2773169825520417,0.44
Ssl_JIM8777,S. salivarius,SALIVA_RS08415,0.3742138364779874,0.46181181090928236,0.44339622641509435
Ssl_JIM8777,S. salivarius,SALIVA_RS08425,0.3548387096774194,0.4686718983633771,0.4099462365591398
Ssl_JIM8777,S. salivarius,SALIVA_RS08430,0.39759036144578314,0.434831245500263,0.4404283801874163
Ssl_JIM8777,S. salivarius,SALIVA_RS08435,0.4259927797833935,0.3746295858768592,0.4127557160048135
Ssl_JIM8777,S. salivarius,SALIVA_RS08440,0.3367003367003367,0.38549246676040244,0.39281705948372614
Ssl_JIM8777,S. salivarius,SALIVA_RS08445,0.4189189189189189,0.24627960218339437,0.4315315315315315
Ssl_JIM8777,S. salivarius,SALIVA_RS08450,0.35797665369649806,0.7507257709004742,0.4254215304798962
Ssl_JIM8777,S. salivarius,SALIVA_RS08455,0.3563218390804598,0.3537127021837841,0.40102171136653897
Ssl_JIM8777,S. salivarius,SALIVA_RS08460,0.3841059602649007,0.33968689891939263,0.4326710816777042
Ssl_JIM8777,S. salivarius,SALIVA_RS10570,0.35294117647058826,0.22657884132381606,0.363499245852187
Ssl_JIM8777,S. salivarius,SALIVA_RS10245,0.35119047619047616,0.2479331387526759,0.3630952380952381
Ssl_JIM8777,S. salivarius,SALIVA_RS08475,0.346031746031746,0.3236060243055042,0.4074074074074074
Ssl_JIM8777,S. salivarius,SALIVA_RS08480,0.373015873015873,0.44107112305906515,0.3968253968253968
Ssl_JIM8777,S. salivarius,SALIVA_RS08485,0.44041450777202074,0.2903381531607919,0.41278065630397237
Ssl_JIM8777,S. salivarius,SALIVA_RS08490,0.3460207612456747,0.5116004089513091,0.4348327566320646
Ssl_JIM8777,S. salivarius,SALIVA_RS08495,0.43915343915343913,0.35711525780893105,0.4435626102292769
Ssl_JIM8777,S. salivarius,SALIVA_RS08505,0.29508196721311475,0.26525709182517443,0.36885245901639346
Ssl_JIM8777,S. salivarius,SALIVA_RS08515,0.31297709923664124,0.2155933187591569,0.3282442748091603
Ssl_JIM8777,S. salivarius,SALIVA_RS08525,0.30364372469635625,0.28810868944087,0.340080971659919
Ssl_JIM8777,S. salivarius,SALIVA_RS10755,0.324,0.2817569455308452,0.3373333333333333
Ssl_JIM8777,S. salivarius,SALIVA_RS10845,0.373134328358209,0.20663453080269656,0.3706467661691542
Ssl_JIM8777,S. salivarius,SALIVA_RS08555,0.46219931271477666,0.2694549626400664,0.436426116838488
Ssl_JIM8777,S. salivarius,SALIVA_RS08560,0.48976109215017066,0.24778400564751835,0.4539249146757679
Ssl_JIM8777,S. salivarius,SALIVA_RS08565,0.40268456375838924,0.27758563717862805,0.38926174496644295
Ssl_JIM8777,S. salivarius,SALIVA_RS08570,0.42613636363636365,0.19007980145622094,0.42045454545454547
Ssl_JIM8777,S. salivarius,SALIVA_RS08575,0.3891891891891892,0.5511222870436585,0.4153153153153153
Ssl_JIM8777,S. salivarius,SALIVA_RS08580,0.4074074074074074,0.30963846221400765,0.42935528120713307
Ssl_JIM8777,S. salivarius,SALIVA_RS08585,0.415929203539823,0.2553736076327516,0.42625368731563423
Ssl_JIM8777,S. salivarius,SALIVA_RS08600,0.40401785714285715,0.3859152283275546,0.42485119047619047
Ssl_JIM8777,S. salivarius,SALIVA_RS08605,0.47214076246334313,0.3677258146695192,0.4398826979472141
Ssl_JIM8777,S. salivarius,SALIVA_RS08610,0.4246031746031746,0.2950541336752019,0.43077601410934746
Ssl_JIM8777,S. salivarius,SALIVA_RS08615,0.38317757009345793,0.3117506302087183,0.3644859813084112
Ssl_JIM8777,S. salivarius,SALIVA_RS08620,0.45110410094637227,0.30908569965273547,0.4363827549947424
Ssl_JIM8777,S. salivarius,SALIVA_RS10765,0.32882882882882886,0.3438199267787802,0.4069069069069069
Ssl_JIM8777,S. salivarius,SALIVA_RS08630,0.3246753246753247,0.3243905029010304,0.4523809523809524
Ssl_JIM8777,S. salivarius,SALIVA_RS08635,0.2595419847328244,0.36361716970874375,0.3486005089058524
Ssl_JIM8777,S. salivarius,SALIVA_RS08640,0.2857142857142857,0.4305863016892753,0.3583959899749373
Ssl_JIM8777,S. salivarius,SALIVA_RS08645,0.29770992366412213,0.3125075054920611,0.35877862595419846
Ssl_JIM8777,S. salivarius,SALIVA_RS08650,0.3645083932853717,0.3730250988581121,0.4396482813749001
Ssl_JIM8777,S. salivarius,SALIVA_RS08655,0.41044776119402987,0.31161687274668526,0.43532338308457713
Ssl_JIM8777,S. salivarius,SALIVA_RS08660,0.4075471698113208,0.265458612688221,0.4069182389937107
Ssl_JIM8777,S. salivarius,SALIVA_RS08665,0.4057377049180328,0.34040817906771775,0.4248633879781421
Ssl_JIM8777,S. salivarius,SALIVA_RS08670,0.45491803278688525,0.30333368231182145,0.4344262295081967
Ssl_JIM8777,S. salivarius,SALIVA_RS08675,0.45073891625615764,0.3070906464798063,0.44772851669403396
Ssl_JIM8777,S. salivarius,SALIVA_RS08680,0.4706413730803975,0.2706758883183126,0.4441433303221921
Ssl_JIM8777,S. salivarius,SALIVA_RS08685,0.47161572052401746,0.22305898425521298,0.40829694323144106
Ssl_JIM8777,S. salivarius,SALIVA_RS08690,0.41189931350114417,0.26126981367210983,0.40427154843630814
Ssl_JIM8777,S. salivarius,SALIVA_RS08695,0.39827586206896554,0.3360475292810623,0.4114942528735632
Ssl_JIM8777,S. salivarius,SALIVA_RS08705,0.4632352941176471,0.32129125683777265,0.42034313725490197
Ssl_JIM8777,S. salivarius,SALIVA_RS08710,0.37404580152671757,0.3613511286147551,0.3982188295165394
Ssl_JIM8777,S. salivarius,SALIVA_RS08715,0.4853801169590643,0.2591315231539631,0.43664717348927873
Ssl_JIM8777,S. salivarius,SALIVA_RS08720,0.399624765478424,0.35571459116213233,0.43277048155096937
Ssl_JIM8777,S. salivarius,SALIVA_RS08725,0.38362068965517243,0.28464322805310227,0.3994252873563218
Ssl_JIM8777,S. salivarius,SALIVA_RS08730,0.4228187919463087,0.21224378965936627,0.39373601789709173
Ssl_JIM8777,S. salivarius,SALIVA_RS08735,0.3402777777777778,0.4262222115153829,0.4184027777777778
Ssl_JIM8777,S. salivarius,SALIVA_RS08740,0.30456852791878175,0.5527577184546543,0.4373942470389171
Ssl_JIM8777,S. salivarius,SALIVA_RS08745,0.4069264069264069,0.33592048698212834,0.4329004329004329
Ssl_JIM8777,S. salivarius,SALIVA_RS08750,0.47368421052631576,0.31920361518079715,0.47678018575851394
Ssl_JIM8777,S. salivarius,SALIVA_RS08760,0.3448275862068966,0.28897154887038645,0.38095238095238093
Ssl_JIM8777,S. salivarius,SALIVA_RS08765,0.363013698630137,0.4613726470768437,0.4018264840182648
Ssl_JIM8777,S. salivarius,SALIVA_RS08770,0.4556213017751479,0.18118832434505797,0.38461538461538464
Ssl_JIM8777,S. salivarius,SALIVA_RS08775,0.43833580980683506,0.2764866852273197,0.45071817731550273
Ssl_JIM8777,S. salivarius,SALIVA_RS08780,0.37771739130434784,0.3169906066599906,0.4592391304347826
Ssl_JIM8777,S. salivarius,SALIVA_RS08785,0.3898305084745763,0.29214410904448446,0.4322033898305085
Ssl_JIM8777,S. salivarius,SALIVA_RS08790,0.35276967930029157,0.47088046238931963,0.42662779397473277
Ssl_JIM8777,S. salivarius,SALIVA_RS08795,0.26744186046511625,0.6861874297481133,0.3866279069767442
Ssl_JIM8777,S. salivarius,SALIVA_RS08800,0.34941176470588237,0.5077642158825135,0.4231372549019608
Ssl_JIM8777,S. salivarius,SALIVA_RS08805,0.3826086956521739,0.3250111421259421,0.37971014492753624
Ssl_JIM8777,S. salivarius,SALIVA_RS08810,0.3322784810126582,0.3722173440788039,0.4050632911392405
Ssl_JIM8777,S. salivarius,SALIVA_RS08815,0.26174496644295303,0.598580485155174,0.41946308724832215
Ssl_JIM8777,S. salivarius,SALIVA_RS08820,0.2854889589905363,0.6938936720472412,0.42534174553102
Ssl_JIM8777,S. salivarius,SALIVA_RS08825,0.35343035343035345,0.5904965316417624,0.4178794178794179
Ssl_JIM8777,S. salivarius,SALIVA_RS08830,0.38198757763975155,0.36256894675555845,0.41304347826086957
Ssl_JIM8777,S. salivarius,SALIVA_RS08835,0.2689655172413793,0.5202228911628236,0.40229885057471265
Ssl_JIM8777,S. salivarius,SALIVA_RS08840,0.3,0.5063011899484147,0.3974358974358974
Ssl_JIM8777,S. salivarius,SALIVA_RS08845,0.27807486631016043,0.742036557274674,0.39037433155080214
Ssl_JIM8777,S. salivarius,SALIVA_RS08850,0.40789473684210525,0.36892905801523274,0.4232456140350877
Ssl_JIM8777,S. salivarius,SALIVA_RS08855,0.384180790960452,0.47041876862421095,0.4190207156308851
Ssl_JIM8777,S. salivarius,SALIVA_RS08860,0.30662020905923343,0.276586079624911,0.3879210220673635
Ssl_JIM8777,S. salivarius,SALIVA_RS08875,0.3895966029723992,0.3426545406075751,0.448690728945506
Ssl_JIM8777,S. salivarius,SALIVA_RS08880,0.5206349206349207,0.32942132501551796,0.4264550264550265
Ssl_JIM8777,S. salivarius,SALIVA_RS08885,0.3705357142857143,0.563187439061537,0.41369047619047616
Ssl_JIM8777,S. salivarius,SALIVA_RS08890,0.40476190476190477,0.33336351710698403,0.3945578231292517
Ssl_JIM8777,S. salivarius,SALIVA_RS08900,0.24855491329479767,0.5756027506811108,0.4238921001926782
Ssl_JIM8777,S. salivarius,SALIVA_RS08910,0.42452830188679247,0.2578422411878417,0.39937106918238996
Ssl_JIM8777,S. salivarius,SALIVA_RS08920,0.4322916666666667,0.3574250520545389,0.4288194444444444
Ssl_JIM8777,S. salivarius,SALIVA_RS10645,0.366120218579235,0.360928664642185,0.424408014571949
Ssl_JIM8777,S. salivarius,SALIVA_RS08930,0.4647727272727273,0.34134416543381757,0.44962121212121214
Ssl_JIM8777,S. salivarius,SALIVA_RS08935,0.4342273307790549,0.3472421676480842,0.4555129842486164
Ssl_JIM8777,S. salivarius,SALIVA_RS08940,0.4419889502762431,0.27303836714231716,0.4180478821362799
Ssl_JIM8777,S. salivarius,SALIVA_RS08945,0.45714285714285713,0.3896272315117875,0.4
Ssl_JIM8777,S. salivarius,SALIVA_RS08950,0.37037037037037035,0.32112095322634837,0.4298540965207632
Ssl_JIM8777,S. salivarius,SALIVA_RS08955,0.43457943925233644,0.39295147499266575,0.4174454828660436
Ssl_JIM8777,S. salivarius,SALIVA_RS08960,0.42634730538922155,0.3108987302166645,0.4235528942115768
Ssl_JIM8777,S. salivarius,SALIVA_RS08965,0.44036697247706424,0.2441988521017761,0.41284403669724773
Ssl_JIM8777,S. salivarius,SALIVA_RS08970,0.36363636363636365,0.28197486101454305,0.42424242424242425
Ssl_JIM8777,S. salivarius,SALIVA_RS08975,0.363905325443787,0.38495251690450427,0.4556213017751479
Ssl_JIM8777,S. salivarius,SALIVA_RS08980,0.35526315789473684,0.2281901280102275,0.41228070175438597
Ssl_JIM8777,S. salivarius,SALIVA_RS08985,0.3624454148471616,0.3280040653232602,0.4366812227074236
Ssl_JIM8777,S. salivarius,SALIVA_RS08995,0.3718861209964413,0.47145740071861,0.4365361803084223
Ssl_JIM8777,S. salivarius,SALIVA_RS09000,0.2838709677419355,0.24037993063175275,0.33548387096774196
Ssl_JIM8777,S. salivarius,SALIVA_RS09005,0.22748815165876776,0.5714629793512389,0.42812006319115326
Ssl_JIM8777,S. salivarius,SALIVA_RS09010,0.2857142857142857,0.6449190811970712,0.39806547619047616
Ssl_JIM8777,S. salivarius,SALIVA_RS09015,0.288,0.3804085641894648,0.4026666666666667
Ssl_JIM8777,S. salivarius,SALIVA_RS09020,0.2916666666666667,0.29422780813260824,0.35912698412698413
Ssl_JIM8777,S. salivarius,SALIVA_RS09025,0.26,0.7713359984081005,0.41833333333333333
Ssl_JIM8777,S. salivarius,SALIVA_RS09030,0.3148936170212766,0.26895973972267734,0.36312056737588655
Ssl_JIM8777,S. salivarius,SALIVA_RS09035,0.27299703264094954,0.8316507947684437,0.42037586547972305
Ssl_JIM8777,S. salivarius,SALIVA_RS09040,0.28097982708933716,0.7565162631504632,0.42219020172910665
Ssl_JIM8777,S. salivarius,SALIVA_RS09045,0.28662420382165604,0.7281564130923547,0.4416135881104034
Ssl_JIM8777,S. salivarius,SALIVA_RS09050,0.2608695652173913,0.7452541504760217,0.4323671497584541
Ssl_JIM8777,S. salivarius,SALIVA_RS09055,0.23897058823529413,0.42307772471424243,0.3700980392156863
Ssl_JIM8777,S. salivarius,SALIVA_RS09060,0.34076433121019106,0.345256084680911,0.40658174097664546
Ssl_JIM8777,S. salivarius,SALIVA_RS09065,0.3270588235294118,0.30003621715610307,0.37333333333333335
Ssl_JIM8777,S. salivarius,SALIVA_RS09070,0.3080568720379147,0.28728212118618734,0.3744075829383886
Ssl_JIM8777,S. salivarius,SALIVA_RS09075,0.2772727272727273,0.4876972681878581,0.4212121212121212
Ssl_JIM8777,S. salivarius,SALIVA_RS09080,0.281786941580756,0.3608469329010545,0.37800687285223367
Ssl_JIM8777,S. salivarius,SALIVA_RS09090,0.30584192439862545,0.3325117464763793,0.3837342497136312
Ssl_JIM8777,S. salivarius,SALIVA_RS09095,0.32620320855614976,0.3204008471484305,0.39750445632798576
Ssl_JIM8777,S. salivarius,SALIVA_RS09100,0.28185328185328185,0.32932734593930996,0.3861003861003861
Ssl_JIM8777,S. salivarius,SALIVA_RS09105,0.19444444444444445,0.318636250508409,0.35648148148148145
Ssl_JIM8777,S. salivarius,SALIVA_RS09110,0.22857142857142856,0.5594816148318883,0.37142857142857144
Ssl_JIM8777,S. salivarius,SALIVA_RS09115,0.24521072796934865,0.3557161397707707,0.36015325670498083
Ssl_JIM8777,S. salivarius,SALIVA_RS09120,0.2028985507246377,0.3652961945314878,0.3188405797101449
Ssl_JIM8777,S. salivarius,SALIVA_RS09125,0.11607142857142858,0.4563321375264231,0.30654761904761907
Ssl_JIM8777,S. salivarius,SALIVA_RS09155,0.2755905511811024,0.3490685657893832,0.39545056867891515
Ssl_JIM8777,S. salivarius,SALIVA_RS09165,0.30319148936170215,0.2658221302342701,0.3617021276595745
Ssl_JIM8777,S. salivarius,SALIVA_RS09170,0.35678391959798994,0.24375594765738307,0.3785594639865997
Ssl_JIM8777,S. salivarius,SALIVA_RS09175,0.2557471264367816,0.37189030927665623,0.38601532567049807
Ssl_JIM8777,S. salivarius,SALIVA_RS09180,0.31970260223048325,0.40051826265302076,0.40272614622057
Ssl_JIM8777,S. salivarius,SALIVA_RS09185,0.2767857142857143,0.2718518974851833,0.37202380952380953
Ssl_JIM8777,S. salivarius,SALIVA_RS09190,0.3333333333333333,0.3945033374431656,0.3968253968253968
Ssl_JIM8777,S. salivarius,SALIVA_RS09195,0.27,0.5676792952637452,0.4058333333333333
Ssl_JIM8777,S. salivarius,SALIVA_RS09200,0.3064516129032258,0.34990866459276787,0.3521505376344086
Ssl_JIM8777,S. salivarius,SALIVA_RS09205,0.31662870159453305,0.29035543095577676,0.36370539104024296
Ssl_JIM8777,S. salivarius,SALIVA_RS09210,0.3255269320843091,0.2841056635471402,0.3551912568306011
Ssl_JIM8777,S. salivarius,SALIVA_RS09215,0.3501683501683502,0.3123257548758447,0.3658810325476992
Ssl_JIM8777,S. salivarius,SALIVA_RS09220,0.3385579937304075,0.283169999608116,0.36363636363636365
Ssl_JIM8777,S. salivarius,SALIVA_RS09225,0.30927835051546393,0.5686230842304146,0.40824742268041236
Ssl_JIM8777,S. salivarius,SALIVA_RS09230,0.2846270928462709,0.4961907005740098,0.3800101471334348
Ssl_JIM8777,S. salivarius,SALIVA_RS09235,0.27391304347826084,0.8095974242774844,0.41594202898550725
Ssl_JIM8777,S. salivarius,SALIVA_RS09240,0.2605633802816901,0.7748976729355052,0.42018779342723006
Ssl_JIM8777,S. salivarius,SALIVA_RS09245,0.3983050847457627,0.3142998347269652,0.3361581920903955
Ssl_JIM8777,S. salivarius,SALIVA_RS09250,0.3855421686746988,0.3656686313611707,0.4457831325301205
Ssl_JIM8777,S. salivarius,SALIVA_RS09255,0.33620689655172414,0.3217181967642207,0.41522988505747127
Ssl_JIM8777,S. salivarius,SALIVA_RS09260,0.3700440528634361,0.29974908101747866,0.43832599118942733
Ssl_JIM8777,S. salivarius,SALIVA_RS09265,0.3782051282051282,0.280301845754969,0.40384615384615385
Ssl_JIM8777,S. salivarius,SALIVA_RS09270,0.3624161073825503,0.4194809278620308,0.4407158836689038
Ssl_JIM8777,S. salivarius,SALIVA_RS09275,0.3283582089552239,0.47012809844974757,0.39303482587064675
Ssl_JIM8777,S. salivarius,SALIVA_RS09280,0.3389423076923077,0.5100960649357201,0.42467948717948717
Ssl_JIM8777,S. salivarius,SALIVA_RS09285,0.4318181818181818,0.4149349471602085,0.4065656565656566
Ssl_JIM8777,S. salivarius,SALIVA_RS09290,0.40641711229946526,0.2590724686334558,0.40819964349376114
Ssl_JIM8777,S. salivarius,SALIVA_RS09295,0.3724340175953079,0.44427905880842594,0.44281524926686217
Ssl_JIM8777,S. salivarius,SALIVA_RS09300,0.3639344262295082,0.5201875755218348,0.4207650273224044
Ssl_JIM8777,S. salivarius,SALIVA_RS09305,0.40444444444444444,0.2529679571938128,0.4148148148148148
Ssl_JIM8777,S. salivarius,SALIVA_RS09310,0.3068181818181818,0.3354181778842095,0.3787878787878788
Ssl_JIM8777,S. salivarius,SALIVA_RS09315,0.36507936507936506,0.41985244180532955,0.4444444444444444
Ssl_JIM8777,S. salivarius,SALIVA_RS09320,0.2575107296137339,0.7197912182217879,0.4291845493562232
Ssl_JIM8777,S. salivarius,SALIVA_RS09325,0.3745019920318725,0.2576013300745211,0.4116865869853918
Ssl_JIM8777,S. salivarius,SALIVA_RS09330,0.3821428571428571,0.31805145920600447,0.4119047619047619
Ssl_JIM8777,S. salivarius,SALIVA_RS09350,0.3988439306358382,0.33940807760685526,0.441233140655106
Ssl_JIM8777,S. salivarius,SALIVA_RS09355,0.3969465648854962,0.31545340423975066,0.45038167938931295
Ssl_JIM8777,S. salivarius,SALIVA_RS09360,0.3125,0.5771011531513418,0.4326923076923077
Ssl_JIM8777,S. salivarius,SALIVA_RS09365,0.32,0.3289924980941354,0.32571428571428573
Ssl_JIM8777,S. salivarius,SALIVA_RS09370,0.3619047619047619,0.38865511109214557,0.3904761904761905
Ssl_JIM8777,S. salivarius,SALIVA_RS09380,0.35674157303370785,0.4456550097820099,0.4447565543071161
Ssl_JIM8777,S. salivarius,SALIVA_RS09385,0.4163424124513619,0.29195485566959806,0.46173800259403375
Ssl_JIM8777,S. salivarius,SALIVA_RS09390,0.38461538461538464,0.21630506177425876,0.3815987933634992
Ssl_JIM8777,S. salivarius,SALIVA_RS09395,0.31543624161073824,0.27264211617235734,0.3512304250559284
Ssl_JIM8777,S. salivarius,SALIVA_RS09400,0.319634703196347,0.28492437166256485,0.3576864535768645
Ssl_JIM8777,S. salivarius,SALIVA_RS09410,0.3065326633165829,0.46927054829311415,0.41959798994974873
Ssl_JIM8777,S. salivarius,SALIVA_RS09415,0.34796238244514105,0.3710843601609519,0.3897596656217346
Ssl_JIM8777,S. salivarius,SALIVA_RS09420,0.49056603773584906,0.27699170732785683,0.44654088050314467
Ssl_JIM8777,S. salivarius,SALIVA_RS09425,0.3561643835616438,0.30841991855864986,0.4041095890410959
Ssl_JIM8777,S. salivarius,SALIVA_RS09435,0.4965034965034965,0.19702940928311952,0.44988344988344986
Ssl_JIM8777,S. salivarius,SALIVA_RS09440,0.42857142857142855,0.3262545555550764,0.4126984126984127
Ssl_JIM8777,S. salivarius,SALIVA_RS09445,0.44141689373297005,0.21532615939992505,0.4187102633969119
Ssl_JIM8777,S. salivarius,SALIVA_RS09450,0.37898089171974525,0.28109789612728076,0.4320594479830149
Ssl_JIM8777,S. salivarius,SALIVA_RS09455,0.45454545454545453,0.37691620664093956,0.418732782369146
Ssl_JIM8777,S. salivarius,SALIVA_RS09460,0.3305853256389118,0.6197669043045033,0.4385820280296785
Ssl_JIM8777,S. salivarius,SALIVA_RS09465,0.3224455611390285,0.6363426321514184,0.4296482412060301
Ssl_JIM8777,S. salivarius,SALIVA_RS09470,0.35767326732673266,0.3304708232176745,0.4141914191419142
Ssl_JIM8777,S. salivarius,SALIVA_RS09475,0.36515513126491644,0.5790528281270435,0.4216388225934765
Ssl_JIM8777,S. salivarius,SALIVA_RS09480,0.2756598240469208,0.6959045804372148,0.4056695992179863
Ssl_JIM8777,S. salivarius,SALIVA_RS09485,0.32075471698113206,0.411639960395068,0.4276729559748428
Ssl_JIM8777,S. salivarius,SALIVA_RS09490,0.3368606701940035,0.44442432571362583,0.42563198118753676
Ssl_JIM8777,S. salivarius,SALIVA_RS09495,0.3118466898954704,0.4642887623962689,0.43089430894308944
Ssl_JIM8777,S. salivarius,SALIVA_RS09500,0.3057553956834532,0.5502710789183757,0.4250599520383693
Ssl_JIM8777,S. salivarius,SALIVA_RS09505,0.27049180327868855,0.513348468218455,0.366120218579235
Ssl_JIM8777,S. salivarius,SALIVA_RS09510,0.41025641025641024,0.25587257210088615,0.4491064491064491
Ssl_JIM8777,S. salivarius,SALIVA_RS09515,0.296969696969697,0.5798365141683496,0.402020202020202
Ssl_JIM8777,S. salivarius,SALIVA_RS09520,0.3374233128834356,0.3870471971386307,0.3967280163599182
Ssl_JIM8777,S. salivarius,SALIVA_RS09525,0.3262411347517731,0.3668136873924738,0.38652482269503546
Ssl_JIM8777,S. salivarius,SALIVA_RS09535,0.4098101265822785,0.40662810732895305,0.4419831223628692
Ssl_JIM8777,S. salivarius,SALIVA_RS09540,0.3966789667896679,0.42664477236265236,0.4182041820418204
Ssl_JIM8777,S. salivarius,SALIVA_RS10860,0.32558139534883723,0.5092706790049283,0.42463393626184326
Ssl_JIM8777,S. salivarius,SALIVA_RS09550,0.38396624472573837,0.3124125379133189,0.3924050632911392
Ssl_JIM8777,S. salivarius,SALIVA_RS09555,0.31016042780748665,0.3785353945541804,0.4474153297682709
Ssl_JIM8777,S. salivarius,SALIVA_RS10455,0.36283185840707965,0.20273119900408212,0.3687315634218289
Ssl_JIM8777,S. salivarius,SALIVA_RS09560,0.3025210084033613,0.43128925669900275,0.38375350140056025
Ssl_JIM8777,S. salivarius,SALIVA_RS09565,0.282312925170068,0.8104206317604078,0.42063492063492064
Ssl_JIM8777,S. salivarius,SALIVA_RS09575,0.3101851851851852,0.31027884238198306,0.3757716049382716
Ssl_JIM8777,S. salivarius,SALIVA_RS09580,0.20930232558139536,0.7711988139341486,0.4186046511627907
Ssl_JIM8777,S. salivarius,SALIVA_RS09585,0.28753993610223644,0.5653099222098537,0.3919062832800852
Ssl_JIM8777,S. salivarius,SALIVA_RS09590,0.140625,0.7194912714079932,0.4322916666666667
Ssl_JIM8777,S. salivarius,SALIVA_RS09595,0.30327868852459017,0.7093417622638138,0.4344262295081967
Ssl_JIM8777,S. salivarius,SALIVA_RS09605,0.2009132420091324,0.660538713256709,0.3850837138508371
Ssl_JIM8777,S. salivarius,SALIVA_RS09610,0.32175925925925924,0.42056712016753384,0.36651234567901236
Ssl_JIM8777,S. salivarius,SALIVA_RS09615,0.21768707482993196,0.7588426420501331,0.42630385487528344
Ssl_JIM8777,S. salivarius,SALIVA_RS09625,0.23030303030303031,0.6817758226069165,0.44646464646464645
Ssl_JIM8777,S. salivarius,SALIVA_RS09630,0.29411764705882354,0.5560481632843608,0.4481792717086835
Ssl_JIM8777,S. salivarius,SALIVA_RS09635,0.2346368715083799,0.7447042928667708,0.3947858472998138
Ssl_JIM8777,S. salivarius,SALIVA_RS09640,0.2706766917293233,0.8126015473208247,0.38345864661654133
Ssl_JIM8777,S. salivarius,SALIVA_RS09650,0.27071823204419887,0.791360991446976,0.39410681399631675
Ssl_JIM8777,S. salivarius,SALIVA_RS09655,0.23529411764705882,0.7688535305461578,0.3888888888888889
Ssl_JIM8777,S. salivarius,SALIVA_RS09660,0.2601626016260163,0.7239238872121313,0.43902439024390244
Ssl_JIM8777,S. salivarius,SALIVA_RS09675,0.2753623188405797,0.7200907375256289,0.4396135265700483
Ssl_JIM8777,S. salivarius,SALIVA_RS09680,0.2706422018348624,0.7601473359226818,0.43119266055045874
Ssl_JIM8777,S. salivarius,SALIVA_RS09685,0.26956521739130435,0.7553199254125572,0.4144927536231884
Ssl_JIM8777,S. salivarius,SALIVA_RS09695,0.27697841726618705,0.7529525594423342,0.44244604316546765
Ssl_JIM8777,S. salivarius,SALIVA_RS09705,0.21153846153846154,0.7591844082388945,0.42467948717948717
Ssl_JIM8777,S. salivarius,SALIVA_RS09710,0.3157894736842105,0.6987435783015368,0.42902711323763953
Ssl_JIM8777,S. salivarius,SALIVA_RS09715,0.2912621359223301,0.6857030204386083,0.4110032362459547
Ssl_JIM8777,S. salivarius,SALIVA_RS09720,0.32335329341317365,0.31552261140579846,0.4151696606786427
Ssl_JIM8777,S. salivarius,SALIVA_RS09725,0.35526315789473684,0.3028727335846703,0.38706140350877194
Ssl_JIM8777,S. salivarius,SALIVA_RS09730,0.31386861313868614,0.3169392450404962,0.35036496350364965
Ssl_JIM8777,S. salivarius,SALIVA_RS09735,0.3448275862068966,0.30006897187371373,0.4045977011494253
Ssl_JIM8777,S. salivarius,SALIVA_RS09740,0.2900232018561485,0.5264438675675752,0.41840680587780354
Ssl_JIM8777,S. salivarius,SALIVA_RS09745,0.3076923076923077,0.2861347359181745,0.3333333333333333
Ssl_JIM8777,S. salivarius,SALIVA_RS09750,0.36387434554973824,0.29773912132014224,0.35951134380453753
Ssl_JIM8777,S. salivarius,SALIVA_RS09755,0.4065281899109792,0.32507542673123996,0.41938674579624136
Ssl_JIM8777,S. salivarius,SALIVA_RS09760,0.23529411764705882,0.31134211228006914,0.33725490196078434
Ssl_JIM8777,S. salivarius,SALIVA_RS09770,0.30368098159509205,0.24794302882640032,0.34355828220858897
Ssl_JIM8777,S. salivarius,SALIVA_RS09780,0.25,0.27642126437651754,0.33245614035087717
Ssl_JIM8777,S. salivarius,SALIVA_RS09790,0.31678486997635935,0.2929371762547901,0.42001576044129235
Ssl_JIM8777,S. salivarius,SALIVA_RS09805,0.30714285714285716,0.4421103187889556,0.40714285714285714
Ssl_JIM8777,S. salivarius,SALIVA_RS09810,0.30392156862745096,0.6928301618975806,0.38562091503267976
Ssl_JIM8777,S. salivarius,SALIVA_RS09815,0.3005464480874317,0.3878122998419857,0.36429872495446264
Ssl_JIM8777,S. salivarius,SALIVA_RS09820,0.32108843537414966,0.4337182164381336,0.4031746031746032
Ssl_JIM8777,S. salivarius,SALIVA_RS09825,0.3592814371257485,0.26740614208558655,0.43313373253493015
Ssl_JIM8777,S. salivarius,SALIVA_RS09830,0.3613861386138614,0.37992858296810617,0.4158415841584158
Ssl_JIM8777,S. salivarius,SALIVA_RS09835,0.3360655737704918,0.27574538821264416,0.37841530054644806
Ssl_JIM8777,S. salivarius,SALIVA_RS09840,0.34394904458598724,0.33056450964333634,0.3842887473460722
Ssl_JIM8777,S. salivarius,SALIVA_RS09845,0.2928082191780822,0.5365082297756107,0.4075342465753425
Ssl_JIM8777,S. salivarius,SALIVA_RS09850,0.3333333333333333,0.3958435833294792,0.3877068557919622
Ssl_JIM8777,S. salivarius,SALIVA_RS09855,0.297423887587822,0.42091697257817146,0.4012490241998439
Ssl_JIM8777,S. salivarius,SALIVA_RS09860,0.30616740088105726,0.35419074534972594,0.40381791483113066
Ssl_JIM8777,S. salivarius,SALIVA_RS09865,0.2641509433962264,0.5791007337653046,0.37735849056603776
Ssl_JIM8777,S. salivarius,SALIVA_RS09880,0.18571428571428572,0.31158258154105567,0.29285714285714287
Ssl_JIM8777,S. salivarius,SALIVA_RS09885,0.23357664233576642,0.31053368299276723,0.30413625304136255
Ssl_JIM8777,S. salivarius,SALIVA_RS09890,0.2153846153846154,0.28084654342078696,0.27521367521367524
Ssl_JIM8777,S. salivarius,SALIVA_RS09895,0.21755725190839695,0.24355412309738825,0.25127226463104324
Ssl_JIM8777,S. salivarius,SALIVA_RS09900,0.3333333333333333,0.3989828296480611,0.37777777777777777
Ssl_JIM8777,S. salivarius,SALIVA_RS09905,0.27298050139275765,0.31314868727315953,0.34818941504178275
Ssl_JIM8777,S. salivarius,SALIVA_RS09910,0.28780487804878047,0.27794491494503676,0.2959349593495935
Ssl_JIM8777,S. salivarius,SALIVA_RS09915,0.27918781725888325,0.4222985945324373,0.3316412859560068
Ssl_JIM8777,S. salivarius,SALIVA_RS09925,0.25118483412322273,0.3310654447803243,0.3451816745655608
Ssl_JIM8777,S. salivarius,SALIVA_RS09930,0.2290836653386454,0.3046355500942786,0.30677290836653387
Ssl_JIM8777,S. salivarius,SALIVA_RS10775,0.2512315270935961,0.3519962048316706,0.3760262725779967
Ssl_JIM8777,S. salivarius,SALIVA_RS09955,0.2543352601156069,0.2837333473587851,0.3352601156069364
Ssl_JIM8777,S. salivarius,SALIVA_RS09960,0.3380281690140845,0.300167427382665,0.36807511737089205
Ssl_JIM8777,S. salivarius,SALIVA_RS09965,0.3665768194070081,0.32200324074505116,0.3921832884097035
Ssl_JIM8777,S. salivarius,SALIVA_RS09970,0.3693972179289026,0.278031697251573,0.37248840803709427
Ssl_JIM8777,S. salivarius,SALIVA_RS09975,0.3285024154589372,0.2768258964959965,0.3494363929146538
Ssl_JIM8777,S. salivarius,SALIVA_RS10785,0.267515923566879,0.3562476630560504,0.29936305732484075
Ssl_JIM8777,S. salivarius,SALIVA_RS09985,0.32335329341317365,0.25066252861646365,0.34930139720558884
Ssl_JIM8777,S. salivarius,SALIVA_RS09990,0.3103448275862069,0.290801525007613,0.35960591133004927
Ssl_JIM8777,S. salivarius,SALIVA_RS09995,0.28440366972477066,0.259291892650039,0.345565749235474
Ssl_JIM8777,S. salivarius,SALIVA_RS10000,0.28205128205128205,0.27917333667333166,0.3641025641025641
Ssl_JIM8777,S. salivarius,SALIVA_RS10005,0.2730496453900709,0.35254846016706654,0.32978723404255317
Ssl_JIM8777,S. salivarius,SALIVA_RS10010,0.25569620253164554,0.35885632171700205,0.3928270042194093
Ssl_JIM8777,S. salivarius,SALIVA_RS10015,0.2833333333333333,0.33756978063099574,0.3611111111111111
Ssl_JIM8777,S. salivarius,SALIVA_RS10020,0.2727272727272727,0.347556385191707,0.3278236914600551
Ssl_JIM8777,S. salivarius,SALIVA_RS10030,0.2647058823529412,0.8408768144556428,0.4215686274509804
Ssl_JIM8777,S. salivarius,SALIVA_RS10035,0.2376237623762376,0.4429514056917378,0.33663366336633666
Ssl_JIM8777,S. salivarius,SALIVA_RS10040,0.33480176211453744,0.3131370017048265,0.4185022026431718
Ssl_JIM8777,S. salivarius,SALIVA_RS10045,0.24183006535947713,0.5328042045707561,0.35947712418300654
Ssl_JIM8777,S. salivarius,SALIVA_RS10050,0.31603053435114503,0.33274138416831817,0.38982188295165393
Ssl_JIM8777,S. salivarius,SALIVA_RS10055,0.305993690851735,0.3685307848152836,0.40799158780231337
Ssl_JIM8777,S. salivarius,SALIVA_RS10060,0.25853658536585367,0.2833490286539388,0.34796747967479674
Ssl_JIM8777,S. salivarius,SALIVA_RS10065,0.27807486631016043,0.48561395959230663,0.39750445632798576
Ssl_JIM8777,S. salivarius,SALIVA_RS10070,0.32105263157894737,0.23882696820179528,0.36023391812865496
Ssl_JIM8777,S. salivarius,SALIVA_RS10075,0.22746781115879827,0.44095819197224606,0.41630901287553645
Ssl_JIM8777,S. salivarius,SALIVA_RS10080,0.20103092783505155,0.5098494059134532,0.38316151202749144
Ssl_JIM8777,S. salivarius,SALIVA_RS10085,0.22641509433962265,0.27082993930122073,0.33081761006289306
Ssl_JIM8777,S. salivarius,SALIVA_RS10090,0.298932384341637,0.2880858581587334,0.40094899169632264
Ssl_JIM8777,S. salivarius,SALIVA_RS10095,0.26353790613718414,0.33739606543791617,0.381468110709988
Ssl_JIM8777,S. salivarius,SALIVA_RS10100,0.30386740331491713,0.34697382843695124,0.36279926335174956
Ssl_JIM8777,S. salivarius,SALIVA_RS10105,0.27972027972027974,0.3044924553760591,0.36013986013986016
Ssl_JIM8777,S. salivarius,SALIVA_RS10110,0.3075117370892019,0.3128834335034586,0.3427230046948357
Ssl_JIM8777,S. salivarius,SALIVA_RS10115,0.27817745803357313,0.3134665896809135,0.35411670663469225
Ssl_JIM8777,S. salivarius,SALIVA_RS10120,0.1984126984126984,0.3841176299556473,0.3386243386243386
Ssl_JIM8777,S. salivarius,SALIVA_RS10125,0.329700272479564,0.28335602779162206,0.37057220708446864
Ssl_JIM8777,S. salivarius,SALIVA_RS10130,0.23684210526315788,0.5674123210863242,0.40958164642375167
Ssl_JIM8777,S. salivarius,SALIVA_RS10135,0.2903225806451613,0.4358256795252489,0.39589442815249265
Ssl_JIM8777,S. salivarius,SALIVA_RS10140,0.29553264604810997,0.30436065005212287,0.3848797250859107
Ssl_JIM8777,S. salivarius,SALIVA_RS10145,0.3290203327171904,0.49465305156408146,0.40234134319162046
Ssl_JIM8777,S. salivarius,SALIVA_RS10150,0.33410404624277457,0.2696382124568934,0.36184971098265895
Ssl_JIM8777,S. salivarius,SALIVA_RS10170,0.32456140350877194,0.2972031676320119,0.3684210526315789
Ssl_JIM8777,S. salivarius,SALIVA_RS10175,0.3375,0.29359282519641816,0.3875
Ssl_JIM8777,S. salivarius,SALIVA_RS10180,0.279126213592233,0.47500829609285117,0.3940129449838188
Ssl_JIM8777,S. salivarius,SALIVA_RS10185,0.265625,0.2909190955878544,0.375
